[modal] $ /usr/local/bin/python /workspace/track_b/modal_run/train_guides/train_tactics.py --trainval-csv /workspace/store/data/prefix_splits/trainval_tactics.csv --test-csv /workspace/store/data/prefix_splits/test_tactics.csv --out-dir /workspace/store/models/bert_tactics_prefix_finetuned
/usr/local/lib/python3.11/site-packages/transformers/utils/hub.py:124: FutureWarning: Using `TRANSFORMERS_CACHE` is deprecated and will be removed in v5 of Transformers. Use `HF_HOME` instead.
  warnings.warn(
[tac] trainval size 80632 labels=10 pos_per_label=[8064.0, 8224.0, 7920.0, 7960.0, 7936.0, 7796.0, 8476.0, 8236.0, 7892.0, 8088.0]
[tac] internal split train=68537 val=12095
Some weights of BertForSequenceClassification were not initialized from the model checkpoint at bert-base-uncased and are newly initialized: ['classifier.bias', 'classifier.weight']
You should probably TRAIN this model on a down-stream task to be able to use it for predictions and inference.
/usr/local/lib/python3.11/site-packages/transformers/training_args.py:1474: FutureWarning: `evaluation_strategy` is deprecated and will be removed in version 4.46 of 🤗 Transformers. Use `eval_strategy` instead
  warnings.warn(
[RANK 0] Detected kernel version 4.19.0, which is below the recommended minimum of 5.5.0; this can cause the process to hang. It is recommended to upgrade the kernel to the minimum version or higher.

  0%|          | 0/3213 [00:00<?, ?it/s]
  0%|          | 1/3213 [00:03<2:55:03,  3.27s/it]
  0%|          | 2/3213 [00:03<1:18:56,  1.48s/it]
  0%|          | 3/3213 [00:03<47:26,  1.13it/s]  
  0%|          | 4/3213 [00:03<31:55,  1.68it/s]
  0%|          | 5/3213 [00:04<24:09,  2.21it/s]
  0%|          | 6/3213 [00:04<18:22,  2.91it/s]
  0%|          | 7/3213 [00:04<15:47,  3.38it/s]
  0%|          | 8/3213 [00:04<14:36,  3.66it/s]
  0%|          | 9/3213 [00:04<12:23,  4.31it/s]
  0%|          | 10/3213 [00:04<11:59,  4.45it/s]
  0%|          | 11/3213 [00:05<11:45,  4.54it/s]
  0%|          | 12/3213 [00:05<11:04,  4.81it/s]
  0%|          | 13/3213 [00:05<10:38,  5.01it/s]
  0%|          | 14/3213 [00:05<10:46,  4.95it/s]
  0%|          | 15/3213 [00:05<10:41,  4.99it/s]
  0%|          | 16/3213 [00:06<11:09,  4.78it/s]
  1%|          | 17/3213 [00:06<10:56,  4.87it/s]
  1%|          | 18/3213 [00:06<09:55,  5.37it/s]
  1%|          | 19/3213 [00:06<09:59,  5.33it/s]
  1%|          | 20/3213 [00:06<09:53,  5.38it/s]
  1%|          | 21/3213 [00:07<09:48,  5.43it/s]
  1%|          | 22/3213 [00:07<11:46,  4.51it/s]
  1%|          | 23/3213 [00:07<11:25,  4.65it/s]
  1%|          | 24/3213 [00:07<10:32,  5.04it/s]
  1%|          | 25/3213 [00:07<10:06,  5.25it/s]
  1%|          | 26/3213 [00:08<09:51,  5.39it/s]
  1%|          | 27/3213 [00:08<09:04,  5.85it/s]
  1%|          | 28/3213 [00:08<09:55,  5.35it/s]
  1%|          | 29/3213 [00:08<09:55,  5.35it/s]
  1%|          | 30/3213 [00:08<09:34,  5.54it/s]
  1%|          | 31/3213 [00:08<09:28,  5.59it/s]
  1%|          | 32/3213 [00:09<09:30,  5.57it/s]
  1%|          | 33/3213 [00:09<09:47,  5.41it/s]
  1%|          | 34/3213 [00:09<09:05,  5.83it/s]
  1%|          | 35/3213 [00:09<09:02,  5.86it/s]
  1%|          | 36/3213 [00:09<09:34,  5.53it/s]
  1%|          | 37/3213 [00:10<11:05,  4.77it/s]
  1%|          | 38/3213 [00:10<10:22,  5.10it/s]
  1%|          | 39/3213 [00:10<09:47,  5.40it/s]
  1%|          | 40/3213 [00:10<09:45,  5.42it/s]
  1%|▏         | 41/3213 [00:10<09:33,  5.53it/s]
  1%|▏         | 42/3213 [00:10<09:12,  5.74it/s]
  1%|▏         | 43/3213 [00:11<08:52,  5.95it/s]
  1%|▏         | 44/3213 [00:11<09:03,  5.83it/s]
  1%|▏         | 45/3213 [00:11<08:36,  6.14it/s]
  1%|▏         | 46/3213 [00:11<10:09,  5.20it/s]
  1%|▏         | 47/3213 [00:11<09:44,  5.42it/s]
  1%|▏         | 48/3213 [00:11<09:08,  5.77it/s]
  2%|▏         | 49/3213 [00:12<08:52,  5.94it/s]
  2%|▏         | 50/3213 [00:12<09:27,  5.57it/s]
                                                 
{'loss': 0.4723, 'grad_norm': 0.36816883087158203, 'learning_rate': 1.968876439464675e-05, 'epoch': 0.05}

  2%|▏         | 50/3213 [00:12<09:27,  5.57it/s]
  2%|▏         | 51/3213 [00:12<09:58,  5.28it/s]
  2%|▏         | 52/3213 [00:12<09:46,  5.39it/s]
  2%|▏         | 53/3213 [00:12<10:02,  5.24it/s]
  2%|▏         | 54/3213 [00:13<11:26,  4.60it/s]
  2%|▏         | 55/3213 [00:13<11:09,  4.71it/s]
  2%|▏         | 56/3213 [00:13<10:31,  5.00it/s]
  2%|▏         | 57/3213 [00:13<11:03,  4.76it/s]
  2%|▏         | 58/3213 [00:14<11:05,  4.74it/s]
  2%|▏         | 59/3213 [00:14<10:27,  5.03it/s]
  2%|▏         | 60/3213 [00:14<10:23,  5.06it/s]
  2%|▏         | 61/3213 [00:14<10:25,  5.04it/s]
  2%|▏         | 62/3213 [00:14<10:23,  5.05it/s]
  2%|▏         | 63/3213 [00:15<11:03,  4.75it/s]
  2%|▏         | 64/3213 [00:15<21:00,  2.50it/s]
  2%|▏         | 65/3213 [00:16<19:30,  2.69it/s]
  2%|▏         | 66/3213 [00:16<17:52,  2.93it/s]
  2%|▏         | 67/3213 [00:16<16:33,  3.17it/s]
  2%|▏         | 68/3213 [00:16<15:44,  3.33it/s]
  2%|▏         | 69/3213 [00:17<15:19,  3.42it/s]
  2%|▏         | 70/3213 [00:17<14:01,  3.74it/s]
  2%|▏         | 71/3213 [00:17<14:04,  3.72it/s]
  2%|▏         | 72/3213 [00:17<12:27,  4.20it/s]
  2%|▏         | 73/3213 [00:18<10:56,  4.78it/s]
  2%|▏         | 74/3213 [00:18<10:03,  5.20it/s]
  2%|▏         | 75/3213 [00:18<10:00,  5.23it/s]
  2%|▏         | 76/3213 [00:18<08:58,  5.83it/s]
  2%|▏         | 77/3213 [00:18<09:42,  5.39it/s]
  2%|▏         | 78/3213 [00:18<10:16,  5.08it/s]
  2%|▏         | 79/3213 [00:19<10:28,  4.99it/s]
  2%|▏         | 80/3213 [00:19<09:57,  5.25it/s]
  3%|▎         | 81/3213 [00:19<09:23,  5.55it/s]
  3%|▎         | 82/3213 [00:19<10:59,  4.75it/s]
  3%|▎         | 83/3213 [00:19<10:02,  5.19it/s]
  3%|▎         | 84/3213 [00:20<09:12,  5.66it/s]
  3%|▎         | 85/3213 [00:20<09:21,  5.57it/s]
  3%|▎         | 86/3213 [00:20<09:14,  5.64it/s]
  3%|▎         | 87/3213 [00:20<09:42,  5.37it/s]
  3%|▎         | 88/3213 [00:20<10:16,  5.07it/s]
  3%|▎         | 89/3213 [00:21<10:15,  5.08it/s]
  3%|▎         | 90/3213 [00:21<09:33,  5.45it/s]
  3%|▎         | 91/3213 [00:21<09:52,  5.27it/s]
  3%|▎         | 92/3213 [00:21<09:50,  5.28it/s]
  3%|▎         | 93/3213 [00:21<08:55,  5.83it/s]
  3%|▎         | 94/3213 [00:21<08:25,  6.17it/s]
  3%|▎         | 95/3213 [00:21<08:09,  6.36it/s]
  3%|▎         | 96/3213 [00:22<08:15,  6.29it/s]
  3%|▎         | 97/3213 [00:22<08:23,  6.19it/s]
  3%|▎         | 98/3213 [00:22<08:55,  5.81it/s]
  3%|▎         | 99/3213 [00:22<09:18,  5.58it/s]
  3%|▎         | 100/3213 [00:22<09:03,  5.73it/s]
                                                  
{'loss': 0.3135, 'grad_norm': 0.4242052733898163, 'learning_rate': 1.9377528789293495e-05, 'epoch': 0.09}

  3%|▎         | 100/3213 [00:22<09:03,  5.73it/s]
  3%|▎         | 101/3213 [00:23<09:22,  5.53it/s]
  3%|▎         | 102/3213 [00:23<09:24,  5.51it/s]
  3%|▎         | 103/3213 [00:23<09:04,  5.71it/s]
  3%|▎         | 104/3213 [00:23<08:49,  5.87it/s]
  3%|▎         | 105/3213 [00:23<08:14,  6.29it/s]
  3%|▎         | 106/3213 [00:23<07:51,  6.59it/s]
  3%|▎         | 107/3213 [00:24<08:37,  6.01it/s]
  3%|▎         | 108/3213 [00:24<08:46,  5.89it/s]
  3%|▎         | 109/3213 [00:24<08:58,  5.76it/s]
  3%|▎         | 110/3213 [00:24<09:41,  5.33it/s]
  3%|▎         | 111/3213 [00:24<09:33,  5.41it/s]
  3%|▎         | 112/3213 [00:24<08:59,  5.74it/s]
  4%|▎         | 113/3213 [00:25<09:22,  5.51it/s]
  4%|▎         | 114/3213 [00:25<09:36,  5.37it/s]
  4%|▎         | 115/3213 [00:25<09:29,  5.44it/s]
  4%|▎         | 116/3213 [00:25<09:20,  5.53it/s]
  4%|▎         | 117/3213 [00:25<09:06,  5.66it/s]
  4%|▎         | 118/3213 [00:26<08:36,  6.00it/s]
  4%|▎         | 119/3213 [00:26<08:12,  6.29it/s]
  4%|▎         | 120/3213 [00:26<08:16,  6.22it/s]
  4%|▍         | 121/3213 [00:26<08:36,  5.99it/s]
  4%|▍         | 122/3213 [00:26<08:28,  6.08it/s]
  4%|▍         | 123/3213 [00:26<08:46,  5.87it/s]
  4%|▍         | 124/3213 [00:27<08:58,  5.73it/s]
  4%|▍         | 125/3213 [00:27<08:47,  5.86it/s]
  4%|▍         | 126/3213 [00:27<09:03,  5.68it/s]
  4%|▍         | 127/3213 [00:27<09:31,  5.40it/s]
  4%|▍         | 128/3213 [00:27<10:16,  5.01it/s]
  4%|▍         | 129/3213 [00:27<09:53,  5.20it/s]
  4%|▍         | 130/3213 [00:28<09:21,  5.49it/s]
  4%|▍         | 131/3213 [00:28<09:02,  5.68it/s]
  4%|▍         | 132/3213 [00:28<08:29,  6.05it/s]
  4%|▍         | 133/3213 [00:28<08:18,  6.18it/s]
  4%|▍         | 134/3213 [00:28<09:25,  5.45it/s]
  4%|▍         | 135/3213 [00:29<10:14,  5.01it/s]
  4%|▍         | 136/3213 [00:29<10:15,  5.00it/s]
  4%|▍         | 137/3213 [00:29<09:59,  5.13it/s]
  4%|▍         | 138/3213 [00:29<10:23,  4.93it/s]
  4%|▍         | 139/3213 [00:29<10:38,  4.82it/s]
  4%|▍         | 140/3213 [00:30<10:26,  4.91it/s]
  4%|▍         | 141/3213 [00:30<09:58,  5.14it/s]
  4%|▍         | 142/3213 [00:30<09:09,  5.58it/s]
  4%|▍         | 143/3213 [00:30<08:40,  5.90it/s]
  4%|▍         | 144/3213 [00:30<08:58,  5.70it/s]
  5%|▍         | 145/3213 [00:30<08:49,  5.79it/s]
  5%|▍         | 146/3213 [00:31<09:24,  5.43it/s]
  5%|▍         | 147/3213 [00:31<09:56,  5.14it/s]
  5%|▍         | 148/3213 [00:31<09:28,  5.39it/s]
  5%|▍         | 149/3213 [00:31<09:54,  5.15it/s]
  5%|▍         | 150/3213 [00:31<09:24,  5.42it/s]
                                                  
{'loss': 0.2884, 'grad_norm': 0.31837818026542664, 'learning_rate': 1.9066293183940247e-05, 'epoch': 0.14}

  5%|▍         | 150/3213 [00:31<09:24,  5.42it/s]
  5%|▍         | 151/3213 [00:32<08:25,  6.06it/s]
  5%|▍         | 152/3213 [00:32<08:12,  6.21it/s]
  5%|▍         | 153/3213 [00:32<08:27,  6.03it/s]
  5%|▍         | 154/3213 [00:32<08:31,  5.98it/s]
  5%|▍         | 155/3213 [00:32<09:01,  5.64it/s]
  5%|▍         | 156/3213 [00:32<08:50,  5.77it/s]
  5%|▍         | 157/3213 [00:33<08:39,  5.89it/s]
  5%|▍         | 158/3213 [00:33<08:28,  6.01it/s]
  5%|▍         | 159/3213 [00:33<08:04,  6.30it/s]
  5%|▍         | 160/3213 [00:33<07:52,  6.47it/s]
  5%|▌         | 161/3213 [00:33<07:57,  6.39it/s]
  5%|▌         | 162/3213 [00:33<08:25,  6.04it/s]
  5%|▌         | 163/3213 [00:33<08:15,  6.16it/s]
  5%|▌         | 164/3213 [00:34<08:13,  6.18it/s]
  5%|▌         | 165/3213 [00:34<08:34,  5.92it/s]
  5%|▌         | 166/3213 [00:34<08:04,  6.29it/s]
  5%|▌         | 167/3213 [00:34<08:26,  6.01it/s]
  5%|▌         | 168/3213 [00:34<08:07,  6.25it/s]
  5%|▌         | 169/3213 [00:34<07:26,  6.82it/s]
  5%|▌         | 170/3213 [00:35<07:08,  7.11it/s]
  5%|▌         | 171/3213 [00:35<07:26,  6.81it/s]
  5%|▌         | 172/3213 [00:35<07:32,  6.72it/s]
  5%|▌         | 173/3213 [00:35<07:29,  6.76it/s]
  5%|▌         | 174/3213 [00:35<08:07,  6.23it/s]
  5%|▌         | 175/3213 [00:35<07:55,  6.38it/s]
  5%|▌         | 176/3213 [00:36<08:26,  5.99it/s]
  6%|▌         | 177/3213 [00:36<07:46,  6.51it/s]
  6%|▌         | 178/3213 [00:36<07:51,  6.43it/s]
  6%|▌         | 179/3213 [00:36<08:28,  5.96it/s]
  6%|▌         | 180/3213 [00:36<07:44,  6.53it/s]
  6%|▌         | 181/3213 [00:36<07:16,  6.94it/s]
  6%|▌         | 182/3213 [00:36<06:58,  7.23it/s]
  6%|▌         | 183/3213 [00:36<06:49,  7.39it/s]
  6%|▌         | 184/3213 [00:37<06:55,  7.30it/s]
  6%|▌         | 185/3213 [00:37<06:50,  7.38it/s]
  6%|▌         | 186/3213 [00:37<07:14,  6.97it/s]
  6%|▌         | 187/3213 [00:37<07:35,  6.64it/s]
  6%|▌         | 188/3213 [00:37<07:22,  6.83it/s]
  6%|▌         | 189/3213 [00:37<07:41,  6.55it/s]
  6%|▌         | 190/3213 [00:38<07:59,  6.30it/s]
  6%|▌         | 191/3213 [00:38<07:38,  6.59it/s]
  6%|▌         | 192/3213 [00:38<07:43,  6.51it/s]
  6%|▌         | 193/3213 [00:38<08:20,  6.03it/s]
  6%|▌         | 194/3213 [00:38<07:34,  6.64it/s]
  6%|▌         | 195/3213 [00:38<07:07,  7.05it/s]
  6%|▌         | 196/3213 [00:38<06:53,  7.29it/s]
  6%|▌         | 197/3213 [00:39<06:59,  7.19it/s]
  6%|▌         | 198/3213 [00:39<06:47,  7.39it/s]
  6%|▌         | 199/3213 [00:39<06:32,  7.69it/s]
  6%|▌         | 200/3213 [00:39<06:46,  7.41it/s]
                                                  
{'loss': 0.2611, 'grad_norm': 0.37311744689941406, 'learning_rate': 1.875505757858699e-05, 'epoch': 0.19}

  6%|▌         | 200/3213 [00:39<06:46,  7.41it/s]
  6%|▋         | 201/3213 [00:39<06:30,  7.71it/s]
  6%|▋         | 202/3213 [00:39<07:06,  7.06it/s]
  6%|▋         | 203/3213 [00:39<06:52,  7.30it/s]
  6%|▋         | 204/3213 [00:40<06:49,  7.35it/s]
  6%|▋         | 205/3213 [00:40<07:23,  6.78it/s]
  6%|▋         | 206/3213 [00:40<07:22,  6.80it/s]
  6%|▋         | 207/3213 [00:40<06:58,  7.18it/s]
  6%|▋         | 208/3213 [00:40<06:45,  7.42it/s]
  7%|▋         | 209/3213 [00:40<06:33,  7.63it/s]
  7%|▋         | 210/3213 [00:40<06:24,  7.81it/s]
  7%|▋         | 211/3213 [00:40<06:34,  7.60it/s]
  7%|▋         | 212/3213 [00:41<06:52,  7.27it/s]
  7%|▋         | 213/3213 [00:41<06:58,  7.17it/s]
  7%|▋         | 214/3213 [00:41<07:20,  6.80it/s]
  7%|▋         | 215/3213 [00:41<07:06,  7.02it/s]
  7%|▋         | 216/3213 [00:41<07:41,  6.50it/s]
  7%|▋         | 217/3213 [00:41<07:20,  6.79it/s]
  7%|▋         | 218/3213 [00:42<07:17,  6.84it/s]
  7%|▋         | 219/3213 [00:42<07:22,  6.76it/s]
  7%|▋         | 220/3213 [00:42<07:16,  6.86it/s]
  7%|▋         | 221/3213 [00:42<06:47,  7.35it/s]
  7%|▋         | 222/3213 [00:42<06:33,  7.59it/s]
  7%|▋         | 223/3213 [00:42<06:23,  7.79it/s]
  7%|▋         | 224/3213 [00:42<06:17,  7.91it/s]
  7%|▋         | 225/3213 [00:42<06:14,  7.98it/s]
  7%|▋         | 226/3213 [00:43<06:49,  7.30it/s]
  7%|▋         | 227/3213 [00:43<06:43,  7.41it/s]
  7%|▋         | 228/3213 [00:43<06:29,  7.66it/s]
  7%|▋         | 229/3213 [00:43<06:43,  7.40it/s]
  7%|▋         | 230/3213 [00:43<08:14,  6.04it/s]
  7%|▋         | 231/3213 [00:43<08:15,  6.02it/s]
  7%|▋         | 232/3213 [00:44<07:54,  6.29it/s]
  7%|▋         | 233/3213 [00:44<07:45,  6.40it/s]
  7%|▋         | 234/3213 [00:44<08:05,  6.14it/s]
  7%|▋         | 235/3213 [00:44<07:48,  6.36it/s]
  7%|▋         | 236/3213 [00:44<07:40,  6.46it/s]
  7%|▋         | 237/3213 [00:44<07:07,  6.97it/s]
  7%|▋         | 238/3213 [00:44<06:52,  7.21it/s]
  7%|▋         | 239/3213 [00:45<07:04,  7.00it/s]
  7%|▋         | 240/3213 [00:45<07:09,  6.93it/s]
  8%|▊         | 241/3213 [00:45<07:10,  6.91it/s]
  8%|▊         | 242/3213 [00:45<06:59,  7.09it/s]
  8%|▊         | 243/3213 [00:45<07:28,  6.62it/s]
  8%|▊         | 244/3213 [00:45<07:47,  6.35it/s]
  8%|▊         | 245/3213 [00:45<08:10,  6.05it/s]
  8%|▊         | 246/3213 [00:46<07:33,  6.54it/s]
  8%|▊         | 247/3213 [00:46<07:17,  6.79it/s]
  8%|▊         | 248/3213 [00:46<07:28,  6.62it/s]
  8%|▊         | 249/3213 [00:46<07:12,  6.86it/s]
  8%|▊         | 250/3213 [00:46<06:53,  7.16it/s]
                                                  
{'loss': 0.2482, 'grad_norm': 0.40578174591064453, 'learning_rate': 1.844382197323374e-05, 'epoch': 0.23}

  8%|▊         | 250/3213 [00:46<06:53,  7.16it/s]
  8%|▊         | 251/3213 [00:46<06:38,  7.44it/s]
  8%|▊         | 252/3213 [00:46<06:31,  7.57it/s]
  8%|▊         | 253/3213 [00:47<06:39,  7.41it/s]
  8%|▊         | 254/3213 [00:47<06:39,  7.40it/s]
  8%|▊         | 255/3213 [00:47<07:01,  7.02it/s]
  8%|▊         | 256/3213 [00:47<07:09,  6.88it/s]
  8%|▊         | 257/3213 [00:47<07:00,  7.03it/s]
  8%|▊         | 258/3213 [00:47<06:58,  7.07it/s]
  8%|▊         | 259/3213 [00:47<08:06,  6.07it/s]
  8%|▊         | 260/3213 [00:48<07:43,  6.37it/s]
  8%|▊         | 261/3213 [00:48<07:37,  6.45it/s]
  8%|▊         | 262/3213 [00:48<07:14,  6.79it/s]
  8%|▊         | 263/3213 [00:48<07:05,  6.93it/s]
  8%|▊         | 264/3213 [00:48<07:44,  6.35it/s]
  8%|▊         | 265/3213 [00:48<07:20,  6.70it/s]
  8%|▊         | 266/3213 [00:48<07:02,  6.97it/s]
  8%|▊         | 267/3213 [00:49<07:13,  6.80it/s]
  8%|▊         | 268/3213 [00:49<06:58,  7.03it/s]
  8%|▊         | 269/3213 [00:49<06:50,  7.16it/s]
  8%|▊         | 270/3213 [00:49<06:57,  7.05it/s]
  8%|▊         | 271/3213 [00:49<06:58,  7.03it/s]
  8%|▊         | 272/3213 [00:49<07:13,  6.78it/s]
  8%|▊         | 273/3213 [00:50<07:26,  6.58it/s]
  9%|▊         | 274/3213 [00:50<07:12,  6.79it/s]
  9%|▊         | 275/3213 [00:50<07:25,  6.60it/s]
  9%|▊         | 276/3213 [00:50<06:52,  7.12it/s]
  9%|▊         | 277/3213 [00:50<06:41,  7.32it/s]
  9%|▊         | 278/3213 [00:50<06:29,  7.53it/s]
  9%|▊         | 279/3213 [00:50<06:37,  7.38it/s]
  9%|▊         | 280/3213 [00:50<06:29,  7.53it/s]
  9%|▊         | 281/3213 [00:51<06:41,  7.31it/s]
  9%|▉         | 282/3213 [00:51<06:25,  7.60it/s]
  9%|▉         | 283/3213 [00:51<06:43,  7.27it/s]
  9%|▉         | 284/3213 [00:51<06:59,  6.98it/s]
  9%|▉         | 285/3213 [00:51<06:37,  7.36it/s]
  9%|▉         | 286/3213 [00:51<07:02,  6.92it/s]
  9%|▉         | 287/3213 [00:51<06:56,  7.03it/s]
  9%|▉         | 288/3213 [00:52<07:20,  6.63it/s]
  9%|▉         | 289/3213 [00:52<07:20,  6.64it/s]
  9%|▉         | 290/3213 [00:52<07:16,  6.69it/s]
  9%|▉         | 291/3213 [00:52<07:03,  6.90it/s]
  9%|▉         | 292/3213 [00:52<06:44,  7.23it/s]
  9%|▉         | 293/3213 [00:52<06:28,  7.51it/s]
  9%|▉         | 294/3213 [00:52<06:42,  7.25it/s]
  9%|▉         | 295/3213 [00:53<06:41,  7.27it/s]
  9%|▉         | 296/3213 [00:53<06:56,  7.00it/s]
  9%|▉         | 297/3213 [00:53<07:00,  6.93it/s]
  9%|▉         | 298/3213 [00:53<06:56,  6.99it/s]
  9%|▉         | 299/3213 [00:53<08:05,  6.01it/s]
  9%|▉         | 300/3213 [00:53<07:41,  6.31it/s]
                                                  
{'loss': 0.236, 'grad_norm': 0.46816286444664, 'learning_rate': 1.8132586367880488e-05, 'epoch': 0.28}

  9%|▉         | 300/3213 [00:53<07:41,  6.31it/s]
  9%|▉         | 301/3213 [00:54<08:44,  5.55it/s]
  9%|▉         | 302/3213 [00:54<08:19,  5.83it/s]
  9%|▉         | 303/3213 [00:54<08:14,  5.89it/s]
  9%|▉         | 304/3213 [00:54<07:36,  6.38it/s]
  9%|▉         | 305/3213 [00:54<07:50,  6.18it/s]
 10%|▉         | 306/3213 [00:54<07:06,  6.81it/s]
 10%|▉         | 307/3213 [00:54<06:55,  6.99it/s]
 10%|▉         | 308/3213 [00:55<06:48,  7.11it/s]
 10%|▉         | 309/3213 [00:55<06:58,  6.93it/s]
 10%|▉         | 310/3213 [00:55<07:00,  6.91it/s]
 10%|▉         | 311/3213 [00:55<07:08,  6.77it/s]
 10%|▉         | 312/3213 [00:55<06:56,  6.97it/s]
 10%|▉         | 313/3213 [00:55<07:21,  6.56it/s]
 10%|▉         | 314/3213 [00:56<07:36,  6.35it/s]
 10%|▉         | 315/3213 [00:56<07:32,  6.40it/s]
 10%|▉         | 316/3213 [00:56<07:04,  6.83it/s]
 10%|▉         | 317/3213 [00:56<07:26,  6.49it/s]
 10%|▉         | 318/3213 [00:56<07:32,  6.39it/s]
 10%|▉         | 319/3213 [00:56<07:14,  6.65it/s]
 10%|▉         | 320/3213 [00:56<06:53,  7.00it/s]
 10%|▉         | 321/3213 [00:57<06:38,  7.26it/s]
 10%|█         | 322/3213 [00:57<06:39,  7.23it/s]
 10%|█         | 323/3213 [00:57<06:52,  7.00it/s]
 10%|█         | 324/3213 [00:57<06:40,  7.22it/s]
 10%|█         | 325/3213 [00:57<07:04,  6.80it/s]
 10%|█         | 326/3213 [00:57<07:18,  6.59it/s]
 10%|█         | 327/3213 [00:57<07:16,  6.61it/s]
 10%|█         | 328/3213 [00:58<07:00,  6.87it/s]
 10%|█         | 329/3213 [00:58<07:10,  6.70it/s]
 10%|█         | 330/3213 [00:58<07:15,  6.63it/s]
 10%|█         | 331/3213 [00:58<07:14,  6.64it/s]
 10%|█         | 332/3213 [00:58<07:16,  6.61it/s]
 10%|█         | 333/3213 [00:58<06:47,  7.07it/s]
 10%|█         | 334/3213 [00:58<06:46,  7.07it/s]
 10%|█         | 335/3213 [00:59<06:44,  7.12it/s]
 10%|█         | 336/3213 [00:59<06:58,  6.88it/s]
 10%|█         | 337/3213 [00:59<07:08,  6.71it/s]
 11%|█         | 338/3213 [00:59<07:44,  6.19it/s]
 11%|█         | 339/3213 [00:59<07:40,  6.25it/s]
 11%|█         | 340/3213 [00:59<07:47,  6.14it/s]
 11%|█         | 341/3213 [01:00<07:25,  6.44it/s]
 11%|█         | 342/3213 [01:00<07:29,  6.39it/s]
 11%|█         | 343/3213 [01:00<07:37,  6.27it/s]
 11%|█         | 344/3213 [01:00<07:00,  6.82it/s]
 11%|█         | 345/3213 [01:00<07:12,  6.62it/s]
 11%|█         | 346/3213 [01:00<07:49,  6.11it/s]
 11%|█         | 347/3213 [01:01<07:38,  6.25it/s]
 11%|█         | 348/3213 [01:01<07:42,  6.20it/s]
 11%|█         | 349/3213 [01:01<07:32,  6.32it/s]
 11%|█         | 350/3213 [01:01<07:20,  6.50it/s]
                                                  
{'loss': 0.2248, 'grad_norm': 0.31264734268188477, 'learning_rate': 1.7821350762527233e-05, 'epoch': 0.33}

 11%|█         | 350/3213 [01:01<07:20,  6.50it/s]
 11%|█         | 351/3213 [01:01<07:14,  6.58it/s]
 11%|█         | 352/3213 [01:01<07:17,  6.54it/s]
 11%|█         | 353/3213 [01:01<07:30,  6.35it/s]
 11%|█         | 354/3213 [01:02<07:00,  6.79it/s]
 11%|█         | 355/3213 [01:02<07:07,  6.69it/s]
 11%|█         | 356/3213 [01:02<06:50,  6.97it/s]
 11%|█         | 357/3213 [01:02<07:18,  6.52it/s]
 11%|█         | 358/3213 [01:02<06:53,  6.91it/s]
 11%|█         | 359/3213 [01:02<07:01,  6.77it/s]
 11%|█         | 360/3213 [01:02<07:05,  6.70it/s]
 11%|█         | 361/3213 [01:03<06:47,  7.00it/s]
 11%|█▏        | 362/3213 [01:03<06:44,  7.05it/s]
 11%|█▏        | 363/3213 [01:03<07:04,  6.72it/s]
 11%|█▏        | 364/3213 [01:03<07:02,  6.75it/s]
 11%|█▏        | 365/3213 [01:03<07:17,  6.51it/s]
 11%|█▏        | 366/3213 [01:03<07:31,  6.31it/s]
 11%|█▏        | 367/3213 [01:04<07:21,  6.44it/s]
 11%|█▏        | 368/3213 [01:04<07:24,  6.40it/s]
 11%|█▏        | 369/3213 [01:04<08:27,  5.61it/s]
 12%|█▏        | 370/3213 [01:04<07:34,  6.25it/s]
 12%|█▏        | 371/3213 [01:04<07:23,  6.41it/s]
 12%|█▏        | 372/3213 [01:04<07:43,  6.13it/s]
 12%|█▏        | 373/3213 [01:04<07:14,  6.54it/s]
 12%|█▏        | 374/3213 [01:05<06:53,  6.87it/s]
 12%|█▏        | 375/3213 [01:05<06:39,  7.10it/s]
 12%|█▏        | 376/3213 [01:05<06:58,  6.77it/s]
 12%|█▏        | 377/3213 [01:05<06:50,  6.91it/s]
 12%|█▏        | 378/3213 [01:05<06:55,  6.82it/s]
 12%|█▏        | 379/3213 [01:05<07:15,  6.50it/s]
 12%|█▏        | 380/3213 [01:06<07:12,  6.56it/s]
 12%|█▏        | 381/3213 [01:06<07:53,  5.98it/s]
 12%|█▏        | 382/3213 [01:06<07:45,  6.08it/s]
 12%|█▏        | 383/3213 [01:06<07:52,  5.98it/s]
 12%|█▏        | 384/3213 [01:06<08:28,  5.56it/s]
 12%|█▏        | 385/3213 [01:06<08:08,  5.79it/s]
 12%|█▏        | 386/3213 [01:07<08:18,  5.68it/s]
 12%|█▏        | 387/3213 [01:07<07:57,  5.91it/s]
 12%|█▏        | 388/3213 [01:07<07:38,  6.15it/s]
 12%|█▏        | 389/3213 [01:07<07:19,  6.42it/s]
 12%|█▏        | 390/3213 [01:07<07:12,  6.52it/s]
 12%|█▏        | 391/3213 [01:07<07:54,  5.95it/s]
 12%|█▏        | 392/3213 [01:08<08:23,  5.60it/s]
 12%|█▏        | 393/3213 [01:08<07:49,  6.01it/s]
 12%|█▏        | 394/3213 [01:08<07:39,  6.13it/s]
 12%|█▏        | 395/3213 [01:08<06:58,  6.73it/s]
 12%|█▏        | 396/3213 [01:08<07:22,  6.37it/s]
 12%|█▏        | 397/3213 [01:08<07:35,  6.19it/s]
 12%|█▏        | 398/3213 [01:08<06:49,  6.87it/s]
 12%|█▏        | 399/3213 [01:09<06:41,  7.00it/s]
 12%|█▏        | 400/3213 [01:09<06:26,  7.27it/s]
                                                  
{'loss': 0.2157, 'grad_norm': 0.3497946560382843, 'learning_rate': 1.751011515717398e-05, 'epoch': 0.37}

 12%|█▏        | 400/3213 [01:09<06:26,  7.27it/s]
 12%|█▏        | 401/3213 [01:09<06:30,  7.19it/s]
 13%|█▎        | 402/3213 [01:09<06:52,  6.82it/s]
 13%|█▎        | 403/3213 [01:09<06:49,  6.87it/s]
 13%|█▎        | 404/3213 [01:09<06:54,  6.77it/s]
 13%|█▎        | 405/3213 [01:09<07:13,  6.47it/s]
 13%|█▎        | 406/3213 [01:10<06:50,  6.84it/s]
 13%|█▎        | 407/3213 [01:10<06:51,  6.83it/s]
 13%|█▎        | 408/3213 [01:10<07:02,  6.64it/s]
 13%|█▎        | 409/3213 [01:10<06:45,  6.91it/s]
 13%|█▎        | 410/3213 [01:10<07:25,  6.30it/s]
 13%|█▎        | 411/3213 [01:10<07:10,  6.50it/s]
 13%|█▎        | 412/3213 [01:11<06:51,  6.81it/s]
 13%|█▎        | 413/3213 [01:11<06:56,  6.72it/s]
 13%|█▎        | 414/3213 [01:11<07:13,  6.45it/s]
 13%|█▎        | 415/3213 [01:11<06:55,  6.73it/s]
 13%|█▎        | 416/3213 [01:11<07:01,  6.63it/s]
 13%|█▎        | 417/3213 [01:11<07:01,  6.63it/s]
 13%|█▎        | 418/3213 [01:11<07:48,  5.97it/s]
 13%|█▎        | 419/3213 [01:12<07:22,  6.31it/s]
 13%|█▎        | 420/3213 [01:12<07:47,  5.97it/s]
 13%|█▎        | 421/3213 [01:12<07:37,  6.10it/s]
 13%|█▎        | 422/3213 [01:12<07:01,  6.63it/s]
 13%|█▎        | 423/3213 [01:12<06:41,  6.95it/s]
 13%|█▎        | 424/3213 [01:12<06:27,  7.20it/s]
 13%|█▎        | 425/3213 [01:12<06:44,  6.89it/s]
 13%|█▎        | 426/3213 [01:13<06:37,  7.01it/s]
 13%|█▎        | 427/3213 [01:13<06:54,  6.72it/s]
 13%|█▎        | 428/3213 [01:13<06:47,  6.83it/s]
 13%|█▎        | 429/3213 [01:13<06:57,  6.67it/s]
 13%|█▎        | 430/3213 [01:13<06:38,  6.97it/s]
 13%|█▎        | 431/3213 [01:13<06:55,  6.70it/s]
 13%|█▎        | 432/3213 [01:14<06:52,  6.74it/s]
 13%|█▎        | 433/3213 [01:14<07:27,  6.21it/s]
 14%|█▎        | 434/3213 [01:14<07:20,  6.31it/s]
 14%|█▎        | 435/3213 [01:14<07:00,  6.60it/s]
 14%|█▎        | 436/3213 [01:14<07:10,  6.46it/s]
 14%|█▎        | 437/3213 [01:14<07:47,  5.94it/s]
 14%|█▎        | 438/3213 [01:14<07:04,  6.53it/s]
 14%|█▎        | 439/3213 [01:15<07:45,  5.96it/s]
 14%|█▎        | 440/3213 [01:15<07:12,  6.41it/s]
 14%|█▎        | 441/3213 [01:15<07:06,  6.50it/s]
 14%|█▍        | 442/3213 [01:15<07:15,  6.36it/s]
 14%|█▍        | 443/3213 [01:15<07:21,  6.28it/s]
 14%|█▍        | 444/3213 [01:15<07:28,  6.17it/s]
 14%|█▍        | 445/3213 [01:16<07:20,  6.28it/s]
 14%|█▍        | 446/3213 [01:16<07:30,  6.14it/s]
 14%|█▍        | 447/3213 [01:16<07:28,  6.17it/s]
 14%|█▍        | 448/3213 [01:16<07:13,  6.38it/s]
 14%|█▍        | 449/3213 [01:16<07:06,  6.48it/s]
 14%|█▍        | 450/3213 [01:16<06:42,  6.86it/s]
                                                  
{'loss': 0.2244, 'grad_norm': 0.3007603883743286, 'learning_rate': 1.719887955182073e-05, 'epoch': 0.42}

 14%|█▍        | 450/3213 [01:16<06:42,  6.86it/s]
 14%|█▍        | 451/3213 [01:17<06:31,  7.06it/s]
 14%|█▍        | 452/3213 [01:17<06:31,  7.05it/s]
 14%|█▍        | 453/3213 [01:17<06:30,  7.07it/s]
 14%|█▍        | 454/3213 [01:17<06:34,  7.00it/s]
 14%|█▍        | 455/3213 [01:17<06:53,  6.66it/s]
 14%|█▍        | 456/3213 [01:17<07:10,  6.40it/s]
 14%|█▍        | 457/3213 [01:17<08:00,  5.73it/s]
 14%|█▍        | 458/3213 [01:18<08:12,  5.59it/s]
 14%|█▍        | 459/3213 [01:18<07:44,  5.93it/s]
 14%|█▍        | 460/3213 [01:18<07:29,  6.12it/s]
 14%|█▍        | 461/3213 [01:18<08:09,  5.62it/s]
 14%|█▍        | 462/3213 [01:18<08:07,  5.64it/s]
 14%|█▍        | 463/3213 [01:19<07:42,  5.94it/s]
 14%|█▍        | 464/3213 [01:19<07:23,  6.19it/s]
 14%|█▍        | 465/3213 [01:19<06:59,  6.54it/s]
 15%|█▍        | 466/3213 [01:19<07:20,  6.24it/s]
 15%|█▍        | 467/3213 [01:19<06:46,  6.75it/s]
 15%|█▍        | 468/3213 [01:19<07:19,  6.25it/s]
 15%|█▍        | 469/3213 [01:19<06:43,  6.80it/s]
 15%|█▍        | 470/3213 [01:20<07:21,  6.21it/s]
 15%|█▍        | 471/3213 [01:20<07:02,  6.49it/s]
 15%|█▍        | 472/3213 [01:20<07:07,  6.40it/s]
 15%|█▍        | 473/3213 [01:20<07:13,  6.33it/s]
 15%|█▍        | 474/3213 [01:20<06:58,  6.55it/s]
 15%|█▍        | 475/3213 [01:20<06:37,  6.89it/s]
 15%|█▍        | 476/3213 [01:20<06:29,  7.03it/s]
 15%|█▍        | 477/3213 [01:21<06:48,  6.70it/s]
 15%|█▍        | 478/3213 [01:21<06:23,  7.12it/s]
 15%|█▍        | 479/3213 [01:21<06:37,  6.88it/s]
 15%|█▍        | 480/3213 [01:21<06:43,  6.77it/s]
 15%|█▍        | 481/3213 [01:21<06:29,  7.02it/s]
 15%|█▌        | 482/3213 [01:21<06:50,  6.66it/s]
 15%|█▌        | 483/3213 [01:21<06:13,  7.30it/s]
 15%|█▌        | 484/3213 [01:22<06:31,  6.97it/s]
 15%|█▌        | 485/3213 [01:22<07:08,  6.37it/s]
 15%|█▌        | 486/3213 [01:22<06:42,  6.77it/s]
 15%|█▌        | 487/3213 [01:22<06:23,  7.11it/s]
 15%|█▌        | 488/3213 [01:22<06:03,  7.50it/s]
 15%|█▌        | 489/3213 [01:22<05:58,  7.59it/s]
 15%|█▌        | 490/3213 [01:22<05:51,  7.75it/s]
 15%|█▌        | 491/3213 [01:23<06:09,  7.37it/s]
 15%|█▌        | 492/3213 [01:23<06:11,  7.32it/s]
 15%|█▌        | 493/3213 [01:23<06:05,  7.45it/s]
 15%|█▌        | 494/3213 [01:23<06:28,  7.00it/s]
 15%|█▌        | 495/3213 [01:23<06:26,  7.03it/s]
 15%|█▌        | 496/3213 [01:23<06:52,  6.58it/s]
 15%|█▌        | 497/3213 [01:23<06:24,  7.06it/s]
 15%|█▌        | 498/3213 [01:24<06:20,  7.13it/s]
 16%|█▌        | 499/3213 [01:24<06:21,  7.11it/s]
 16%|█▌        | 500/3213 [01:24<06:16,  7.20it/s]
                                                  
{'loss': 0.2121, 'grad_norm': 0.4871406853199005, 'learning_rate': 1.6887643946467478e-05, 'epoch': 0.47}

 16%|█▌        | 500/3213 [01:24<06:16,  7.20it/s]
 16%|█▌        | 501/3213 [01:24<06:03,  7.47it/s]
 16%|█▌        | 502/3213 [01:24<05:53,  7.66it/s]
 16%|█▌        | 503/3213 [01:24<05:47,  7.80it/s]
 16%|█▌        | 504/3213 [01:24<05:45,  7.85it/s]
 16%|█▌        | 505/3213 [01:24<05:45,  7.83it/s]
 16%|█▌        | 506/3213 [01:25<05:50,  7.73it/s]
 16%|█▌        | 507/3213 [01:25<06:02,  7.47it/s]
 16%|█▌        | 508/3213 [01:25<06:09,  7.32it/s]
 16%|█▌        | 509/3213 [01:25<06:22,  7.08it/s]
 16%|█▌        | 510/3213 [01:25<06:30,  6.93it/s]
 16%|█▌        | 511/3213 [01:25<06:46,  6.64it/s]
 16%|█▌        | 512/3213 [01:25<06:26,  6.99it/s]
 16%|█▌        | 513/3213 [01:26<06:33,  6.87it/s]
 16%|█▌        | 514/3213 [01:26<06:22,  7.06it/s]
 16%|█▌        | 515/3213 [01:26<06:22,  7.06it/s]
 16%|█▌        | 516/3213 [01:26<06:07,  7.33it/s]
 16%|█▌        | 517/3213 [01:26<05:58,  7.53it/s]
 16%|█▌        | 518/3213 [01:26<05:49,  7.71it/s]
 16%|█▌        | 519/3213 [01:26<05:50,  7.68it/s]
 16%|█▌        | 520/3213 [01:27<06:13,  7.20it/s]
 16%|█▌        | 521/3213 [01:27<06:22,  7.03it/s]
 16%|█▌        | 522/3213 [01:27<06:17,  7.13it/s]
 16%|█▋        | 523/3213 [01:27<06:17,  7.13it/s]
 16%|█▋        | 524/3213 [01:27<06:14,  7.18it/s]
 16%|█▋        | 525/3213 [01:27<06:18,  7.11it/s]
 16%|█▋        | 526/3213 [01:27<06:11,  7.24it/s]
 16%|█▋        | 527/3213 [01:28<06:20,  7.05it/s]
 16%|█▋        | 528/3213 [01:28<06:22,  7.02it/s]
 16%|█▋        | 529/3213 [01:28<06:24,  6.98it/s]
 16%|█▋        | 530/3213 [01:28<06:48,  6.57it/s]
 17%|█▋        | 531/3213 [01:28<06:22,  7.00it/s]
 17%|█▋        | 532/3213 [01:28<06:18,  7.09it/s]
 17%|█▋        | 533/3213 [01:28<06:02,  7.39it/s]
 17%|█▋        | 534/3213 [01:29<05:55,  7.53it/s]
 17%|█▋        | 535/3213 [01:29<06:02,  7.39it/s]
 17%|█▋        | 536/3213 [01:29<05:50,  7.64it/s]
 17%|█▋        | 537/3213 [01:29<06:08,  7.27it/s]
 17%|█▋        | 538/3213 [01:29<05:59,  7.44it/s]
 17%|█▋        | 539/3213 [01:29<06:08,  7.26it/s]
 17%|█▋        | 540/3213 [01:29<05:47,  7.68it/s]
 17%|█▋        | 541/3213 [01:29<05:56,  7.50it/s]
 17%|█▋        | 542/3213 [01:30<05:48,  7.67it/s]
 17%|█▋        | 543/3213 [01:30<06:19,  7.03it/s]
 17%|█▋        | 544/3213 [01:30<06:11,  7.19it/s]
 17%|█▋        | 545/3213 [01:30<06:13,  7.14it/s]
 17%|█▋        | 546/3213 [01:30<06:00,  7.39it/s]
 17%|█▋        | 547/3213 [01:30<06:08,  7.24it/s]
 17%|█▋        | 548/3213 [01:30<06:04,  7.31it/s]
 17%|█▋        | 549/3213 [01:31<05:58,  7.43it/s]
 17%|█▋        | 550/3213 [01:31<06:42,  6.61it/s]
                                                  
{'loss': 0.2168, 'grad_norm': 0.3016735017299652, 'learning_rate': 1.6576408341114227e-05, 'epoch': 0.51}

 17%|█▋        | 550/3213 [01:31<06:42,  6.61it/s]
 17%|█▋        | 551/3213 [01:31<06:36,  6.72it/s]
 17%|█▋        | 552/3213 [01:31<06:27,  6.86it/s]
 17%|█▋        | 553/3213 [01:31<06:36,  6.70it/s]
 17%|█▋        | 554/3213 [01:31<06:52,  6.45it/s]
 17%|█▋        | 555/3213 [01:32<06:54,  6.42it/s]
 17%|█▋        | 556/3213 [01:32<06:38,  6.67it/s]
 17%|█▋        | 557/3213 [01:32<06:20,  6.98it/s]
 17%|█▋        | 558/3213 [01:32<06:53,  6.43it/s]
 17%|█▋        | 559/3213 [01:32<06:14,  7.09it/s]
 17%|█▋        | 560/3213 [01:32<06:01,  7.35it/s]
 17%|█▋        | 561/3213 [01:32<05:52,  7.52it/s]
 17%|█▋        | 562/3213 [01:32<05:48,  7.60it/s]
 18%|█▊        | 563/3213 [01:33<05:45,  7.68it/s]
 18%|█▊        | 564/3213 [01:33<05:43,  7.71it/s]
 18%|█▊        | 565/3213 [01:33<05:38,  7.83it/s]
 18%|█▊        | 566/3213 [01:33<05:50,  7.55it/s]
 18%|█▊        | 567/3213 [01:33<06:09,  7.17it/s]
 18%|█▊        | 568/3213 [01:33<06:07,  7.19it/s]
 18%|█▊        | 569/3213 [01:33<06:40,  6.60it/s]
 18%|█▊        | 570/3213 [01:34<06:47,  6.48it/s]
 18%|█▊        | 571/3213 [01:34<06:34,  6.69it/s]
 18%|█▊        | 572/3213 [01:34<06:32,  6.73it/s]
 18%|█▊        | 573/3213 [01:34<06:47,  6.48it/s]
 18%|█▊        | 574/3213 [01:34<06:28,  6.80it/s]
 18%|█▊        | 575/3213 [01:34<06:57,  6.32it/s]
 18%|█▊        | 576/3213 [01:35<06:50,  6.43it/s]
 18%|█▊        | 577/3213 [01:35<06:29,  6.77it/s]
 18%|█▊        | 578/3213 [01:35<06:42,  6.54it/s]
 18%|█▊        | 579/3213 [01:35<06:40,  6.57it/s]
 18%|█▊        | 580/3213 [01:35<06:32,  6.71it/s]
 18%|█▊        | 581/3213 [01:35<07:12,  6.09it/s]
 18%|█▊        | 582/3213 [01:35<07:03,  6.22it/s]
 18%|█▊        | 583/3213 [01:36<06:53,  6.36it/s]
 18%|█▊        | 584/3213 [01:36<06:49,  6.43it/s]
 18%|█▊        | 585/3213 [01:36<06:58,  6.27it/s]
 18%|█▊        | 586/3213 [01:36<06:54,  6.34it/s]
 18%|█▊        | 587/3213 [01:36<07:11,  6.09it/s]
 18%|█▊        | 588/3213 [01:36<07:26,  5.88it/s]
 18%|█▊        | 589/3213 [01:37<07:42,  5.67it/s]
 18%|█▊        | 590/3213 [01:37<07:07,  6.14it/s]
 18%|█▊        | 591/3213 [01:37<06:47,  6.43it/s]
 18%|█▊        | 592/3213 [01:37<07:10,  6.09it/s]
 18%|█▊        | 593/3213 [01:37<06:59,  6.24it/s]
 18%|█▊        | 594/3213 [01:37<06:49,  6.39it/s]
 19%|█▊        | 595/3213 [01:38<06:49,  6.39it/s]
 19%|█▊        | 596/3213 [01:38<07:02,  6.19it/s]
 19%|█▊        | 597/3213 [01:38<06:37,  6.58it/s]
 19%|█▊        | 598/3213 [01:38<06:18,  6.91it/s]
 19%|█▊        | 599/3213 [01:38<06:26,  6.76it/s]
 19%|█▊        | 600/3213 [01:38<06:50,  6.37it/s]
                                                  
{'loss': 0.2115, 'grad_norm': 0.3505738079547882, 'learning_rate': 1.626517273576097e-05, 'epoch': 0.56}

 19%|█▊        | 600/3213 [01:38<06:50,  6.37it/s]
 19%|█▊        | 601/3213 [01:38<06:51,  6.35it/s]
 19%|█▊        | 602/3213 [01:39<06:23,  6.80it/s]
 19%|█▉        | 603/3213 [01:39<06:36,  6.58it/s]
 19%|█▉        | 604/3213 [01:39<06:51,  6.34it/s]
 19%|█▉        | 605/3213 [01:39<06:53,  6.30it/s]
 19%|█▉        | 606/3213 [01:39<06:42,  6.48it/s]
 19%|█▉        | 607/3213 [01:39<06:53,  6.30it/s]
 19%|█▉        | 608/3213 [01:40<06:51,  6.33it/s]
 19%|█▉        | 609/3213 [01:40<07:01,  6.18it/s]
 19%|█▉        | 610/3213 [01:40<06:34,  6.59it/s]
 19%|█▉        | 611/3213 [01:40<06:51,  6.32it/s]
 19%|█▉        | 612/3213 [01:40<06:49,  6.35it/s]
 19%|█▉        | 613/3213 [01:40<06:43,  6.44it/s]
 19%|█▉        | 614/3213 [01:40<06:20,  6.83it/s]
 19%|█▉        | 615/3213 [01:41<06:22,  6.79it/s]
 19%|█▉        | 616/3213 [01:41<06:02,  7.16it/s]
 19%|█▉        | 617/3213 [01:41<06:28,  6.68it/s]
 19%|█▉        | 618/3213 [01:41<06:06,  7.08it/s]
 19%|█▉        | 619/3213 [01:41<06:33,  6.60it/s]
 19%|█▉        | 620/3213 [01:41<06:44,  6.41it/s]
 19%|█▉        | 621/3213 [01:42<07:41,  5.62it/s]
 19%|█▉        | 622/3213 [01:42<07:24,  5.83it/s]
 19%|█▉        | 623/3213 [01:42<07:18,  5.91it/s]
 19%|█▉        | 624/3213 [01:42<07:15,  5.94it/s]
 19%|█▉        | 625/3213 [01:42<08:11,  5.26it/s]
 19%|█▉        | 626/3213 [01:42<07:33,  5.70it/s]
 20%|█▉        | 627/3213 [01:43<08:44,  4.93it/s]
 20%|█▉        | 628/3213 [01:43<08:16,  5.21it/s]
 20%|█▉        | 629/3213 [01:43<07:50,  5.49it/s]
 20%|█▉        | 630/3213 [01:43<08:51,  4.86it/s]
 20%|█▉        | 631/3213 [01:43<08:15,  5.21it/s]
 20%|█▉        | 632/3213 [01:44<08:06,  5.31it/s]
 20%|█▉        | 633/3213 [01:44<07:30,  5.73it/s]
 20%|█▉        | 634/3213 [01:44<07:17,  5.90it/s]
 20%|█▉        | 635/3213 [01:44<08:10,  5.26it/s]
 20%|█▉        | 636/3213 [01:44<08:37,  4.98it/s]
 20%|█▉        | 637/3213 [01:45<08:40,  4.95it/s]
 20%|█▉        | 638/3213 [01:45<08:24,  5.10it/s]
 20%|█▉        | 639/3213 [01:45<08:24,  5.10it/s]
 20%|█▉        | 640/3213 [01:45<08:14,  5.20it/s]
 20%|█▉        | 641/3213 [01:45<09:00,  4.76it/s]
 20%|█▉        | 642/3213 [01:46<09:32,  4.49it/s]
 20%|██        | 643/3213 [01:46<08:14,  5.20it/s]
 20%|██        | 644/3213 [01:46<08:44,  4.89it/s]
 20%|██        | 645/3213 [01:46<08:02,  5.32it/s]
 20%|██        | 646/3213 [01:46<08:21,  5.12it/s]
 20%|██        | 647/3213 [01:47<08:41,  4.93it/s]
 20%|██        | 648/3213 [01:47<08:29,  5.03it/s]
 20%|██        | 649/3213 [01:47<08:14,  5.18it/s]
 20%|██        | 650/3213 [01:47<08:44,  4.89it/s]
                                                  
{'loss': 0.2092, 'grad_norm': 0.320986270904541, 'learning_rate': 1.595393713040772e-05, 'epoch': 0.61}

 20%|██        | 650/3213 [01:47<08:44,  4.89it/s]
 20%|██        | 651/3213 [01:47<08:28,  5.04it/s]
 20%|██        | 652/3213 [01:48<08:00,  5.32it/s]
 20%|██        | 653/3213 [01:48<07:21,  5.79it/s]
 20%|██        | 654/3213 [01:48<07:05,  6.02it/s]
 20%|██        | 655/3213 [01:48<07:10,  5.94it/s]
 20%|██        | 656/3213 [01:48<07:26,  5.73it/s]
 20%|██        | 657/3213 [01:48<07:42,  5.53it/s]
 20%|██        | 658/3213 [01:49<07:46,  5.48it/s]
 21%|██        | 659/3213 [01:49<07:30,  5.67it/s]
 21%|██        | 660/3213 [01:49<08:03,  5.28it/s]
 21%|██        | 661/3213 [01:49<07:38,  5.56it/s]
 21%|██        | 662/3213 [01:49<08:00,  5.31it/s]
 21%|██        | 663/3213 [01:50<08:00,  5.31it/s]
 21%|██        | 664/3213 [01:50<07:10,  5.92it/s]
 21%|██        | 665/3213 [01:50<07:31,  5.64it/s]
 21%|██        | 666/3213 [01:50<07:12,  5.88it/s]
 21%|██        | 667/3213 [01:50<07:14,  5.85it/s]
 21%|██        | 668/3213 [01:50<07:24,  5.72it/s]
 21%|██        | 669/3213 [01:51<07:06,  5.97it/s]
 21%|██        | 670/3213 [01:51<07:47,  5.44it/s]
 21%|██        | 671/3213 [01:51<07:04,  5.99it/s]
 21%|██        | 672/3213 [01:51<07:01,  6.03it/s]
 21%|██        | 673/3213 [01:51<06:59,  6.06it/s]
 21%|██        | 674/3213 [01:51<06:59,  6.05it/s]
 21%|██        | 675/3213 [01:52<06:34,  6.44it/s]
 21%|██        | 676/3213 [01:52<07:31,  5.61it/s]
 21%|██        | 677/3213 [01:52<06:50,  6.17it/s]
 21%|██        | 678/3213 [01:52<06:33,  6.45it/s]
 21%|██        | 679/3213 [01:52<06:48,  6.21it/s]
 21%|██        | 680/3213 [01:52<06:51,  6.16it/s]
 21%|██        | 681/3213 [01:52<06:39,  6.34it/s]
 21%|██        | 682/3213 [01:53<06:27,  6.54it/s]
 21%|██▏       | 683/3213 [01:53<06:41,  6.30it/s]
 21%|██▏       | 684/3213 [01:53<06:41,  6.30it/s]
 21%|██▏       | 685/3213 [01:53<06:19,  6.67it/s]
 21%|██▏       | 686/3213 [01:53<07:00,  6.01it/s]
 21%|██▏       | 687/3213 [01:53<07:06,  5.92it/s]
 21%|██▏       | 688/3213 [01:54<06:57,  6.04it/s]
 21%|██▏       | 689/3213 [01:54<06:44,  6.24it/s]
 21%|██▏       | 690/3213 [01:54<06:42,  6.26it/s]
 22%|██▏       | 691/3213 [01:54<07:13,  5.82it/s]
 22%|██▏       | 692/3213 [01:54<06:46,  6.20it/s]
 22%|██▏       | 693/3213 [01:54<06:50,  6.14it/s]
 22%|██▏       | 694/3213 [01:55<06:51,  6.13it/s]
 22%|██▏       | 695/3213 [01:55<06:52,  6.11it/s]
 22%|██▏       | 696/3213 [01:55<06:27,  6.50it/s]
 22%|██▏       | 697/3213 [01:55<06:10,  6.79it/s]
 22%|██▏       | 698/3213 [01:55<06:48,  6.15it/s]
 22%|██▏       | 699/3213 [01:55<06:21,  6.58it/s]
 22%|██▏       | 700/3213 [01:55<06:14,  6.71it/s]
                                                  
{'loss': 0.2076, 'grad_norm': 0.4163108468055725, 'learning_rate': 1.5642701525054468e-05, 'epoch': 0.65}

 22%|██▏       | 700/3213 [01:56<06:14,  6.71it/s]
 22%|██▏       | 701/3213 [01:56<06:28,  6.47it/s]
 22%|██▏       | 702/3213 [01:56<06:13,  6.73it/s]
 22%|██▏       | 703/3213 [01:56<07:26,  5.63it/s]
 22%|██▏       | 704/3213 [01:56<07:13,  5.78it/s]
 22%|██▏       | 705/3213 [01:56<07:04,  5.90it/s]
 22%|██▏       | 706/3213 [01:57<07:28,  5.59it/s]
 22%|██▏       | 707/3213 [01:57<07:26,  5.61it/s]
 22%|██▏       | 708/3213 [01:57<07:17,  5.72it/s]
 22%|██▏       | 709/3213 [01:57<06:43,  6.21it/s]
 22%|██▏       | 710/3213 [01:57<07:26,  5.60it/s]
 22%|██▏       | 711/3213 [01:57<07:04,  5.89it/s]
 22%|██▏       | 712/3213 [01:58<06:57,  5.99it/s]
 22%|██▏       | 713/3213 [01:58<06:41,  6.23it/s]
 22%|██▏       | 714/3213 [01:58<06:25,  6.48it/s]
 22%|██▏       | 715/3213 [01:58<07:01,  5.92it/s]
 22%|██▏       | 716/3213 [01:58<06:45,  6.16it/s]
 22%|██▏       | 717/3213 [01:58<06:45,  6.16it/s]
 22%|██▏       | 718/3213 [01:59<07:30,  5.54it/s]
 22%|██▏       | 719/3213 [01:59<07:01,  5.92it/s]
 22%|██▏       | 720/3213 [01:59<06:43,  6.18it/s]
 22%|██▏       | 721/3213 [01:59<06:14,  6.66it/s]
 22%|██▏       | 722/3213 [01:59<06:06,  6.80it/s]
 23%|██▎       | 723/3213 [01:59<06:31,  6.37it/s]
 23%|██▎       | 724/3213 [01:59<06:29,  6.39it/s]
 23%|██▎       | 725/3213 [02:00<06:29,  6.39it/s]
 23%|██▎       | 726/3213 [02:00<06:29,  6.39it/s]
 23%|██▎       | 727/3213 [02:00<06:35,  6.29it/s]
 23%|██▎       | 728/3213 [02:00<06:30,  6.36it/s]
 23%|██▎       | 729/3213 [02:00<06:16,  6.59it/s]
 23%|██▎       | 730/3213 [02:00<06:28,  6.38it/s]
 23%|██▎       | 731/3213 [02:01<06:45,  6.12it/s]
 23%|██▎       | 732/3213 [02:01<06:37,  6.24it/s]
 23%|██▎       | 733/3213 [02:01<06:19,  6.53it/s]
 23%|██▎       | 734/3213 [02:01<06:51,  6.03it/s]
 23%|██▎       | 735/3213 [02:01<06:30,  6.34it/s]
 23%|██▎       | 736/3213 [02:01<06:28,  6.37it/s]
 23%|██▎       | 737/3213 [02:02<06:18,  6.55it/s]
 23%|██▎       | 738/3213 [02:02<07:01,  5.87it/s]
 23%|██▎       | 739/3213 [02:02<06:33,  6.28it/s]
 23%|██▎       | 740/3213 [02:02<06:37,  6.23it/s]
 23%|██▎       | 741/3213 [02:02<07:16,  5.67it/s]
 23%|██▎       | 742/3213 [02:02<06:36,  6.24it/s]
 23%|██▎       | 743/3213 [02:02<06:15,  6.58it/s]
 23%|██▎       | 744/3213 [02:03<06:06,  6.73it/s]
 23%|██▎       | 745/3213 [02:03<05:55,  6.95it/s]
 23%|██▎       | 746/3213 [02:03<05:43,  7.18it/s]
 23%|██▎       | 747/3213 [02:03<06:17,  6.54it/s]
 23%|██▎       | 748/3213 [02:03<06:01,  6.82it/s]
 23%|██▎       | 749/3213 [02:03<06:18,  6.50it/s]
 23%|██▎       | 750/3213 [02:04<06:26,  6.37it/s]
                                                  
{'loss': 0.2093, 'grad_norm': 0.25595131516456604, 'learning_rate': 1.5331465919701216e-05, 'epoch': 0.7}

 23%|██▎       | 750/3213 [02:04<06:26,  6.37it/s]
 23%|██▎       | 751/3213 [02:04<06:21,  6.46it/s]
 23%|██▎       | 752/3213 [02:04<06:32,  6.26it/s]
 23%|██▎       | 753/3213 [02:04<05:57,  6.87it/s]
 23%|██▎       | 754/3213 [02:04<05:51,  7.00it/s]
 23%|██▎       | 755/3213 [02:04<05:38,  7.26it/s]
 24%|██▎       | 756/3213 [02:04<05:42,  7.18it/s]
 24%|██▎       | 757/3213 [02:04<05:18,  7.70it/s]
 24%|██▎       | 758/3213 [02:05<05:50,  7.01it/s]
 24%|██▎       | 759/3213 [02:05<05:36,  7.29it/s]
 24%|██▎       | 760/3213 [02:05<06:10,  6.62it/s]
 24%|██▎       | 761/3213 [02:05<05:46,  7.08it/s]
 24%|██▎       | 762/3213 [02:05<05:40,  7.20it/s]
 24%|██▎       | 763/3213 [02:05<05:35,  7.30it/s]
 24%|██▍       | 764/3213 [02:05<05:37,  7.25it/s]
 24%|██▍       | 765/3213 [02:06<05:43,  7.14it/s]
 24%|██▍       | 766/3213 [02:06<06:41,  6.10it/s]
 24%|██▍       | 767/3213 [02:06<06:38,  6.14it/s]
 24%|██▍       | 768/3213 [02:06<06:02,  6.74it/s]
 24%|██▍       | 769/3213 [02:06<05:45,  7.07it/s]
 24%|██▍       | 770/3213 [02:06<05:35,  7.29it/s]
 24%|██▍       | 771/3213 [02:07<05:23,  7.54it/s]
 24%|██▍       | 772/3213 [02:07<05:42,  7.12it/s]
 24%|██▍       | 773/3213 [02:07<05:33,  7.31it/s]
 24%|██▍       | 774/3213 [02:07<05:50,  6.95it/s]
 24%|██▍       | 775/3213 [02:07<05:27,  7.44it/s]
 24%|██▍       | 776/3213 [02:07<05:37,  7.23it/s]
 24%|██▍       | 777/3213 [02:07<05:41,  7.12it/s]
 24%|██▍       | 778/3213 [02:07<05:34,  7.28it/s]
 24%|██▍       | 779/3213 [02:08<05:56,  6.83it/s]
 24%|██▍       | 780/3213 [02:08<05:54,  6.86it/s]
 24%|██▍       | 781/3213 [02:08<06:19,  6.40it/s]
 24%|██▍       | 782/3213 [02:08<05:58,  6.77it/s]
 24%|██▍       | 783/3213 [02:08<06:07,  6.61it/s]
 24%|██▍       | 784/3213 [02:08<06:02,  6.69it/s]
 24%|██▍       | 785/3213 [02:09<06:14,  6.48it/s]
 24%|██▍       | 786/3213 [02:09<06:24,  6.31it/s]
 24%|██▍       | 787/3213 [02:09<06:17,  6.42it/s]
 25%|██▍       | 788/3213 [02:09<05:54,  6.83it/s]
 25%|██▍       | 789/3213 [02:09<05:57,  6.79it/s]
 25%|██▍       | 790/3213 [02:09<05:45,  7.01it/s]
 25%|██▍       | 791/3213 [02:09<05:36,  7.21it/s]
 25%|██▍       | 792/3213 [02:10<05:35,  7.22it/s]
 25%|██▍       | 793/3213 [02:10<05:29,  7.34it/s]
 25%|██▍       | 794/3213 [02:10<05:53,  6.84it/s]
 25%|██▍       | 795/3213 [02:10<06:55,  5.83it/s]
 25%|██▍       | 796/3213 [02:10<06:34,  6.12it/s]
 25%|██▍       | 797/3213 [02:10<06:08,  6.56it/s]
 25%|██▍       | 798/3213 [02:11<05:48,  6.94it/s]
 25%|██▍       | 799/3213 [02:11<06:01,  6.67it/s]
 25%|██▍       | 800/3213 [02:11<06:01,  6.68it/s]
                                                  
{'loss': 0.2166, 'grad_norm': 0.3303614854812622, 'learning_rate': 1.5020230314347963e-05, 'epoch': 0.75}

 25%|██▍       | 800/3213 [02:11<06:01,  6.68it/s]
 25%|██▍       | 801/3213 [02:11<05:29,  7.32it/s]
 25%|██▍       | 802/3213 [02:11<05:19,  7.55it/s]
 25%|██▍       | 803/3213 [02:11<05:15,  7.65it/s]
 25%|██▌       | 804/3213 [02:11<06:02,  6.64it/s]
 25%|██▌       | 805/3213 [02:12<05:58,  6.71it/s]
 25%|██▌       | 806/3213 [02:12<06:22,  6.30it/s]
 25%|██▌       | 807/3213 [02:12<05:54,  6.79it/s]
 25%|██▌       | 808/3213 [02:12<06:04,  6.60it/s]
 25%|██▌       | 809/3213 [02:12<05:36,  7.14it/s]
 25%|██▌       | 810/3213 [02:12<05:26,  7.36it/s]
 25%|██▌       | 811/3213 [02:12<05:17,  7.56it/s]
 25%|██▌       | 812/3213 [02:12<05:19,  7.52it/s]
 25%|██▌       | 813/3213 [02:13<05:25,  7.36it/s]
 25%|██▌       | 814/3213 [02:13<05:26,  7.34it/s]
 25%|██▌       | 815/3213 [02:13<05:16,  7.57it/s]
 25%|██▌       | 816/3213 [02:13<05:13,  7.64it/s]
 25%|██▌       | 817/3213 [02:13<05:14,  7.62it/s]
 25%|██▌       | 818/3213 [02:13<05:31,  7.22it/s]
 25%|██▌       | 819/3213 [02:13<05:46,  6.91it/s]
 26%|██▌       | 820/3213 [02:14<05:51,  6.81it/s]
 26%|██▌       | 821/3213 [02:14<06:03,  6.59it/s]
 26%|██▌       | 822/3213 [02:14<05:54,  6.75it/s]
 26%|██▌       | 823/3213 [02:14<05:35,  7.11it/s]
 26%|██▌       | 824/3213 [02:14<05:22,  7.42it/s]
 26%|██▌       | 825/3213 [02:14<05:13,  7.62it/s]
 26%|██▌       | 826/3213 [02:14<05:06,  7.79it/s]
 26%|██▌       | 827/3213 [02:15<05:10,  7.69it/s]
 26%|██▌       | 828/3213 [02:15<05:43,  6.95it/s]
 26%|██▌       | 829/3213 [02:15<05:45,  6.89it/s]
 26%|██▌       | 830/3213 [02:15<05:19,  7.46it/s]
 26%|██▌       | 831/3213 [02:15<05:10,  7.67it/s]
 26%|██▌       | 832/3213 [02:15<06:00,  6.61it/s]
 26%|██▌       | 833/3213 [02:15<06:13,  6.37it/s]
 26%|██▌       | 834/3213 [02:16<05:52,  6.75it/s]
 26%|██▌       | 835/3213 [02:16<05:50,  6.78it/s]
 26%|██▌       | 836/3213 [02:16<06:24,  6.18it/s]
 26%|██▌       | 837/3213 [02:16<05:55,  6.68it/s]
 26%|██▌       | 838/3213 [02:16<05:36,  7.06it/s]
 26%|██▌       | 839/3213 [02:16<05:22,  7.36it/s]
 26%|██▌       | 840/3213 [02:16<05:13,  7.56it/s]
 26%|██▌       | 841/3213 [02:17<05:32,  7.14it/s]
 26%|██▌       | 842/3213 [02:17<05:24,  7.31it/s]
 26%|██▌       | 843/3213 [02:17<05:19,  7.41it/s]
 26%|██▋       | 844/3213 [02:17<05:22,  7.35it/s]
 26%|██▋       | 845/3213 [02:17<05:01,  7.86it/s]
 26%|██▋       | 846/3213 [02:17<05:36,  7.04it/s]
 26%|██▋       | 847/3213 [02:17<05:15,  7.51it/s]
 26%|██▋       | 848/3213 [02:18<05:20,  7.39it/s]
 26%|██▋       | 849/3213 [02:18<05:29,  7.17it/s]
 26%|██▋       | 850/3213 [02:18<05:51,  6.73it/s]
                                                  
{'loss': 0.215, 'grad_norm': 0.4618690013885498, 'learning_rate': 1.470899470899471e-05, 'epoch': 0.79}

 26%|██▋       | 850/3213 [02:18<05:51,  6.73it/s]
 26%|██▋       | 851/3213 [02:18<06:08,  6.41it/s]
 27%|██▋       | 852/3213 [02:18<05:39,  6.96it/s]
 27%|██▋       | 853/3213 [02:18<05:24,  7.26it/s]
 27%|██▋       | 854/3213 [02:18<05:18,  7.40it/s]
 27%|██▋       | 855/3213 [02:18<05:17,  7.43it/s]
 27%|██▋       | 856/3213 [02:19<05:41,  6.91it/s]
 27%|██▋       | 857/3213 [02:19<05:24,  7.27it/s]
 27%|██▋       | 858/3213 [02:19<05:13,  7.52it/s]
 27%|██▋       | 859/3213 [02:19<05:05,  7.70it/s]
 27%|██▋       | 860/3213 [02:19<05:15,  7.47it/s]
 27%|██▋       | 861/3213 [02:19<05:34,  7.04it/s]
 27%|██▋       | 862/3213 [02:19<05:30,  7.11it/s]
 27%|██▋       | 863/3213 [02:20<05:24,  7.24it/s]
 27%|██▋       | 864/3213 [02:20<05:38,  6.93it/s]
 27%|██▋       | 865/3213 [02:20<06:22,  6.13it/s]
 27%|██▋       | 866/3213 [02:20<05:43,  6.83it/s]
 27%|██▋       | 867/3213 [02:20<05:28,  7.15it/s]
 27%|██▋       | 868/3213 [02:20<05:22,  7.28it/s]
 27%|██▋       | 869/3213 [02:20<05:22,  7.28it/s]
 27%|██▋       | 870/3213 [02:21<05:18,  7.37it/s]
 27%|██▋       | 871/3213 [02:21<05:15,  7.42it/s]
 27%|██▋       | 872/3213 [02:21<05:11,  7.52it/s]
 27%|██▋       | 873/3213 [02:21<05:03,  7.72it/s]
 27%|██▋       | 874/3213 [02:21<05:12,  7.49it/s]
 27%|██▋       | 875/3213 [02:21<05:02,  7.72it/s]
 27%|██▋       | 876/3213 [02:21<05:08,  7.58it/s]
 27%|██▋       | 877/3213 [02:22<05:44,  6.78it/s]
 27%|██▋       | 878/3213 [02:22<05:56,  6.54it/s]
 27%|██▋       | 879/3213 [02:22<06:10,  6.29it/s]
 27%|██▋       | 880/3213 [02:22<05:47,  6.72it/s]
 27%|██▋       | 881/3213 [02:22<05:49,  6.67it/s]
 27%|██▋       | 882/3213 [02:22<05:24,  7.19it/s]
 27%|██▋       | 883/3213 [02:22<05:12,  7.46it/s]
 28%|██▊       | 884/3213 [02:23<05:16,  7.37it/s]
 28%|██▊       | 885/3213 [02:23<05:17,  7.32it/s]
 28%|██▊       | 886/3213 [02:23<05:20,  7.26it/s]
 28%|██▊       | 887/3213 [02:23<05:10,  7.49it/s]
 28%|██▊       | 888/3213 [02:23<05:05,  7.62it/s]
 28%|██▊       | 889/3213 [02:23<05:30,  7.04it/s]
 28%|██▊       | 890/3213 [02:23<05:40,  6.82it/s]
 28%|██▊       | 891/3213 [02:24<05:23,  7.17it/s]
 28%|██▊       | 892/3213 [02:24<05:33,  6.97it/s]
 28%|██▊       | 893/3213 [02:24<05:14,  7.38it/s]
 28%|██▊       | 894/3213 [02:24<05:17,  7.30it/s]
 28%|██▊       | 895/3213 [02:24<05:08,  7.51it/s]
 28%|██▊       | 896/3213 [02:24<05:01,  7.69it/s]
 28%|██▊       | 897/3213 [02:24<04:56,  7.80it/s]
 28%|██▊       | 898/3213 [02:24<05:13,  7.37it/s]
 28%|██▊       | 899/3213 [02:25<05:09,  7.48it/s]
 28%|██▊       | 900/3213 [02:25<05:40,  6.79it/s]
                                                  
{'loss': 0.2053, 'grad_norm': 0.5079253911972046, 'learning_rate': 1.4397759103641458e-05, 'epoch': 0.84}

 28%|██▊       | 900/3213 [02:25<05:40,  6.79it/s]
 28%|██▊       | 901/3213 [02:25<05:31,  6.98it/s]
 28%|██▊       | 902/3213 [02:25<05:34,  6.92it/s]
 28%|██▊       | 903/3213 [02:25<05:30,  6.99it/s]
 28%|██▊       | 904/3213 [02:25<05:55,  6.49it/s]
 28%|██▊       | 905/3213 [02:25<05:26,  7.08it/s]
 28%|██▊       | 906/3213 [02:26<05:26,  7.06it/s]
 28%|██▊       | 907/3213 [02:26<05:35,  6.86it/s]
 28%|██▊       | 908/3213 [02:26<06:02,  6.37it/s]
 28%|██▊       | 909/3213 [02:26<05:24,  7.10it/s]
 28%|██▊       | 910/3213 [02:26<05:12,  7.38it/s]
 28%|██▊       | 911/3213 [02:26<05:05,  7.53it/s]
 28%|██▊       | 912/3213 [02:26<05:04,  7.56it/s]
 28%|██▊       | 913/3213 [02:27<05:20,  7.17it/s]
 28%|██▊       | 914/3213 [02:27<05:22,  7.14it/s]
 28%|██▊       | 915/3213 [02:27<05:34,  6.87it/s]
 29%|██▊       | 916/3213 [02:27<05:17,  7.24it/s]
 29%|██▊       | 917/3213 [02:27<05:21,  7.15it/s]
 29%|██▊       | 918/3213 [02:28<08:07,  4.71it/s]
 29%|██▊       | 919/3213 [02:28<08:39,  4.41it/s]
 29%|██▊       | 920/3213 [02:28<08:14,  4.64it/s]
 29%|██▊       | 921/3213 [02:28<07:46,  4.92it/s]
 29%|██▊       | 922/3213 [02:28<06:47,  5.63it/s]
 29%|██▊       | 923/3213 [02:28<06:23,  5.97it/s]
 29%|██▉       | 924/3213 [02:29<05:57,  6.41it/s]
 29%|██▉       | 925/3213 [02:29<06:17,  6.07it/s]
 29%|██▉       | 926/3213 [02:29<05:56,  6.41it/s]
 29%|██▉       | 927/3213 [02:29<05:31,  6.90it/s]
 29%|██▉       | 928/3213 [02:29<05:34,  6.83it/s]
 29%|██▉       | 929/3213 [02:29<05:33,  6.84it/s]
 29%|██▉       | 930/3213 [02:29<05:32,  6.87it/s]
 29%|██▉       | 931/3213 [02:30<05:36,  6.79it/s]
 29%|██▉       | 932/3213 [02:30<05:22,  7.08it/s]
 29%|██▉       | 933/3213 [02:30<05:32,  6.86it/s]
 29%|██▉       | 934/3213 [02:30<05:32,  6.85it/s]
 29%|██▉       | 935/3213 [02:30<05:17,  7.18it/s]
 29%|██▉       | 936/3213 [02:30<05:06,  7.42it/s]
 29%|██▉       | 937/3213 [02:30<05:20,  7.10it/s]
 29%|██▉       | 938/3213 [02:31<05:02,  7.52it/s]
 29%|██▉       | 939/3213 [02:31<05:30,  6.87it/s]
 29%|██▉       | 940/3213 [02:31<06:44,  5.62it/s]
 29%|██▉       | 941/3213 [02:31<06:14,  6.07it/s]
 29%|██▉       | 942/3213 [02:31<06:17,  6.01it/s]
 29%|██▉       | 943/3213 [02:31<06:25,  5.89it/s]
 29%|██▉       | 944/3213 [02:32<05:55,  6.38it/s]
 29%|██▉       | 945/3213 [02:32<05:51,  6.46it/s]
 29%|██▉       | 946/3213 [02:32<05:57,  6.34it/s]
 29%|██▉       | 947/3213 [02:32<05:46,  6.53it/s]
 30%|██▉       | 948/3213 [02:32<05:28,  6.89it/s]
 30%|██▉       | 949/3213 [02:32<05:12,  7.23it/s]
 30%|██▉       | 950/3213 [02:32<05:29,  6.88it/s]
                                                  
{'loss': 0.2107, 'grad_norm': 0.4294566214084625, 'learning_rate': 1.4086523498288205e-05, 'epoch': 0.89}

 30%|██▉       | 950/3213 [02:32<05:29,  6.88it/s]
 30%|██▉       | 951/3213 [02:33<05:05,  7.40it/s]
 30%|██▉       | 952/3213 [02:33<05:19,  7.07it/s]
 30%|██▉       | 953/3213 [02:33<06:07,  6.15it/s]
 30%|██▉       | 954/3213 [02:33<05:42,  6.60it/s]
 30%|██▉       | 955/3213 [02:33<05:44,  6.55it/s]
 30%|██▉       | 956/3213 [02:33<05:37,  6.69it/s]
 30%|██▉       | 957/3213 [02:34<05:42,  6.58it/s]
 30%|██▉       | 958/3213 [02:34<05:19,  7.07it/s]
 30%|██▉       | 959/3213 [02:34<05:17,  7.11it/s]
 30%|██▉       | 960/3213 [02:34<05:46,  6.51it/s]
 30%|██▉       | 961/3213 [02:34<05:17,  7.09it/s]
 30%|██▉       | 962/3213 [02:34<05:05,  7.38it/s]
 30%|██▉       | 963/3213 [02:34<04:58,  7.54it/s]
 30%|███       | 964/3213 [02:34<05:00,  7.48it/s]
 30%|███       | 965/3213 [02:35<05:33,  6.75it/s]
 30%|███       | 966/3213 [02:35<05:19,  7.04it/s]
 30%|███       | 967/3213 [02:35<05:39,  6.61it/s]
 30%|███       | 968/3213 [02:35<05:29,  6.82it/s]
 30%|███       | 969/3213 [02:35<05:17,  7.07it/s]
 30%|███       | 970/3213 [02:35<05:40,  6.59it/s]
 30%|███       | 971/3213 [02:36<05:22,  6.95it/s]
 30%|███       | 972/3213 [02:36<05:24,  6.90it/s]
 30%|███       | 973/3213 [02:36<05:31,  6.76it/s]
 30%|███       | 974/3213 [02:36<05:39,  6.59it/s]
 30%|███       | 975/3213 [02:36<05:20,  6.98it/s]
 30%|███       | 976/3213 [02:36<05:06,  7.30it/s]
 30%|███       | 977/3213 [02:36<04:56,  7.54it/s]
 30%|███       | 978/3213 [02:36<05:09,  7.23it/s]
 30%|███       | 979/3213 [02:37<05:04,  7.33it/s]
 31%|███       | 980/3213 [02:37<05:34,  6.67it/s]
 31%|███       | 981/3213 [02:37<05:19,  6.98it/s]
 31%|███       | 982/3213 [02:37<05:03,  7.36it/s]
 31%|███       | 983/3213 [02:37<05:21,  6.95it/s]
 31%|███       | 984/3213 [02:37<05:15,  7.06it/s]
 31%|███       | 985/3213 [02:37<05:19,  6.97it/s]
 31%|███       | 986/3213 [02:38<05:37,  6.59it/s]
 31%|███       | 987/3213 [02:38<05:34,  6.65it/s]
 31%|███       | 988/3213 [02:38<05:19,  6.97it/s]
 31%|███       | 989/3213 [02:38<05:34,  6.66it/s]
 31%|███       | 990/3213 [02:38<05:23,  6.88it/s]
 31%|███       | 991/3213 [02:38<05:12,  7.10it/s]
 31%|███       | 992/3213 [02:38<05:01,  7.36it/s]
 31%|███       | 993/3213 [02:39<05:19,  6.95it/s]
 31%|███       | 994/3213 [02:39<05:17,  7.00it/s]
 31%|███       | 995/3213 [02:39<05:03,  7.30it/s]
 31%|███       | 996/3213 [02:39<04:56,  7.48it/s]
 31%|███       | 997/3213 [02:39<04:58,  7.41it/s]
 31%|███       | 998/3213 [02:39<05:01,  7.34it/s]
 31%|███       | 999/3213 [02:39<05:02,  7.32it/s]
 31%|███       | 1000/3213 [02:40<04:50,  7.61it/s]
                                                   
{'loss': 0.2039, 'grad_norm': 0.3756708800792694, 'learning_rate': 1.3775287892934951e-05, 'epoch': 0.93}

 31%|███       | 1000/3213 [02:40<04:50,  7.61it/s]
 31%|███       | 1001/3213 [02:40<05:05,  7.24it/s]
 31%|███       | 1002/3213 [02:40<04:56,  7.47it/s]
 31%|███       | 1003/3213 [02:40<05:31,  6.66it/s]
 31%|███       | 1004/3213 [02:40<05:05,  7.22it/s]
 31%|███▏      | 1005/3213 [02:40<04:52,  7.55it/s]
 31%|███▏      | 1006/3213 [02:40<04:54,  7.50it/s]
 31%|███▏      | 1007/3213 [02:41<04:47,  7.68it/s]
 31%|███▏      | 1008/3213 [02:41<04:54,  7.48it/s]
 31%|███▏      | 1009/3213 [02:41<04:57,  7.40it/s]
 31%|███▏      | 1010/3213 [02:41<04:49,  7.61it/s]
 31%|███▏      | 1011/3213 [02:41<04:44,  7.74it/s]
 31%|███▏      | 1012/3213 [02:41<04:48,  7.64it/s]
 32%|███▏      | 1013/3213 [02:41<05:03,  7.24it/s]
 32%|███▏      | 1014/3213 [02:41<05:06,  7.16it/s]
 32%|███▏      | 1015/3213 [02:42<05:10,  7.08it/s]
 32%|███▏      | 1016/3213 [02:42<05:11,  7.04it/s]
 32%|███▏      | 1017/3213 [02:42<05:19,  6.87it/s]
 32%|███▏      | 1018/3213 [02:42<05:04,  7.20it/s]
 32%|███▏      | 1019/3213 [02:42<04:53,  7.46it/s]
 32%|███▏      | 1020/3213 [02:42<04:46,  7.66it/s]
 32%|███▏      | 1021/3213 [02:42<04:50,  7.54it/s]
 32%|███▏      | 1022/3213 [02:43<04:52,  7.49it/s]
 32%|███▏      | 1023/3213 [02:43<05:16,  6.93it/s]
 32%|███▏      | 1024/3213 [02:43<05:27,  6.69it/s]
 32%|███▏      | 1025/3213 [02:43<05:26,  6.71it/s]
 32%|███▏      | 1026/3213 [02:43<05:27,  6.67it/s]
 32%|███▏      | 1027/3213 [02:43<05:27,  6.67it/s]
 32%|███▏      | 1028/3213 [02:44<06:16,  5.80it/s]
 32%|███▏      | 1029/3213 [02:44<05:36,  6.49it/s]
 32%|███▏      | 1030/3213 [02:44<05:32,  6.57it/s]
 32%|███▏      | 1031/3213 [02:44<05:32,  6.55it/s]
 32%|███▏      | 1032/3213 [02:44<05:08,  7.08it/s]
 32%|███▏      | 1033/3213 [02:44<04:54,  7.39it/s]
 32%|███▏      | 1034/3213 [02:44<04:47,  7.59it/s]
 32%|███▏      | 1035/3213 [02:44<04:50,  7.49it/s]
 32%|███▏      | 1036/3213 [02:45<05:17,  6.87it/s]
 32%|███▏      | 1037/3213 [02:45<05:08,  7.06it/s]
 32%|███▏      | 1038/3213 [02:45<05:14,  6.92it/s]
 32%|███▏      | 1039/3213 [02:45<05:28,  6.62it/s]
 32%|███▏      | 1040/3213 [02:45<05:19,  6.80it/s]
 32%|███▏      | 1041/3213 [02:46<08:11,  4.42it/s]
 32%|███▏      | 1042/3213 [02:46<07:56,  4.56it/s]
 32%|███▏      | 1043/3213 [02:46<06:53,  5.25it/s]
 32%|███▏      | 1044/3213 [02:46<07:03,  5.12it/s]
 33%|███▎      | 1045/3213 [02:46<06:31,  5.54it/s]
 33%|███▎      | 1046/3213 [02:47<06:17,  5.74it/s]
 33%|███▎      | 1047/3213 [02:47<05:50,  6.18it/s]
 33%|███▎      | 1048/3213 [02:47<05:57,  6.05it/s]
 33%|███▎      | 1049/3213 [02:47<05:45,  6.27it/s]
 33%|███▎      | 1050/3213 [02:47<05:39,  6.38it/s]
                                                   
{'loss': 0.2029, 'grad_norm': 0.3776416480541229, 'learning_rate': 1.3464052287581701e-05, 'epoch': 0.98}

 33%|███▎      | 1050/3213 [02:47<05:39,  6.38it/s]
 33%|███▎      | 1051/3213 [02:47<05:23,  6.68it/s]
 33%|███▎      | 1052/3213 [02:47<05:09,  6.99it/s]
 33%|███▎      | 1053/3213 [02:48<05:25,  6.64it/s]
 33%|███▎      | 1054/3213 [02:48<05:42,  6.31it/s]
 33%|███▎      | 1055/3213 [02:48<05:38,  6.37it/s]
 33%|███▎      | 1056/3213 [02:48<05:38,  6.38it/s]
 33%|███▎      | 1057/3213 [02:48<05:30,  6.52it/s]
 33%|███▎      | 1058/3213 [02:48<05:23,  6.67it/s]
 33%|███▎      | 1059/3213 [02:48<04:54,  7.31it/s]
 33%|███▎      | 1060/3213 [02:49<05:08,  6.98it/s]
 33%|███▎      | 1061/3213 [02:49<04:53,  7.33it/s]
 33%|███▎      | 1062/3213 [02:49<05:14,  6.84it/s]
 33%|███▎      | 1063/3213 [02:49<04:59,  7.19it/s]
 33%|███▎      | 1064/3213 [02:49<04:49,  7.43it/s]
 33%|███▎      | 1065/3213 [02:49<04:59,  7.16it/s]
 33%|███▎      | 1066/3213 [02:49<05:03,  7.08it/s]
 33%|███▎      | 1067/3213 [02:50<05:12,  6.87it/s]
 33%|███▎      | 1068/3213 [02:50<04:59,  7.16it/s]
 33%|███▎      | 1069/3213 [02:50<05:06,  7.00it/s]
 33%|███▎      | 1070/3213 [02:50<04:56,  7.23it/s]
 33%|███▎      | 1071/3213 [02:50<04:56,  7.24it/s]

  0%|          | 0/95 [00:00<?, ?it/s][A

  4%|▍         | 4/95 [00:00<00:03, 29.67it/s][A

  7%|▋         | 7/95 [00:00<00:03, 24.69it/s][A

 11%|█         | 10/95 [00:00<00:03, 23.32it/s][A

 14%|█▎        | 13/95 [00:00<00:03, 22.48it/s][A

 17%|█▋        | 16/95 [00:00<00:03, 21.71it/s][A

 20%|██        | 19/95 [00:00<00:03, 21.45it/s][A

 23%|██▎       | 22/95 [00:00<00:03, 21.15it/s][A

 26%|██▋       | 25/95 [00:01<00:03, 21.39it/s][A

 29%|██▉       | 28/95 [00:01<00:03, 21.30it/s][A

 33%|███▎      | 31/95 [00:01<00:02, 21.42it/s][A

 36%|███▌      | 34/95 [00:01<00:02, 21.17it/s][A

 39%|███▉      | 37/95 [00:01<00:02, 21.63it/s][A

 42%|████▏     | 40/95 [00:01<00:02, 21.94it/s][A

 45%|████▌     | 43/95 [00:01<00:02, 22.24it/s][A

 48%|████▊     | 46/95 [00:02<00:02, 22.39it/s][A

 52%|█████▏    | 49/95 [00:02<00:02, 22.54it/s][A

 55%|█████▍    | 52/95 [00:02<00:01, 22.62it/s][A

 58%|█████▊    | 55/95 [00:02<00:01, 22.80it/s][A

 61%|██████    | 58/95 [00:02<00:01, 22.82it/s][A

 64%|██████▍   | 61/95 [00:02<00:01, 22.88it/s][A

 67%|██████▋   | 64/95 [00:02<00:01, 22.81it/s][A

 71%|███████   | 67/95 [00:02<00:01, 22.84it/s][A

 74%|███████▎  | 70/95 [00:03<00:01, 22.79it/s][A

 77%|███████▋  | 73/95 [00:03<00:00, 22.80it/s][A

 80%|████████  | 76/95 [00:03<00:00, 22.74it/s][A

 83%|████████▎ | 79/95 [00:03<00:00, 22.72it/s][A

 86%|████████▋ | 82/95 [00:03<00:00, 21.82it/s][A

 89%|████████▉ | 85/95 [00:03<00:00, 20.22it/s][A

 93%|█████████▎| 88/95 [00:03<00:00, 20.37it/s][A

 96%|█████████▌| 91/95 [00:04<00:00, 19.41it/s][A

 99%|█████████▉| 94/95 [00:04<00:00, 20.46it/s][A
                                                   

                                               
[A{'eval_loss': 0.2010544389486313, 'eval_tactics_precision_macro': 0.7531412016962555, 'eval_tactics_recall_macro': 0.3600782656831467, 'eval_tactics_f1_macro': 0.4807537432052091, 'eval_micro_f1': 0.4897264161652855, 'eval_runtime': 5.0394, 'eval_samples_per_second': 2400.086, 'eval_steps_per_second': 18.851, 'epoch': 1.0}

 33%|███▎      | 1071/3213 [02:55<04:56,  7.24it/s]

100%|██████████| 95/95 [00:04<00:00, 20.46it/s][A

                                               [A
 33%|███▎      | 1072/3213 [02:59<1:43:30,  2.90s/it]
 33%|███▎      | 1073/3213 [03:00<1:14:38,  2.09s/it]
 33%|███▎      | 1074/3213 [03:00<54:29,  1.53s/it]  
 33%|███▎      | 1075/3213 [03:00<39:37,  1.11s/it]
 33%|███▎      | 1076/3213 [03:00<29:29,  1.21it/s]
 34%|███▎      | 1077/3213 [03:00<22:02,  1.62it/s]
 34%|███▎      | 1078/3213 [03:00<16:57,  2.10it/s]
 34%|███▎      | 1079/3213 [03:01<13:46,  2.58it/s]
 34%|███▎      | 1080/3213 [03:01<11:41,  3.04it/s]
 34%|███▎      | 1081/3213 [03:01<10:01,  3.54it/s]
 34%|███▎      | 1082/3213 [03:01<08:55,  3.98it/s]
 34%|███▎      | 1083/3213 [03:01<07:46,  4.57it/s]
 34%|███▎      | 1084/3213 [03:01<07:15,  4.89it/s]
 34%|███▍      | 1085/3213 [03:02<07:20,  4.83it/s]
 34%|███▍      | 1086/3213 [03:02<06:40,  5.32it/s]
 34%|███▍      | 1087/3213 [03:02<06:13,  5.69it/s]
 34%|███▍      | 1088/3213 [03:02<05:37,  6.30it/s]
 34%|███▍      | 1089/3213 [03:02<05:49,  6.07it/s]
 34%|███▍      | 1090/3213 [03:02<05:25,  6.51it/s]
 34%|███▍      | 1091/3213 [03:03<05:28,  6.46it/s]
 34%|███▍      | 1092/3213 [03:03<05:18,  6.67it/s]
 34%|███▍      | 1093/3213 [03:03<05:36,  6.30it/s]
 34%|███▍      | 1094/3213 [03:03<05:17,  6.67it/s]
 34%|███▍      | 1095/3213 [03:03<05:14,  6.73it/s]
 34%|███▍      | 1096/3213 [03:03<04:57,  7.12it/s]
 34%|███▍      | 1097/3213 [03:03<04:49,  7.30it/s]
 34%|███▍      | 1098/3213 [03:04<05:11,  6.79it/s]
 34%|███▍      | 1099/3213 [03:04<05:27,  6.45it/s]
 34%|███▍      | 1100/3213 [03:04<05:21,  6.57it/s]
                                                   
{'loss': 0.206, 'grad_norm': 0.3014109134674072, 'learning_rate': 1.3152816682228448e-05, 'epoch': 1.03}

 34%|███▍      | 1100/3213 [03:04<05:21,  6.57it/s]
 34%|███▍      | 1101/3213 [03:04<04:56,  7.13it/s]
 34%|███▍      | 1102/3213 [03:04<05:47,  6.07it/s]
 34%|███▍      | 1103/3213 [03:04<05:17,  6.64it/s]
 34%|███▍      | 1104/3213 [03:04<05:04,  6.92it/s]
 34%|███▍      | 1105/3213 [03:05<04:57,  7.08it/s]
 34%|███▍      | 1106/3213 [03:05<05:17,  6.64it/s]
 34%|███▍      | 1107/3213 [03:05<05:14,  6.70it/s]
 34%|███▍      | 1108/3213 [03:05<05:01,  6.98it/s]
 35%|███▍      | 1109/3213 [03:05<05:02,  6.95it/s]
 35%|███▍      | 1110/3213 [03:05<04:48,  7.30it/s]
 35%|███▍      | 1111/3213 [03:05<04:44,  7.38it/s]
 35%|███▍      | 1112/3213 [03:06<05:03,  6.93it/s]
 35%|███▍      | 1113/3213 [03:06<05:05,  6.87it/s]
 35%|███▍      | 1114/3213 [03:06<04:53,  7.16it/s]
 35%|███▍      | 1115/3213 [03:06<04:50,  7.23it/s]
 35%|███▍      | 1116/3213 [03:06<05:04,  6.89it/s]
 35%|███▍      | 1117/3213 [03:06<05:10,  6.74it/s]
 35%|███▍      | 1118/3213 [03:07<05:02,  6.93it/s]
 35%|███▍      | 1119/3213 [03:07<04:51,  7.19it/s]
 35%|███▍      | 1120/3213 [03:07<04:49,  7.24it/s]
 35%|███▍      | 1121/3213 [03:07<05:10,  6.73it/s]
 35%|███▍      | 1122/3213 [03:07<05:00,  6.96it/s]
 35%|███▍      | 1123/3213 [03:07<04:43,  7.36it/s]
 35%|███▍      | 1124/3213 [03:07<04:55,  7.06it/s]
 35%|███▌      | 1125/3213 [03:07<04:42,  7.40it/s]
 35%|███▌      | 1126/3213 [03:08<04:54,  7.09it/s]
 35%|███▌      | 1127/3213 [03:08<05:05,  6.83it/s]
 35%|███▌      | 1128/3213 [03:08<05:14,  6.63it/s]
 35%|███▌      | 1129/3213 [03:08<05:04,  6.85it/s]
 35%|███▌      | 1130/3213 [03:08<05:01,  6.91it/s]
 35%|███▌      | 1131/3213 [03:08<04:56,  7.02it/s]
 35%|███▌      | 1132/3213 [03:08<04:55,  7.04it/s]
 35%|███▌      | 1133/3213 [03:09<04:56,  7.01it/s]
 35%|███▌      | 1134/3213 [03:09<04:47,  7.23it/s]
 35%|███▌      | 1135/3213 [03:09<04:57,  6.99it/s]
 35%|███▌      | 1136/3213 [03:09<04:39,  7.44it/s]
 35%|███▌      | 1137/3213 [03:09<04:35,  7.52it/s]
 35%|███▌      | 1138/3213 [03:09<04:29,  7.70it/s]
 35%|███▌      | 1139/3213 [03:09<04:39,  7.42it/s]
 35%|███▌      | 1140/3213 [03:10<04:46,  7.23it/s]
 36%|███▌      | 1141/3213 [03:10<04:37,  7.46it/s]
 36%|███▌      | 1142/3213 [03:10<05:06,  6.76it/s]
 36%|███▌      | 1143/3213 [03:10<04:43,  7.31it/s]
 36%|███▌      | 1144/3213 [03:10<05:13,  6.61it/s]
 36%|███▌      | 1145/3213 [03:10<05:05,  6.76it/s]
 36%|███▌      | 1146/3213 [03:10<04:53,  7.05it/s]
 36%|███▌      | 1147/3213 [03:11<05:37,  6.11it/s]
 36%|███▌      | 1148/3213 [03:11<05:14,  6.57it/s]
 36%|███▌      | 1149/3213 [03:11<04:54,  7.02it/s]
 36%|███▌      | 1150/3213 [03:11<04:53,  7.04it/s]
                                                   
{'loss': 0.1997, 'grad_norm': 0.3882797360420227, 'learning_rate': 1.2841581076875196e-05, 'epoch': 1.07}

 36%|███▌      | 1150/3213 [03:11<04:53,  7.04it/s]
 36%|███▌      | 1151/3213 [03:11<04:39,  7.36it/s]
 36%|███▌      | 1152/3213 [03:11<04:47,  7.17it/s]
 36%|███▌      | 1153/3213 [03:11<04:49,  7.13it/s]
 36%|███▌      | 1154/3213 [03:12<04:42,  7.29it/s]
 36%|███▌      | 1155/3213 [03:12<04:42,  7.29it/s]
 36%|███▌      | 1156/3213 [03:12<04:41,  7.30it/s]
 36%|███▌      | 1157/3213 [03:12<04:33,  7.52it/s]
 36%|███▌      | 1158/3213 [03:12<05:02,  6.78it/s]
 36%|███▌      | 1159/3213 [03:12<05:08,  6.66it/s]
 36%|███▌      | 1160/3213 [03:12<04:56,  6.93it/s]
 36%|███▌      | 1161/3213 [03:13<04:52,  7.02it/s]
 36%|███▌      | 1162/3213 [03:13<04:47,  7.13it/s]
 36%|███▌      | 1163/3213 [03:13<05:08,  6.65it/s]
 36%|███▌      | 1164/3213 [03:13<05:10,  6.61it/s]
 36%|███▋      | 1165/3213 [03:13<04:58,  6.86it/s]
 36%|███▋      | 1166/3213 [03:13<04:56,  6.91it/s]
 36%|███▋      | 1167/3213 [03:13<04:55,  6.93it/s]
 36%|███▋      | 1168/3213 [03:14<05:02,  6.76it/s]
 36%|███▋      | 1169/3213 [03:14<05:05,  6.68it/s]
 36%|███▋      | 1170/3213 [03:14<05:08,  6.62it/s]
 36%|███▋      | 1171/3213 [03:14<05:20,  6.37it/s]
 36%|███▋      | 1172/3213 [03:14<04:58,  6.84it/s]
 37%|███▋      | 1173/3213 [03:14<04:48,  7.07it/s]
 37%|███▋      | 1174/3213 [03:14<04:37,  7.34it/s]
 37%|███▋      | 1175/3213 [03:15<04:54,  6.92it/s]
 37%|███▋      | 1176/3213 [03:15<04:50,  7.01it/s]
 37%|███▋      | 1177/3213 [03:15<05:06,  6.65it/s]
 37%|███▋      | 1178/3213 [03:15<04:49,  7.02it/s]
 37%|███▋      | 1179/3213 [03:15<04:56,  6.85it/s]
 37%|███▋      | 1180/3213 [03:15<05:03,  6.71it/s]
 37%|███▋      | 1181/3213 [03:16<04:47,  7.06it/s]
 37%|███▋      | 1182/3213 [03:16<04:44,  7.15it/s]
 37%|███▋      | 1183/3213 [03:16<05:00,  6.75it/s]
 37%|███▋      | 1184/3213 [03:16<04:55,  6.86it/s]
 37%|███▋      | 1185/3213 [03:16<04:52,  6.92it/s]
 37%|███▋      | 1186/3213 [03:16<04:59,  6.76it/s]
 37%|███▋      | 1187/3213 [03:16<04:43,  7.14it/s]
 37%|███▋      | 1188/3213 [03:17<04:35,  7.34it/s]
 37%|███▋      | 1189/3213 [03:17<04:42,  7.17it/s]
 37%|███▋      | 1190/3213 [03:17<04:51,  6.94it/s]
 37%|███▋      | 1191/3213 [03:17<04:43,  7.13it/s]
 37%|███▋      | 1192/3213 [03:17<04:46,  7.05it/s]
 37%|███▋      | 1193/3213 [03:17<04:47,  7.03it/s]
 37%|███▋      | 1194/3213 [03:17<04:54,  6.85it/s]
 37%|███▋      | 1195/3213 [03:18<04:50,  6.94it/s]
 37%|███▋      | 1196/3213 [03:18<04:29,  7.47it/s]
 37%|███▋      | 1197/3213 [03:18<05:18,  6.33it/s]
 37%|███▋      | 1198/3213 [03:18<04:54,  6.85it/s]
 37%|███▋      | 1199/3213 [03:18<04:57,  6.76it/s]
 37%|███▋      | 1200/3213 [03:18<04:42,  7.13it/s]
                                                   
{'loss': 0.2027, 'grad_norm': 0.36136099696159363, 'learning_rate': 1.2530345471521943e-05, 'epoch': 1.12}

 37%|███▋      | 1200/3213 [03:18<04:42,  7.13it/s]
 37%|███▋      | 1201/3213 [03:18<04:29,  7.47it/s]
 37%|███▋      | 1202/3213 [03:18<04:24,  7.62it/s]
 37%|███▋      | 1203/3213 [03:19<04:24,  7.59it/s]
 37%|███▋      | 1204/3213 [03:19<04:22,  7.67it/s]
 38%|███▊      | 1205/3213 [03:19<04:36,  7.26it/s]
 38%|███▊      | 1206/3213 [03:19<04:20,  7.72it/s]
 38%|███▊      | 1207/3213 [03:19<04:21,  7.68it/s]
 38%|███▊      | 1208/3213 [03:19<04:27,  7.49it/s]
 38%|███▊      | 1209/3213 [03:19<04:33,  7.32it/s]
 38%|███▊      | 1210/3213 [03:20<04:50,  6.90it/s]
 38%|███▊      | 1211/3213 [03:20<04:29,  7.43it/s]
 38%|███▊      | 1212/3213 [03:20<05:01,  6.64it/s]
 38%|███▊      | 1213/3213 [03:20<04:51,  6.85it/s]
 38%|███▊      | 1214/3213 [03:20<04:37,  7.21it/s]
 38%|███▊      | 1215/3213 [03:20<04:59,  6.67it/s]
 38%|███▊      | 1216/3213 [03:20<04:34,  7.27it/s]
 38%|███▊      | 1217/3213 [03:21<04:42,  7.07it/s]
 38%|███▊      | 1218/3213 [03:21<04:51,  6.85it/s]
 38%|███▊      | 1219/3213 [03:21<05:13,  6.35it/s]
 38%|███▊      | 1220/3213 [03:21<04:54,  6.77it/s]
 38%|███▊      | 1221/3213 [03:21<04:38,  7.14it/s]
 38%|███▊      | 1222/3213 [03:21<04:31,  7.32it/s]
 38%|███▊      | 1223/3213 [03:21<04:44,  6.98it/s]
 38%|███▊      | 1224/3213 [03:22<04:34,  7.25it/s]
 38%|███▊      | 1225/3213 [03:22<04:22,  7.59it/s]
 38%|███▊      | 1226/3213 [03:22<04:51,  6.81it/s]
 38%|███▊      | 1227/3213 [03:22<04:38,  7.14it/s]
 38%|███▊      | 1228/3213 [03:22<04:32,  7.28it/s]
 38%|███▊      | 1229/3213 [03:22<04:22,  7.57it/s]
 38%|███▊      | 1230/3213 [03:22<04:23,  7.53it/s]
 38%|███▊      | 1231/3213 [03:23<04:25,  7.47it/s]
 38%|███▊      | 1232/3213 [03:23<04:53,  6.75it/s]
 38%|███▊      | 1233/3213 [03:23<05:05,  6.49it/s]
 38%|███▊      | 1234/3213 [03:23<04:46,  6.90it/s]
 38%|███▊      | 1235/3213 [03:23<05:00,  6.58it/s]
 38%|███▊      | 1236/3213 [03:23<05:08,  6.40it/s]
 38%|███▊      | 1237/3213 [03:23<04:57,  6.64it/s]
 39%|███▊      | 1238/3213 [03:24<05:09,  6.39it/s]
 39%|███▊      | 1239/3213 [03:24<05:07,  6.43it/s]
 39%|███▊      | 1240/3213 [03:24<04:53,  6.71it/s]
 39%|███▊      | 1241/3213 [03:24<05:08,  6.38it/s]
 39%|███▊      | 1242/3213 [03:24<04:42,  6.98it/s]
 39%|███▊      | 1243/3213 [03:24<04:46,  6.87it/s]
 39%|███▊      | 1244/3213 [03:24<04:24,  7.45it/s]
 39%|███▊      | 1245/3213 [03:25<04:51,  6.76it/s]
 39%|███▉      | 1246/3213 [03:25<04:53,  6.71it/s]
 39%|███▉      | 1247/3213 [03:25<04:42,  6.96it/s]
 39%|███▉      | 1248/3213 [03:25<04:41,  6.99it/s]
 39%|███▉      | 1249/3213 [03:25<04:48,  6.80it/s]
 39%|███▉      | 1250/3213 [03:25<04:51,  6.74it/s]
                                                   
{'loss': 0.1987, 'grad_norm': 0.3841414749622345, 'learning_rate': 1.221910986616869e-05, 'epoch': 1.17}

 39%|███▉      | 1250/3213 [03:25<04:51,  6.74it/s]
 39%|███▉      | 1251/3213 [03:26<04:53,  6.69it/s]
 39%|███▉      | 1252/3213 [03:26<04:39,  7.02it/s]
 39%|███▉      | 1253/3213 [03:26<05:01,  6.49it/s]
 39%|███▉      | 1254/3213 [03:26<04:47,  6.81it/s]
 39%|███▉      | 1255/3213 [03:26<04:35,  7.11it/s]
 39%|███▉      | 1256/3213 [03:26<04:24,  7.39it/s]
 39%|███▉      | 1257/3213 [03:26<04:17,  7.60it/s]
 39%|███▉      | 1258/3213 [03:26<04:13,  7.71it/s]
 39%|███▉      | 1259/3213 [03:27<04:27,  7.29it/s]
 39%|███▉      | 1260/3213 [03:27<04:38,  7.02it/s]
 39%|███▉      | 1261/3213 [03:27<04:18,  7.55it/s]
 39%|███▉      | 1262/3213 [03:27<04:14,  7.67it/s]
 39%|███▉      | 1263/3213 [03:27<04:21,  7.47it/s]
 39%|███▉      | 1264/3213 [03:27<04:17,  7.57it/s]
 39%|███▉      | 1265/3213 [03:27<04:13,  7.67it/s]
 39%|███▉      | 1266/3213 [03:28<04:36,  7.04it/s]
 39%|███▉      | 1267/3213 [03:28<05:44,  5.64it/s]
 39%|███▉      | 1268/3213 [03:28<06:03,  5.35it/s]
 39%|███▉      | 1269/3213 [03:28<05:23,  6.00it/s]
 40%|███▉      | 1270/3213 [03:28<05:11,  6.23it/s]
 40%|███▉      | 1271/3213 [03:28<04:50,  6.69it/s]
 40%|███▉      | 1272/3213 [03:29<04:50,  6.67it/s]
 40%|███▉      | 1273/3213 [03:29<04:55,  6.57it/s]
 40%|███▉      | 1274/3213 [03:29<04:38,  6.96it/s]
 40%|███▉      | 1275/3213 [03:29<04:25,  7.29it/s]
 40%|███▉      | 1276/3213 [03:29<04:18,  7.49it/s]
 40%|███▉      | 1277/3213 [03:29<04:41,  6.87it/s]
 40%|███▉      | 1278/3213 [03:29<04:30,  7.14it/s]
 40%|███▉      | 1279/3213 [03:30<04:47,  6.74it/s]
 40%|███▉      | 1280/3213 [03:30<04:45,  6.78it/s]
 40%|███▉      | 1281/3213 [03:30<04:35,  7.02it/s]
 40%|███▉      | 1282/3213 [03:30<04:24,  7.31it/s]
 40%|███▉      | 1283/3213 [03:30<04:26,  7.24it/s]
 40%|███▉      | 1284/3213 [03:30<04:19,  7.43it/s]
 40%|███▉      | 1285/3213 [03:30<04:24,  7.28it/s]
 40%|████      | 1286/3213 [03:31<04:22,  7.35it/s]
 40%|████      | 1287/3213 [03:31<04:24,  7.28it/s]
 40%|████      | 1288/3213 [03:31<04:09,  7.71it/s]
 40%|████      | 1289/3213 [03:31<04:24,  7.26it/s]
 40%|████      | 1290/3213 [03:31<04:24,  7.26it/s]
 40%|████      | 1291/3213 [03:31<04:16,  7.51it/s]
 40%|████      | 1292/3213 [03:31<04:31,  7.08it/s]
 40%|████      | 1293/3213 [03:31<04:14,  7.55it/s]
 40%|████      | 1294/3213 [03:32<04:24,  7.27it/s]
 40%|████      | 1295/3213 [03:32<04:34,  6.99it/s]
 40%|████      | 1296/3213 [03:32<04:22,  7.30it/s]
 40%|████      | 1297/3213 [03:32<04:14,  7.53it/s]
 40%|████      | 1298/3213 [03:32<04:09,  7.66it/s]
 40%|████      | 1299/3213 [03:32<04:04,  7.82it/s]
 40%|████      | 1300/3213 [03:32<04:10,  7.65it/s]
                                                   
{'loss': 0.2025, 'grad_norm': 0.3674425184726715, 'learning_rate': 1.1907874260815438e-05, 'epoch': 1.21}

 40%|████      | 1300/3213 [03:32<04:10,  7.65it/s]
 40%|████      | 1301/3213 [03:33<04:17,  7.41it/s]
 41%|████      | 1302/3213 [03:33<04:15,  7.48it/s]
 41%|████      | 1303/3213 [03:33<04:15,  7.47it/s]
 41%|████      | 1304/3213 [03:33<04:09,  7.64it/s]
 41%|████      | 1305/3213 [03:33<04:05,  7.78it/s]
 41%|████      | 1306/3213 [03:33<04:09,  7.63it/s]
 41%|████      | 1307/3213 [03:33<04:14,  7.50it/s]
 41%|████      | 1308/3213 [03:33<04:08,  7.66it/s]
 41%|████      | 1309/3213 [03:34<04:33,  6.97it/s]
 41%|████      | 1310/3213 [03:34<04:22,  7.24it/s]
 41%|████      | 1311/3213 [03:34<04:11,  7.55it/s]
 41%|████      | 1312/3213 [03:34<04:12,  7.53it/s]
 41%|████      | 1313/3213 [03:34<04:06,  7.71it/s]
 41%|████      | 1314/3213 [03:34<04:03,  7.81it/s]
 41%|████      | 1315/3213 [03:34<04:00,  7.90it/s]
 41%|████      | 1316/3213 [03:35<04:03,  7.80it/s]
 41%|████      | 1317/3213 [03:35<04:10,  7.57it/s]
 41%|████      | 1318/3213 [03:35<04:10,  7.57it/s]
 41%|████      | 1319/3213 [03:35<04:05,  7.72it/s]
 41%|████      | 1320/3213 [03:35<04:01,  7.84it/s]
 41%|████      | 1321/3213 [03:35<04:04,  7.75it/s]
 41%|████      | 1322/3213 [03:35<04:24,  7.15it/s]
 41%|████      | 1323/3213 [03:35<04:23,  7.18it/s]
 41%|████      | 1324/3213 [03:36<04:41,  6.71it/s]
 41%|████      | 1325/3213 [03:36<04:35,  6.85it/s]
 41%|████▏     | 1326/3213 [03:36<04:43,  6.65it/s]
 41%|████▏     | 1327/3213 [03:36<04:38,  6.76it/s]
 41%|████▏     | 1328/3213 [03:36<04:15,  7.39it/s]
 41%|████▏     | 1329/3213 [03:36<04:25,  7.09it/s]
 41%|████▏     | 1330/3213 [03:36<04:25,  7.09it/s]
 41%|████▏     | 1331/3213 [03:37<04:17,  7.32it/s]
 41%|████▏     | 1332/3213 [03:37<04:17,  7.30it/s]
 41%|████▏     | 1333/3213 [03:37<04:11,  7.46it/s]
 42%|████▏     | 1334/3213 [03:37<04:01,  7.77it/s]
 42%|████▏     | 1335/3213 [03:37<03:57,  7.90it/s]
 42%|████▏     | 1336/3213 [03:37<04:04,  7.69it/s]
 42%|████▏     | 1337/3213 [03:37<04:37,  6.77it/s]
 42%|████▏     | 1338/3213 [03:38<04:33,  6.86it/s]
 42%|████▏     | 1339/3213 [03:38<04:57,  6.30it/s]
 42%|████▏     | 1340/3213 [03:38<04:42,  6.63it/s]
 42%|████▏     | 1341/3213 [03:38<04:42,  6.63it/s]
 42%|████▏     | 1342/3213 [03:38<04:26,  7.02it/s]
 42%|████▏     | 1343/3213 [03:38<04:15,  7.31it/s]
 42%|████▏     | 1344/3213 [03:38<04:15,  7.31it/s]
 42%|████▏     | 1345/3213 [03:39<04:27,  6.99it/s]
 42%|████▏     | 1346/3213 [03:39<04:15,  7.32it/s]
 42%|████▏     | 1347/3213 [03:39<04:07,  7.55it/s]
 42%|████▏     | 1348/3213 [03:39<04:00,  7.74it/s]
 42%|████▏     | 1349/3213 [03:39<03:58,  7.81it/s]
 42%|████▏     | 1350/3213 [03:39<04:11,  7.40it/s]
                                                   
{'loss': 0.2057, 'grad_norm': 0.34244999289512634, 'learning_rate': 1.1596638655462186e-05, 'epoch': 1.26}

 42%|████▏     | 1350/3213 [03:39<04:11,  7.40it/s]
 42%|████▏     | 1351/3213 [03:39<04:28,  6.93it/s]
 42%|████▏     | 1352/3213 [03:40<04:24,  7.04it/s]
 42%|████▏     | 1353/3213 [03:40<04:22,  7.07it/s]
 42%|████▏     | 1354/3213 [03:40<04:25,  7.00it/s]
 42%|████▏     | 1355/3213 [03:40<04:30,  6.86it/s]
 42%|████▏     | 1356/3213 [03:40<04:18,  7.19it/s]
 42%|████▏     | 1357/3213 [03:40<04:08,  7.47it/s]
 42%|████▏     | 1358/3213 [03:40<04:01,  7.68it/s]
 42%|████▏     | 1359/3213 [03:41<04:16,  7.24it/s]
 42%|████▏     | 1360/3213 [03:41<04:40,  6.61it/s]
 42%|████▏     | 1361/3213 [03:41<04:16,  7.23it/s]
 42%|████▏     | 1362/3213 [03:41<04:09,  7.41it/s]
 42%|████▏     | 1363/3213 [03:41<04:11,  7.35it/s]
 42%|████▏     | 1364/3213 [03:41<03:59,  7.73it/s]
 42%|████▏     | 1365/3213 [03:41<04:24,  6.98it/s]
 43%|████▎     | 1366/3213 [03:41<04:26,  6.93it/s]
 43%|████▎     | 1367/3213 [03:42<04:32,  6.78it/s]
 43%|████▎     | 1368/3213 [03:42<04:45,  6.46it/s]
 43%|████▎     | 1369/3213 [03:42<04:57,  6.19it/s]
 43%|████▎     | 1370/3213 [03:42<04:29,  6.83it/s]
 43%|████▎     | 1371/3213 [03:42<04:17,  7.16it/s]
 43%|████▎     | 1372/3213 [03:42<04:08,  7.40it/s]
 43%|████▎     | 1373/3213 [03:42<04:05,  7.49it/s]
 43%|████▎     | 1374/3213 [03:43<04:09,  7.38it/s]
 43%|████▎     | 1375/3213 [03:43<04:21,  7.02it/s]
 43%|████▎     | 1376/3213 [03:43<04:14,  7.22it/s]
 43%|████▎     | 1377/3213 [03:43<04:05,  7.48it/s]
 43%|████▎     | 1378/3213 [03:43<04:11,  7.30it/s]
 43%|████▎     | 1379/3213 [03:43<04:09,  7.35it/s]
 43%|████▎     | 1380/3213 [03:43<04:24,  6.93it/s]
 43%|████▎     | 1381/3213 [03:44<04:31,  6.74it/s]
 43%|████▎     | 1382/3213 [03:44<04:33,  6.69it/s]
 43%|████▎     | 1383/3213 [03:44<04:41,  6.51it/s]
 43%|████▎     | 1384/3213 [03:44<04:21,  6.99it/s]
 43%|████▎     | 1385/3213 [03:44<04:10,  7.31it/s]
 43%|████▎     | 1386/3213 [03:44<04:02,  7.53it/s]
 43%|████▎     | 1387/3213 [03:44<03:57,  7.68it/s]
 43%|████▎     | 1388/3213 [03:45<04:06,  7.41it/s]
 43%|████▎     | 1389/3213 [03:45<04:08,  7.34it/s]
 43%|████▎     | 1390/3213 [03:45<04:00,  7.57it/s]
 43%|████▎     | 1391/3213 [03:45<03:53,  7.79it/s]
 43%|████▎     | 1392/3213 [03:45<03:51,  7.88it/s]
 43%|████▎     | 1393/3213 [03:45<04:06,  7.38it/s]
 43%|████▎     | 1394/3213 [03:45<04:11,  7.22it/s]
 43%|████▎     | 1395/3213 [03:46<04:16,  7.09it/s]
 43%|████▎     | 1396/3213 [03:46<04:24,  6.87it/s]
 43%|████▎     | 1397/3213 [03:46<04:20,  6.96it/s]
 44%|████▎     | 1398/3213 [03:46<04:29,  6.73it/s]
 44%|████▎     | 1399/3213 [03:46<04:19,  6.98it/s]
 44%|████▎     | 1400/3213 [03:46<04:04,  7.40it/s]
                                                   
{'loss': 0.1887, 'grad_norm': 0.4081936478614807, 'learning_rate': 1.1285403050108935e-05, 'epoch': 1.31}

 44%|████▎     | 1400/3213 [03:46<04:04,  7.40it/s]
 44%|████▎     | 1401/3213 [03:46<03:58,  7.59it/s]
 44%|████▎     | 1402/3213 [03:46<03:57,  7.63it/s]
 44%|████▎     | 1403/3213 [03:47<04:10,  7.23it/s]
 44%|████▎     | 1404/3213 [03:47<03:56,  7.66it/s]
 44%|████▎     | 1405/3213 [03:47<03:49,  7.87it/s]
 44%|████▍     | 1406/3213 [03:47<03:50,  7.83it/s]
 44%|████▍     | 1407/3213 [03:47<03:46,  7.99it/s]
 44%|████▍     | 1408/3213 [03:47<04:04,  7.39it/s]
 44%|████▍     | 1409/3213 [03:47<04:17,  7.00it/s]
 44%|████▍     | 1410/3213 [03:48<04:08,  7.24it/s]
 44%|████▍     | 1411/3213 [03:48<04:23,  6.84it/s]
 44%|████▍     | 1412/3213 [03:48<04:36,  6.52it/s]
 44%|████▍     | 1413/3213 [03:48<04:16,  7.02it/s]
 44%|████▍     | 1414/3213 [03:48<04:09,  7.21it/s]
 44%|████▍     | 1415/3213 [03:48<03:59,  7.50it/s]
 44%|████▍     | 1416/3213 [03:48<03:53,  7.68it/s]
 44%|████▍     | 1417/3213 [03:49<04:03,  7.38it/s]
 44%|████▍     | 1418/3213 [03:49<04:12,  7.12it/s]
 44%|████▍     | 1419/3213 [03:49<04:20,  6.88it/s]
 44%|████▍     | 1420/3213 [03:49<04:22,  6.82it/s]
 44%|████▍     | 1421/3213 [03:49<04:15,  7.02it/s]
 44%|████▍     | 1422/3213 [03:49<04:13,  7.07it/s]
 44%|████▍     | 1423/3213 [03:49<04:16,  6.98it/s]
 44%|████▍     | 1424/3213 [03:50<04:23,  6.78it/s]
 44%|████▍     | 1425/3213 [03:50<04:23,  6.78it/s]
 44%|████▍     | 1426/3213 [03:50<04:12,  7.07it/s]
 44%|████▍     | 1427/3213 [03:50<03:57,  7.51it/s]
 44%|████▍     | 1428/3213 [03:50<03:51,  7.71it/s]
 44%|████▍     | 1429/3213 [03:50<03:46,  7.86it/s]
 45%|████▍     | 1430/3213 [03:50<03:52,  7.67it/s]
 45%|████▍     | 1431/3213 [03:51<04:04,  7.28it/s]
 45%|████▍     | 1432/3213 [03:51<03:59,  7.45it/s]
 45%|████▍     | 1433/3213 [03:51<03:54,  7.58it/s]
 45%|████▍     | 1434/3213 [03:51<03:50,  7.73it/s]
 45%|████▍     | 1435/3213 [03:51<03:46,  7.86it/s]
 45%|████▍     | 1436/3213 [03:51<03:43,  7.95it/s]
 45%|████▍     | 1437/3213 [03:51<03:58,  7.46it/s]
 45%|████▍     | 1438/3213 [03:51<03:56,  7.50it/s]
 45%|████▍     | 1439/3213 [03:52<03:57,  7.46it/s]
 45%|████▍     | 1440/3213 [03:52<04:03,  7.29it/s]
 45%|████▍     | 1441/3213 [03:52<03:56,  7.50it/s]
 45%|████▍     | 1442/3213 [03:52<04:03,  7.28it/s]
 45%|████▍     | 1443/3213 [03:52<03:57,  7.44it/s]
 45%|████▍     | 1444/3213 [03:52<03:48,  7.74it/s]
 45%|████▍     | 1445/3213 [03:52<03:44,  7.87it/s]
 45%|████▌     | 1446/3213 [03:52<03:47,  7.76it/s]
 45%|████▌     | 1447/3213 [03:53<03:43,  7.91it/s]
 45%|████▌     | 1448/3213 [03:53<03:56,  7.45it/s]
 45%|████▌     | 1449/3213 [03:53<03:50,  7.65it/s]
 45%|████▌     | 1450/3213 [03:53<03:46,  7.78it/s]
                                                   
{'loss': 0.1993, 'grad_norm': 0.3287952244281769, 'learning_rate': 1.0974167444755681e-05, 'epoch': 1.35}

 45%|████▌     | 1450/3213 [03:53<03:46,  7.78it/s]
 45%|████▌     | 1451/3213 [03:53<03:44,  7.84it/s]
 45%|████▌     | 1452/3213 [03:53<04:06,  7.16it/s]
 45%|████▌     | 1453/3213 [03:53<04:09,  7.05it/s]
 45%|████▌     | 1454/3213 [03:54<03:58,  7.36it/s]
 45%|████▌     | 1455/3213 [03:54<04:13,  6.93it/s]
 45%|████▌     | 1456/3213 [03:54<04:23,  6.67it/s]
 45%|████▌     | 1457/3213 [03:54<04:08,  7.06it/s]
 45%|████▌     | 1458/3213 [03:54<03:58,  7.37it/s]
 45%|████▌     | 1459/3213 [03:54<03:49,  7.63it/s]
 45%|████▌     | 1460/3213 [03:54<03:45,  7.79it/s]
 45%|████▌     | 1461/3213 [03:54<03:44,  7.81it/s]
 46%|████▌     | 1462/3213 [03:55<04:12,  6.94it/s]
 46%|████▌     | 1463/3213 [03:55<03:57,  7.37it/s]
 46%|████▌     | 1464/3213 [03:55<04:00,  7.27it/s]
 46%|████▌     | 1465/3213 [03:55<03:45,  7.76it/s]
 46%|████▌     | 1466/3213 [03:55<03:44,  7.80it/s]
 46%|████▌     | 1467/3213 [03:55<04:10,  6.96it/s]
 46%|████▌     | 1468/3213 [03:55<04:12,  6.91it/s]
 46%|████▌     | 1469/3213 [03:56<04:07,  7.05it/s]
 46%|████▌     | 1470/3213 [03:56<04:05,  7.09it/s]
 46%|████▌     | 1471/3213 [03:56<04:10,  6.95it/s]
 46%|████▌     | 1472/3213 [03:56<03:57,  7.32it/s]
 46%|████▌     | 1473/3213 [03:56<04:00,  7.22it/s]
 46%|████▌     | 1474/3213 [03:56<03:43,  7.79it/s]
 46%|████▌     | 1475/3213 [03:56<03:40,  7.88it/s]
 46%|████▌     | 1476/3213 [03:57<03:43,  7.78it/s]
 46%|████▌     | 1477/3213 [03:57<04:08,  6.99it/s]
 46%|████▌     | 1478/3213 [03:57<03:55,  7.37it/s]
 46%|████▌     | 1479/3213 [03:57<03:57,  7.31it/s]
 46%|████▌     | 1480/3213 [03:57<03:49,  7.56it/s]
 46%|████▌     | 1481/3213 [03:57<03:51,  7.48it/s]
 46%|████▌     | 1482/3213 [03:57<03:55,  7.34it/s]
 46%|████▌     | 1483/3213 [03:58<04:01,  7.17it/s]
 46%|████▌     | 1484/3213 [03:58<05:50,  4.93it/s]
 46%|████▌     | 1485/3213 [03:58<05:54,  4.87it/s]
 46%|████▌     | 1486/3213 [03:58<05:27,  5.28it/s]
 46%|████▋     | 1487/3213 [03:58<04:58,  5.78it/s]
 46%|████▋     | 1488/3213 [03:58<04:27,  6.44it/s]
 46%|████▋     | 1489/3213 [03:59<04:37,  6.22it/s]
 46%|████▋     | 1490/3213 [03:59<04:11,  6.86it/s]
 46%|████▋     | 1491/3213 [03:59<03:59,  7.20it/s]
 46%|████▋     | 1492/3213 [03:59<03:51,  7.44it/s]
 46%|████▋     | 1493/3213 [03:59<03:56,  7.27it/s]
 46%|████▋     | 1494/3213 [03:59<04:09,  6.90it/s]
 47%|████▋     | 1495/3213 [03:59<04:04,  7.04it/s]
 47%|████▋     | 1496/3213 [04:00<03:56,  7.25it/s]
 47%|████▋     | 1497/3213 [04:00<04:25,  6.46it/s]
 47%|████▋     | 1498/3213 [04:00<04:14,  6.74it/s]
 47%|████▋     | 1499/3213 [04:00<04:05,  6.99it/s]
 47%|████▋     | 1500/3213 [04:00<03:49,  7.46it/s]
                                                   
{'loss': 0.2004, 'grad_norm': 0.32373669743537903, 'learning_rate': 1.0662931839402428e-05, 'epoch': 1.4}

 47%|████▋     | 1500/3213 [04:00<03:49,  7.46it/s]
 47%|████▋     | 1501/3213 [04:00<03:50,  7.44it/s]
 47%|████▋     | 1502/3213 [04:00<03:43,  7.65it/s]
 47%|████▋     | 1503/3213 [04:01<03:50,  7.41it/s]
 47%|████▋     | 1504/3213 [04:01<04:18,  6.60it/s]
 47%|████▋     | 1505/3213 [04:01<03:59,  7.13it/s]
 47%|████▋     | 1506/3213 [04:01<04:01,  7.08it/s]
 47%|████▋     | 1507/3213 [04:01<04:13,  6.72it/s]
 47%|████▋     | 1508/3213 [04:01<04:03,  6.99it/s]
 47%|████▋     | 1509/3213 [04:01<03:58,  7.15it/s]
 47%|████▋     | 1510/3213 [04:02<03:56,  7.21it/s]
 47%|████▋     | 1511/3213 [04:02<04:14,  6.70it/s]
 47%|████▋     | 1512/3213 [04:02<03:58,  7.13it/s]
 47%|████▋     | 1513/3213 [04:02<03:47,  7.47it/s]
 47%|████▋     | 1514/3213 [04:02<03:41,  7.67it/s]
 47%|████▋     | 1515/3213 [04:02<03:37,  7.82it/s]
 47%|████▋     | 1516/3213 [04:02<03:34,  7.91it/s]
 47%|████▋     | 1517/3213 [04:02<03:38,  7.77it/s]
 47%|████▋     | 1518/3213 [04:03<03:35,  7.88it/s]
 47%|████▋     | 1519/3213 [04:03<03:38,  7.75it/s]
 47%|████▋     | 1520/3213 [04:03<04:12,  6.70it/s]
 47%|████▋     | 1521/3213 [04:03<04:08,  6.80it/s]
 47%|████▋     | 1522/3213 [04:03<04:05,  6.90it/s]
 47%|████▋     | 1523/3213 [04:03<03:58,  7.08it/s]
 47%|████▋     | 1524/3213 [04:03<03:59,  7.04it/s]
 47%|████▋     | 1525/3213 [04:04<04:01,  6.98it/s]
 47%|████▋     | 1526/3213 [04:04<03:58,  7.08it/s]
 48%|████▊     | 1527/3213 [04:04<03:58,  7.06it/s]
 48%|████▊     | 1528/3213 [04:04<03:45,  7.46it/s]
 48%|████▊     | 1529/3213 [04:04<03:39,  7.66it/s]
 48%|████▊     | 1530/3213 [04:04<03:35,  7.80it/s]
 48%|████▊     | 1531/3213 [04:04<03:32,  7.91it/s]
 48%|████▊     | 1532/3213 [04:05<03:53,  7.20it/s]
 48%|████▊     | 1533/3213 [04:05<03:51,  7.25it/s]
 48%|████▊     | 1534/3213 [04:05<03:54,  7.14it/s]
 48%|████▊     | 1535/3213 [04:05<03:42,  7.56it/s]
 48%|████▊     | 1536/3213 [04:05<03:43,  7.51it/s]
 48%|████▊     | 1537/3213 [04:05<04:00,  6.98it/s]
 48%|████▊     | 1538/3213 [04:05<04:03,  6.88it/s]
 48%|████▊     | 1539/3213 [04:06<04:33,  6.11it/s]
 48%|████▊     | 1540/3213 [04:06<04:21,  6.39it/s]
 48%|████▊     | 1541/3213 [04:06<04:17,  6.50it/s]
 48%|████▊     | 1542/3213 [04:06<04:00,  6.94it/s]
 48%|████▊     | 1543/3213 [04:06<03:51,  7.22it/s]
 48%|████▊     | 1544/3213 [04:06<03:43,  7.47it/s]
 48%|████▊     | 1545/3213 [04:06<03:38,  7.65it/s]
 48%|████▊     | 1546/3213 [04:07<03:36,  7.71it/s]
 48%|████▊     | 1547/3213 [04:07<03:53,  7.15it/s]
 48%|████▊     | 1548/3213 [04:07<03:42,  7.48it/s]
 48%|████▊     | 1549/3213 [04:07<03:32,  7.83it/s]
 48%|████▊     | 1550/3213 [04:07<03:34,  7.74it/s]
                                                   
{'loss': 0.2001, 'grad_norm': 0.4008964002132416, 'learning_rate': 1.0351696234049176e-05, 'epoch': 1.45}

 48%|████▊     | 1550/3213 [04:07<03:34,  7.74it/s]
 48%|████▊     | 1551/3213 [04:07<03:43,  7.43it/s]
 48%|████▊     | 1552/3213 [04:07<03:55,  7.05it/s]
 48%|████▊     | 1553/3213 [04:08<03:56,  7.01it/s]
 48%|████▊     | 1554/3213 [04:08<04:21,  6.33it/s]
 48%|████▊     | 1555/3213 [04:08<04:17,  6.45it/s]
 48%|████▊     | 1556/3213 [04:08<03:58,  6.95it/s]
 48%|████▊     | 1557/3213 [04:08<04:45,  5.80it/s]
 48%|████▊     | 1558/3213 [04:08<04:21,  6.32it/s]
 49%|████▊     | 1559/3213 [04:08<04:11,  6.57it/s]
 49%|████▊     | 1560/3213 [04:09<03:52,  7.10it/s]
 49%|████▊     | 1561/3213 [04:09<04:03,  6.78it/s]
 49%|████▊     | 1562/3213 [04:09<03:51,  7.13it/s]
 49%|████▊     | 1563/3213 [04:09<03:43,  7.38it/s]
 49%|████▊     | 1564/3213 [04:09<03:42,  7.40it/s]
 49%|████▊     | 1565/3213 [04:09<03:42,  7.40it/s]
 49%|████▊     | 1566/3213 [04:09<03:48,  7.19it/s]
 49%|████▉     | 1567/3213 [04:10<03:32,  7.75it/s]
 49%|████▉     | 1568/3213 [04:10<04:02,  6.78it/s]
 49%|████▉     | 1569/3213 [04:10<03:59,  6.86it/s]
 49%|████▉     | 1570/3213 [04:10<03:42,  7.39it/s]
 49%|████▉     | 1571/3213 [04:10<03:37,  7.56it/s]
 49%|████▉     | 1572/3213 [04:10<03:47,  7.20it/s]
 49%|████▉     | 1573/3213 [04:10<03:37,  7.56it/s]
 49%|████▉     | 1574/3213 [04:11<03:44,  7.30it/s]
 49%|████▉     | 1575/3213 [04:11<04:35,  5.94it/s]
 49%|████▉     | 1576/3213 [04:11<04:36,  5.92it/s]
 49%|████▉     | 1577/3213 [04:11<04:38,  5.88it/s]
 49%|████▉     | 1578/3213 [04:11<04:18,  6.33it/s]
 49%|████▉     | 1579/3213 [04:11<04:14,  6.41it/s]
 49%|████▉     | 1580/3213 [04:12<04:11,  6.50it/s]
 49%|████▉     | 1581/3213 [04:12<03:57,  6.87it/s]
 49%|████▉     | 1582/3213 [04:12<04:28,  6.08it/s]
 49%|████▉     | 1583/3213 [04:12<03:59,  6.79it/s]
 49%|████▉     | 1584/3213 [04:12<04:03,  6.68it/s]
 49%|████▉     | 1585/3213 [04:12<04:03,  6.70it/s]
 49%|████▉     | 1586/3213 [04:12<03:42,  7.31it/s]
 49%|████▉     | 1587/3213 [04:13<03:58,  6.83it/s]
 49%|████▉     | 1588/3213 [04:13<04:09,  6.52it/s]
 49%|████▉     | 1589/3213 [04:13<04:00,  6.74it/s]
 49%|████▉     | 1590/3213 [04:13<04:11,  6.45it/s]
 50%|████▉     | 1591/3213 [04:13<03:52,  6.97it/s]
 50%|████▉     | 1592/3213 [04:13<04:15,  6.34it/s]
 50%|████▉     | 1593/3213 [04:14<04:35,  5.89it/s]
 50%|████▉     | 1594/3213 [04:14<04:21,  6.20it/s]
 50%|████▉     | 1595/3213 [04:14<04:52,  5.53it/s]
 50%|████▉     | 1596/3213 [04:14<04:23,  6.14it/s]
 50%|████▉     | 1597/3213 [04:14<04:05,  6.57it/s]
 50%|████▉     | 1598/3213 [04:14<04:10,  6.45it/s]
 50%|████▉     | 1599/3213 [04:14<04:06,  6.56it/s]
 50%|████▉     | 1600/3213 [04:15<04:03,  6.62it/s]
                                                   
{'loss': 0.1966, 'grad_norm': 0.34983012080192566, 'learning_rate': 1.0040460628695923e-05, 'epoch': 1.49}

 50%|████▉     | 1600/3213 [04:15<04:03,  6.62it/s]
 50%|████▉     | 1601/3213 [04:15<04:05,  6.55it/s]
 50%|████▉     | 1602/3213 [04:15<03:44,  7.16it/s]
 50%|████▉     | 1603/3213 [04:15<03:35,  7.49it/s]
 50%|████▉     | 1604/3213 [04:15<03:33,  7.55it/s]
 50%|████▉     | 1605/3213 [04:15<04:24,  6.08it/s]
 50%|████▉     | 1606/3213 [04:16<04:26,  6.03it/s]
 50%|█████     | 1607/3213 [04:16<04:23,  6.10it/s]
 50%|█████     | 1608/3213 [04:16<04:08,  6.46it/s]
 50%|█████     | 1609/3213 [04:16<04:27,  6.01it/s]
 50%|█████     | 1610/3213 [04:16<04:07,  6.48it/s]
 50%|█████     | 1611/3213 [04:16<04:11,  6.37it/s]
 50%|█████     | 1612/3213 [04:16<03:55,  6.79it/s]
 50%|█████     | 1613/3213 [04:17<03:51,  6.92it/s]
 50%|█████     | 1614/3213 [04:17<04:00,  6.65it/s]
 50%|█████     | 1615/3213 [04:17<03:43,  7.16it/s]
 50%|█████     | 1616/3213 [04:17<03:31,  7.54it/s]
 50%|█████     | 1617/3213 [04:17<03:28,  7.66it/s]
 50%|█████     | 1618/3213 [04:17<03:44,  7.11it/s]
 50%|█████     | 1619/3213 [04:17<03:43,  7.12it/s]
 50%|█████     | 1620/3213 [04:18<03:58,  6.68it/s]
 50%|█████     | 1621/3213 [04:18<04:11,  6.33it/s]
 50%|█████     | 1622/3213 [04:18<04:37,  5.74it/s]
 51%|█████     | 1623/3213 [04:18<04:15,  6.23it/s]
 51%|█████     | 1624/3213 [04:18<03:57,  6.70it/s]
 51%|█████     | 1625/3213 [04:18<03:43,  7.09it/s]
 51%|█████     | 1626/3213 [04:18<03:35,  7.37it/s]
 51%|█████     | 1627/3213 [04:19<03:47,  6.98it/s]
 51%|█████     | 1628/3213 [04:19<03:53,  6.78it/s]
 51%|█████     | 1629/3213 [04:19<03:43,  7.08it/s]
 51%|█████     | 1630/3213 [04:19<03:36,  7.33it/s]
 51%|█████     | 1631/3213 [04:19<03:42,  7.12it/s]
 51%|█████     | 1632/3213 [04:19<03:34,  7.36it/s]
 51%|█████     | 1633/3213 [04:19<03:58,  6.63it/s]
 51%|█████     | 1634/3213 [04:20<03:40,  7.15it/s]
 51%|█████     | 1635/3213 [04:20<03:49,  6.87it/s]
 51%|█████     | 1636/3213 [04:20<03:36,  7.27it/s]
 51%|█████     | 1637/3213 [04:20<03:28,  7.57it/s]
 51%|█████     | 1638/3213 [04:20<03:22,  7.79it/s]
 51%|█████     | 1639/3213 [04:20<03:32,  7.42it/s]
 51%|█████     | 1640/3213 [04:20<03:38,  7.19it/s]
 51%|█████     | 1641/3213 [04:21<03:58,  6.60it/s]
 51%|█████     | 1642/3213 [04:21<04:01,  6.50it/s]
 51%|█████     | 1643/3213 [04:21<03:58,  6.59it/s]
 51%|█████     | 1644/3213 [04:21<03:47,  6.90it/s]
 51%|█████     | 1645/3213 [04:21<04:00,  6.52it/s]
 51%|█████     | 1646/3213 [04:21<04:04,  6.41it/s]
 51%|█████▏    | 1647/3213 [04:22<03:58,  6.57it/s]
 51%|█████▏    | 1648/3213 [04:22<03:57,  6.60it/s]
 51%|█████▏    | 1649/3213 [04:22<03:53,  6.71it/s]
 51%|█████▏    | 1650/3213 [04:22<03:50,  6.78it/s]
                                                   
{'loss': 0.1996, 'grad_norm': 0.38105228543281555, 'learning_rate': 9.729225023342671e-06, 'epoch': 1.54}

 51%|█████▏    | 1650/3213 [04:22<03:50,  6.78it/s]
 51%|█████▏    | 1651/3213 [04:22<03:47,  6.88it/s]
 51%|█████▏    | 1652/3213 [04:22<03:42,  7.03it/s]
 51%|█████▏    | 1653/3213 [04:22<03:27,  7.50it/s]
 51%|█████▏    | 1654/3213 [04:22<03:23,  7.65it/s]
 52%|█████▏    | 1655/3213 [04:23<03:49,  6.79it/s]
 52%|█████▏    | 1656/3213 [04:23<03:44,  6.93it/s]
 52%|█████▏    | 1657/3213 [04:23<03:35,  7.22it/s]
 52%|█████▏    | 1658/3213 [04:23<03:37,  7.14it/s]
 52%|█████▏    | 1659/3213 [04:23<03:43,  6.95it/s]
 52%|█████▏    | 1660/3213 [04:23<03:36,  7.17it/s]
 52%|█████▏    | 1661/3213 [04:24<04:08,  6.23it/s]
 52%|█████▏    | 1662/3213 [04:24<03:51,  6.71it/s]
 52%|█████▏    | 1663/3213 [04:24<04:01,  6.41it/s]
 52%|█████▏    | 1664/3213 [04:24<04:18,  5.98it/s]
 52%|█████▏    | 1665/3213 [04:24<03:51,  6.68it/s]
 52%|█████▏    | 1666/3213 [04:24<03:49,  6.75it/s]
 52%|█████▏    | 1667/3213 [04:24<03:37,  7.11it/s]
 52%|█████▏    | 1668/3213 [04:25<03:34,  7.20it/s]
 52%|█████▏    | 1669/3213 [04:25<03:40,  6.99it/s]
 52%|█████▏    | 1670/3213 [04:25<03:47,  6.78it/s]
 52%|█████▏    | 1671/3213 [04:25<03:47,  6.77it/s]
 52%|█████▏    | 1672/3213 [04:25<03:40,  6.99it/s]
 52%|█████▏    | 1673/3213 [04:25<03:45,  6.84it/s]
 52%|█████▏    | 1674/3213 [04:25<03:36,  7.12it/s]
 52%|█████▏    | 1675/3213 [04:26<03:49,  6.71it/s]
 52%|█████▏    | 1676/3213 [04:26<03:44,  6.85it/s]
 52%|█████▏    | 1677/3213 [04:26<03:56,  6.50it/s]
 52%|█████▏    | 1678/3213 [04:26<03:34,  7.14it/s]
 52%|█████▏    | 1679/3213 [04:26<03:42,  6.90it/s]
 52%|█████▏    | 1680/3213 [04:26<03:42,  6.89it/s]
 52%|█████▏    | 1681/3213 [04:26<03:30,  7.28it/s]
 52%|█████▏    | 1682/3213 [04:27<03:36,  7.08it/s]
 52%|█████▏    | 1683/3213 [04:27<03:34,  7.12it/s]
 52%|█████▏    | 1684/3213 [04:27<03:34,  7.13it/s]
 52%|█████▏    | 1685/3213 [04:27<03:23,  7.50it/s]
 52%|█████▏    | 1686/3213 [04:27<03:21,  7.57it/s]
 53%|█████▎    | 1687/3213 [04:27<03:29,  7.28it/s]
 53%|█████▎    | 1688/3213 [04:27<03:25,  7.43it/s]
 53%|█████▎    | 1689/3213 [04:27<03:23,  7.49it/s]
 53%|█████▎    | 1690/3213 [04:28<03:27,  7.35it/s]
 53%|█████▎    | 1691/3213 [04:28<03:40,  6.92it/s]
 53%|█████▎    | 1692/3213 [04:28<03:33,  7.14it/s]
 53%|█████▎    | 1693/3213 [04:28<03:24,  7.42it/s]
 53%|█████▎    | 1694/3213 [04:28<03:23,  7.47it/s]
 53%|█████▎    | 1695/3213 [04:28<03:15,  7.77it/s]
 53%|█████▎    | 1696/3213 [04:28<03:11,  7.91it/s]
 53%|█████▎    | 1697/3213 [04:29<03:19,  7.61it/s]
 53%|█████▎    | 1698/3213 [04:29<03:41,  6.84it/s]
 53%|█████▎    | 1699/3213 [04:29<03:32,  7.12it/s]
 53%|█████▎    | 1700/3213 [04:29<03:20,  7.53it/s]
                                                   
{'loss': 0.1962, 'grad_norm': 0.3700333833694458, 'learning_rate': 9.417989417989418e-06, 'epoch': 1.59}

 53%|█████▎    | 1700/3213 [04:29<03:20,  7.53it/s]
 53%|█████▎    | 1701/3213 [04:29<03:20,  7.55it/s]
 53%|█████▎    | 1702/3213 [04:29<03:34,  7.03it/s]
 53%|█████▎    | 1703/3213 [04:29<03:53,  6.47it/s]
 53%|█████▎    | 1704/3213 [04:30<03:34,  7.04it/s]
 53%|█████▎    | 1705/3213 [04:30<03:51,  6.51it/s]
 53%|█████▎    | 1706/3213 [04:30<03:41,  6.82it/s]
 53%|█████▎    | 1707/3213 [04:30<03:31,  7.14it/s]
 53%|█████▎    | 1708/3213 [04:30<03:25,  7.31it/s]
 53%|█████▎    | 1709/3213 [04:30<03:33,  7.06it/s]
 53%|█████▎    | 1710/3213 [04:30<03:17,  7.61it/s]
 53%|█████▎    | 1711/3213 [04:31<03:20,  7.48it/s]
 53%|█████▎    | 1712/3213 [04:31<03:28,  7.18it/s]
 53%|█████▎    | 1713/3213 [04:31<03:36,  6.94it/s]
 53%|█████▎    | 1714/3213 [04:31<03:27,  7.21it/s]
 53%|█████▎    | 1715/3213 [04:31<03:33,  7.01it/s]
 53%|█████▎    | 1716/3213 [04:31<03:45,  6.63it/s]
 53%|█████▎    | 1717/3213 [04:31<03:35,  6.95it/s]
 53%|█████▎    | 1718/3213 [04:32<03:38,  6.85it/s]
 54%|█████▎    | 1719/3213 [04:32<03:34,  6.96it/s]
 54%|█████▎    | 1720/3213 [04:32<03:35,  6.94it/s]
 54%|█████▎    | 1721/3213 [04:32<03:32,  7.03it/s]
 54%|█████▎    | 1722/3213 [04:32<03:31,  7.05it/s]
 54%|█████▎    | 1723/3213 [04:32<03:29,  7.13it/s]
 54%|█████▎    | 1724/3213 [04:32<03:20,  7.41it/s]
 54%|█████▎    | 1725/3213 [04:33<03:20,  7.41it/s]
 54%|█████▎    | 1726/3213 [04:33<03:26,  7.19it/s]
 54%|█████▍    | 1727/3213 [04:33<03:35,  6.89it/s]
 54%|█████▍    | 1728/3213 [04:33<03:45,  6.58it/s]
 54%|█████▍    | 1729/3213 [04:33<03:32,  6.98it/s]
 54%|█████▍    | 1730/3213 [04:33<03:35,  6.89it/s]
 54%|█████▍    | 1731/3213 [04:33<03:28,  7.11it/s]
 54%|█████▍    | 1732/3213 [04:34<03:39,  6.75it/s]
 54%|█████▍    | 1733/3213 [04:34<04:11,  5.89it/s]
 54%|█████▍    | 1734/3213 [04:34<04:26,  5.54it/s]
 54%|█████▍    | 1735/3213 [04:34<04:23,  5.61it/s]
 54%|█████▍    | 1736/3213 [04:34<04:16,  5.76it/s]
 54%|█████▍    | 1737/3213 [04:35<04:23,  5.60it/s]
 54%|█████▍    | 1738/3213 [04:35<04:06,  5.98it/s]
 54%|█████▍    | 1739/3213 [04:35<04:19,  5.68it/s]
 54%|█████▍    | 1740/3213 [04:35<03:56,  6.23it/s]
 54%|█████▍    | 1741/3213 [04:35<03:52,  6.34it/s]
 54%|█████▍    | 1742/3213 [04:35<03:42,  6.60it/s]
 54%|█████▍    | 1743/3213 [04:35<03:57,  6.19it/s]
 54%|█████▍    | 1744/3213 [04:36<03:43,  6.59it/s]
 54%|█████▍    | 1745/3213 [04:36<03:44,  6.54it/s]
 54%|█████▍    | 1746/3213 [04:36<03:47,  6.44it/s]
 54%|█████▍    | 1747/3213 [04:36<03:32,  6.90it/s]
 54%|█████▍    | 1748/3213 [04:36<03:25,  7.13it/s]
 54%|█████▍    | 1749/3213 [04:36<03:18,  7.39it/s]
 54%|█████▍    | 1750/3213 [04:36<03:15,  7.49it/s]
                                                   
{'loss': 0.1973, 'grad_norm': 0.43279486894607544, 'learning_rate': 9.106753812636166e-06, 'epoch': 1.63}

 54%|█████▍    | 1750/3213 [04:36<03:15,  7.49it/s]
 54%|█████▍    | 1751/3213 [04:37<03:21,  7.25it/s]
 55%|█████▍    | 1752/3213 [04:37<03:24,  7.13it/s]
 55%|█████▍    | 1753/3213 [04:37<03:22,  7.21it/s]
 55%|█████▍    | 1754/3213 [04:37<03:25,  7.09it/s]
 55%|█████▍    | 1755/3213 [04:37<03:20,  7.29it/s]
 55%|█████▍    | 1756/3213 [04:37<03:32,  6.85it/s]
 55%|█████▍    | 1757/3213 [04:37<03:28,  7.00it/s]
 55%|█████▍    | 1758/3213 [04:38<03:30,  6.92it/s]
 55%|█████▍    | 1759/3213 [04:38<03:24,  7.11it/s]
 55%|█████▍    | 1760/3213 [04:38<03:29,  6.94it/s]
 55%|█████▍    | 1761/3213 [04:38<03:32,  6.84it/s]
 55%|█████▍    | 1762/3213 [04:38<03:31,  6.87it/s]
 55%|█████▍    | 1763/3213 [04:38<03:19,  7.28it/s]
 55%|█████▍    | 1764/3213 [04:38<03:27,  6.98it/s]
 55%|█████▍    | 1765/3213 [04:39<03:13,  7.50it/s]
 55%|█████▍    | 1766/3213 [04:39<03:38,  6.61it/s]
 55%|█████▍    | 1767/3213 [04:39<03:26,  7.02it/s]
 55%|█████▌    | 1768/3213 [04:39<03:40,  6.56it/s]
 55%|█████▌    | 1769/3213 [04:39<03:28,  6.93it/s]
 55%|█████▌    | 1770/3213 [04:39<03:43,  6.45it/s]
 55%|█████▌    | 1771/3213 [04:39<03:41,  6.52it/s]
 55%|█████▌    | 1772/3213 [04:40<03:43,  6.45it/s]
 55%|█████▌    | 1773/3213 [04:40<03:32,  6.76it/s]
 55%|█████▌    | 1774/3213 [04:40<03:42,  6.47it/s]
 55%|█████▌    | 1775/3213 [04:40<03:47,  6.31it/s]
 55%|█████▌    | 1776/3213 [04:40<03:37,  6.59it/s]
 55%|█████▌    | 1777/3213 [04:40<03:38,  6.58it/s]
 55%|█████▌    | 1778/3213 [04:41<03:43,  6.41it/s]
 55%|█████▌    | 1779/3213 [04:41<03:33,  6.71it/s]
 55%|█████▌    | 1780/3213 [04:41<03:19,  7.18it/s]
 55%|█████▌    | 1781/3213 [04:41<03:10,  7.51it/s]
 55%|█████▌    | 1782/3213 [04:41<03:07,  7.64it/s]
 55%|█████▌    | 1783/3213 [04:41<03:21,  7.10it/s]
 56%|█████▌    | 1784/3213 [04:41<03:27,  6.90it/s]
 56%|█████▌    | 1785/3213 [04:42<03:25,  6.95it/s]
 56%|█████▌    | 1786/3213 [04:42<03:37,  6.55it/s]
 56%|█████▌    | 1787/3213 [04:42<03:33,  6.67it/s]
 56%|█████▌    | 1788/3213 [04:42<03:33,  6.68it/s]
 56%|█████▌    | 1789/3213 [04:42<03:19,  7.15it/s]
 56%|█████▌    | 1790/3213 [04:42<03:16,  7.25it/s]
 56%|█████▌    | 1791/3213 [04:42<03:10,  7.48it/s]
 56%|█████▌    | 1792/3213 [04:42<03:06,  7.61it/s]
 56%|█████▌    | 1793/3213 [04:43<03:17,  7.20it/s]
 56%|█████▌    | 1794/3213 [04:43<03:21,  7.03it/s]
 56%|█████▌    | 1795/3213 [04:43<03:17,  7.20it/s]
 56%|█████▌    | 1796/3213 [04:43<03:11,  7.39it/s]
 56%|█████▌    | 1797/3213 [04:43<03:14,  7.27it/s]
 56%|█████▌    | 1798/3213 [04:43<03:22,  6.98it/s]
 56%|█████▌    | 1799/3213 [04:43<03:13,  7.29it/s]
 56%|█████▌    | 1800/3213 [04:44<03:36,  6.53it/s]
                                                   
{'loss': 0.202, 'grad_norm': 0.35767507553100586, 'learning_rate': 8.795518207282914e-06, 'epoch': 1.68}

 56%|█████▌    | 1800/3213 [04:44<03:36,  6.53it/s]
 56%|█████▌    | 1801/3213 [04:44<03:21,  7.01it/s]
 56%|█████▌    | 1802/3213 [04:44<03:24,  6.88it/s]
 56%|█████▌    | 1803/3213 [04:44<03:18,  7.11it/s]
 56%|█████▌    | 1804/3213 [04:44<03:25,  6.86it/s]
 56%|█████▌    | 1805/3213 [04:44<03:23,  6.93it/s]
 56%|█████▌    | 1806/3213 [04:45<03:39,  6.42it/s]
 56%|█████▌    | 1807/3213 [04:45<03:45,  6.23it/s]
 56%|█████▋    | 1808/3213 [04:45<03:53,  6.02it/s]
 56%|█████▋    | 1809/3213 [04:45<03:36,  6.49it/s]
 56%|█████▋    | 1810/3213 [04:45<03:42,  6.29it/s]
 56%|█████▋    | 1811/3213 [04:45<03:45,  6.22it/s]
 56%|█████▋    | 1812/3213 [04:46<03:49,  6.11it/s]
 56%|█████▋    | 1813/3213 [04:46<03:56,  5.92it/s]
 56%|█████▋    | 1814/3213 [04:46<03:47,  6.16it/s]
 56%|█████▋    | 1815/3213 [04:46<03:51,  6.04it/s]
 57%|█████▋    | 1816/3213 [04:46<03:42,  6.27it/s]
 57%|█████▋    | 1817/3213 [04:46<03:42,  6.26it/s]
 57%|█████▋    | 1818/3213 [04:46<03:22,  6.87it/s]
 57%|█████▋    | 1819/3213 [04:47<03:34,  6.50it/s]
 57%|█████▋    | 1820/3213 [04:47<03:51,  6.01it/s]
 57%|█████▋    | 1821/3213 [04:47<03:38,  6.38it/s]
 57%|█████▋    | 1822/3213 [04:47<03:17,  7.04it/s]
 57%|█████▋    | 1823/3213 [04:47<03:25,  6.76it/s]
 57%|█████▋    | 1824/3213 [04:47<03:42,  6.26it/s]
 57%|█████▋    | 1825/3213 [04:48<03:25,  6.75it/s]
 57%|█████▋    | 1826/3213 [04:48<03:39,  6.33it/s]
 57%|█████▋    | 1827/3213 [04:48<03:32,  6.51it/s]
 57%|█████▋    | 1828/3213 [04:48<03:29,  6.61it/s]
 57%|█████▋    | 1829/3213 [04:48<03:30,  6.57it/s]
 57%|█████▋    | 1830/3213 [04:48<03:27,  6.68it/s]
 57%|█████▋    | 1831/3213 [04:48<03:21,  6.87it/s]
 57%|█████▋    | 1832/3213 [04:49<03:23,  6.79it/s]
 57%|█████▋    | 1833/3213 [04:49<03:19,  6.92it/s]
 57%|█████▋    | 1834/3213 [04:49<03:21,  6.84it/s]
 57%|█████▋    | 1835/3213 [04:49<03:08,  7.30it/s]
 57%|█████▋    | 1836/3213 [04:49<03:06,  7.37it/s]
 57%|█████▋    | 1837/3213 [04:49<03:12,  7.14it/s]
 57%|█████▋    | 1838/3213 [04:49<03:13,  7.10it/s]
 57%|█████▋    | 1839/3213 [04:50<03:28,  6.59it/s]
 57%|█████▋    | 1840/3213 [04:50<03:24,  6.71it/s]
 57%|█████▋    | 1841/3213 [04:50<03:25,  6.66it/s]
 57%|█████▋    | 1842/3213 [04:50<03:30,  6.53it/s]
 57%|█████▋    | 1843/3213 [04:50<03:25,  6.65it/s]
 57%|█████▋    | 1844/3213 [04:50<03:17,  6.92it/s]
 57%|█████▋    | 1845/3213 [04:51<03:36,  6.32it/s]
 57%|█████▋    | 1846/3213 [04:51<03:39,  6.23it/s]
 57%|█████▋    | 1847/3213 [04:51<03:31,  6.46it/s]
 58%|█████▊    | 1848/3213 [04:51<04:03,  5.61it/s]
 58%|█████▊    | 1849/3213 [04:51<03:45,  6.06it/s]
 58%|█████▊    | 1850/3213 [04:51<03:34,  6.37it/s]
                                                   
{'loss': 0.1891, 'grad_norm': 0.3471556603908539, 'learning_rate': 8.484282601929661e-06, 'epoch': 1.73}

 58%|█████▊    | 1850/3213 [04:51<03:34,  6.37it/s]
 58%|█████▊    | 1851/3213 [04:52<03:57,  5.74it/s]
 58%|█████▊    | 1852/3213 [04:52<03:44,  6.07it/s]
 58%|█████▊    | 1853/3213 [04:52<03:56,  5.75it/s]
 58%|█████▊    | 1854/3213 [04:52<03:57,  5.73it/s]
 58%|█████▊    | 1855/3213 [04:52<04:38,  4.88it/s]
 58%|█████▊    | 1856/3213 [04:52<04:15,  5.32it/s]
 58%|█████▊    | 1857/3213 [04:53<03:53,  5.80it/s]
 58%|█████▊    | 1858/3213 [04:53<04:00,  5.63it/s]
 58%|█████▊    | 1859/3213 [04:53<03:53,  5.79it/s]
 58%|█████▊    | 1860/3213 [04:53<03:55,  5.76it/s]
 58%|█████▊    | 1861/3213 [04:53<03:53,  5.78it/s]
 58%|█████▊    | 1862/3213 [04:54<04:01,  5.60it/s]
 58%|█████▊    | 1863/3213 [04:54<03:52,  5.80it/s]
 58%|█████▊    | 1864/3213 [04:54<03:50,  5.85it/s]
 58%|█████▊    | 1865/3213 [04:54<03:30,  6.41it/s]
 58%|█████▊    | 1866/3213 [04:54<03:16,  6.87it/s]
 58%|█████▊    | 1867/3213 [04:54<03:14,  6.91it/s]
 58%|█████▊    | 1868/3213 [04:54<03:33,  6.30it/s]
 58%|█████▊    | 1869/3213 [04:55<03:18,  6.77it/s]
 58%|█████▊    | 1870/3213 [04:55<03:34,  6.26it/s]
 58%|█████▊    | 1871/3213 [04:55<03:27,  6.47it/s]
 58%|█████▊    | 1872/3213 [04:55<03:11,  6.99it/s]
 58%|█████▊    | 1873/3213 [04:55<03:07,  7.16it/s]
 58%|█████▊    | 1874/3213 [04:55<03:21,  6.65it/s]
 58%|█████▊    | 1875/3213 [04:55<03:29,  6.37it/s]
 58%|█████▊    | 1876/3213 [04:56<03:19,  6.70it/s]
 58%|█████▊    | 1877/3213 [04:56<03:29,  6.38it/s]
 58%|█████▊    | 1878/3213 [04:56<03:23,  6.57it/s]
 58%|█████▊    | 1879/3213 [04:56<03:16,  6.80it/s]
 59%|█████▊    | 1880/3213 [04:56<03:05,  7.20it/s]
 59%|█████▊    | 1881/3213 [04:56<03:16,  6.78it/s]
 59%|█████▊    | 1882/3213 [04:56<03:02,  7.30it/s]
 59%|█████▊    | 1883/3213 [04:57<03:02,  7.27it/s]
 59%|█████▊    | 1884/3213 [04:57<03:13,  6.86it/s]
 59%|█████▊    | 1885/3213 [04:57<03:04,  7.18it/s]
 59%|█████▊    | 1886/3213 [04:57<03:00,  7.33it/s]
 59%|█████▊    | 1887/3213 [04:57<02:52,  7.67it/s]
 59%|█████▉    | 1888/3213 [04:57<02:54,  7.60it/s]
 59%|█████▉    | 1889/3213 [04:57<02:59,  7.37it/s]
 59%|█████▉    | 1890/3213 [04:58<03:11,  6.91it/s]
 59%|█████▉    | 1891/3213 [04:58<03:49,  5.76it/s]
 59%|█████▉    | 1892/3213 [04:58<03:49,  5.74it/s]
 59%|█████▉    | 1893/3213 [04:58<03:29,  6.30it/s]
 59%|█████▉    | 1894/3213 [04:58<03:37,  6.07it/s]
 59%|█████▉    | 1895/3213 [04:58<03:28,  6.32it/s]
 59%|█████▉    | 1896/3213 [04:59<03:19,  6.62it/s]
 59%|█████▉    | 1897/3213 [04:59<03:17,  6.66it/s]
 59%|█████▉    | 1898/3213 [04:59<03:40,  5.95it/s]
 59%|█████▉    | 1899/3213 [04:59<03:22,  6.47it/s]
 59%|█████▉    | 1900/3213 [04:59<03:15,  6.72it/s]
                                                   
{'loss': 0.195, 'grad_norm': 0.4197484850883484, 'learning_rate': 8.17304699657641e-06, 'epoch': 1.77}

 59%|█████▉    | 1900/3213 [04:59<03:15,  6.72it/s]
 59%|█████▉    | 1901/3213 [04:59<03:08,  6.95it/s]
 59%|█████▉    | 1902/3213 [04:59<03:24,  6.41it/s]
 59%|█████▉    | 1903/3213 [05:00<03:12,  6.79it/s]
 59%|█████▉    | 1904/3213 [05:00<03:11,  6.82it/s]
 59%|█████▉    | 1905/3213 [05:00<03:13,  6.75it/s]
 59%|█████▉    | 1906/3213 [05:00<03:12,  6.78it/s]
 59%|█████▉    | 1907/3213 [05:00<03:04,  7.07it/s]
 59%|█████▉    | 1908/3213 [05:00<03:02,  7.17it/s]
 59%|█████▉    | 1909/3213 [05:00<02:54,  7.48it/s]
 59%|█████▉    | 1910/3213 [05:01<02:58,  7.30it/s]
 59%|█████▉    | 1911/3213 [05:01<03:02,  7.12it/s]
 60%|█████▉    | 1912/3213 [05:01<02:58,  7.28it/s]
 60%|█████▉    | 1913/3213 [05:01<02:53,  7.49it/s]
 60%|█████▉    | 1914/3213 [05:01<02:55,  7.40it/s]
 60%|█████▉    | 1915/3213 [05:01<02:48,  7.72it/s]
 60%|█████▉    | 1916/3213 [05:01<02:56,  7.34it/s]
 60%|█████▉    | 1917/3213 [05:02<02:54,  7.41it/s]
 60%|█████▉    | 1918/3213 [05:02<02:51,  7.55it/s]
 60%|█████▉    | 1919/3213 [05:02<02:49,  7.65it/s]
 60%|█████▉    | 1920/3213 [05:02<02:47,  7.73it/s]
 60%|█████▉    | 1921/3213 [05:02<02:49,  7.61it/s]
 60%|█████▉    | 1922/3213 [05:02<02:54,  7.41it/s]
 60%|█████▉    | 1923/3213 [05:02<02:56,  7.31it/s]
 60%|█████▉    | 1924/3213 [05:02<02:51,  7.53it/s]
 60%|█████▉    | 1925/3213 [05:03<03:01,  7.09it/s]
 60%|█████▉    | 1926/3213 [05:03<03:01,  7.10it/s]
 60%|█████▉    | 1927/3213 [05:03<03:02,  7.05it/s]
 60%|██████    | 1928/3213 [05:03<02:55,  7.33it/s]
 60%|██████    | 1929/3213 [05:03<02:55,  7.31it/s]
 60%|██████    | 1930/3213 [05:03<02:47,  7.66it/s]
 60%|██████    | 1931/3213 [05:03<02:47,  7.64it/s]
 60%|██████    | 1932/3213 [05:04<03:02,  7.01it/s]
 60%|██████    | 1933/3213 [05:04<03:29,  6.11it/s]
 60%|██████    | 1934/3213 [05:04<03:48,  5.61it/s]
 60%|██████    | 1935/3213 [05:04<03:43,  5.72it/s]
 60%|██████    | 1936/3213 [05:04<03:38,  5.85it/s]
 60%|██████    | 1937/3213 [05:04<03:25,  6.22it/s]
 60%|██████    | 1938/3213 [05:05<03:40,  5.79it/s]
 60%|██████    | 1939/3213 [05:05<03:21,  6.32it/s]
 60%|██████    | 1940/3213 [05:05<03:15,  6.53it/s]
 60%|██████    | 1941/3213 [05:05<03:04,  6.88it/s]
 60%|██████    | 1942/3213 [05:05<03:05,  6.87it/s]
 60%|██████    | 1943/3213 [05:05<03:01,  7.01it/s]
 61%|██████    | 1944/3213 [05:05<03:06,  6.81it/s]
 61%|██████    | 1945/3213 [05:06<03:16,  6.46it/s]
 61%|██████    | 1946/3213 [05:06<03:04,  6.87it/s]
 61%|██████    | 1947/3213 [05:06<03:06,  6.79it/s]
 61%|██████    | 1948/3213 [05:06<02:59,  7.05it/s]
 61%|██████    | 1949/3213 [05:06<02:57,  7.14it/s]
 61%|██████    | 1950/3213 [05:06<02:53,  7.26it/s]
                                                   
{'loss': 0.1967, 'grad_norm': 0.4214646518230438, 'learning_rate': 7.861811391223156e-06, 'epoch': 1.82}

 61%|██████    | 1950/3213 [05:06<02:53,  7.26it/s]
 61%|██████    | 1951/3213 [05:06<02:49,  7.45it/s]
 61%|██████    | 1952/3213 [05:07<02:46,  7.59it/s]
 61%|██████    | 1953/3213 [05:07<02:58,  7.07it/s]
 61%|██████    | 1954/3213 [05:07<02:49,  7.42it/s]
 61%|██████    | 1955/3213 [05:07<02:47,  7.50it/s]
 61%|██████    | 1956/3213 [05:07<02:44,  7.62it/s]
 61%|██████    | 1957/3213 [05:07<02:49,  7.40it/s]
 61%|██████    | 1958/3213 [05:07<02:45,  7.59it/s]
 61%|██████    | 1959/3213 [05:08<02:56,  7.12it/s]
 61%|██████    | 1960/3213 [05:08<02:52,  7.25it/s]
 61%|██████    | 1961/3213 [05:08<02:54,  7.19it/s]
 61%|██████    | 1962/3213 [05:08<02:58,  7.02it/s]
 61%|██████    | 1963/3213 [05:08<02:48,  7.40it/s]
 61%|██████    | 1964/3213 [05:08<02:53,  7.20it/s]
 61%|██████    | 1965/3213 [05:08<02:54,  7.15it/s]
 61%|██████    | 1966/3213 [05:09<02:49,  7.34it/s]
 61%|██████    | 1967/3213 [05:09<02:50,  7.31it/s]
 61%|██████▏   | 1968/3213 [05:09<02:51,  7.25it/s]
 61%|██████▏   | 1969/3213 [05:09<02:45,  7.51it/s]
 61%|██████▏   | 1970/3213 [05:09<02:41,  7.70it/s]
 61%|██████▏   | 1971/3213 [05:09<02:48,  7.39it/s]
 61%|██████▏   | 1972/3213 [05:09<02:54,  7.12it/s]
 61%|██████▏   | 1973/3213 [05:09<02:47,  7.42it/s]
 61%|██████▏   | 1974/3213 [05:10<03:07,  6.62it/s]
 61%|██████▏   | 1975/3213 [05:10<02:56,  7.03it/s]
 62%|██████▏   | 1976/3213 [05:10<02:57,  6.98it/s]
 62%|██████▏   | 1977/3213 [05:10<02:43,  7.57it/s]
 62%|██████▏   | 1978/3213 [05:10<02:46,  7.41it/s]
 62%|██████▏   | 1979/3213 [05:10<02:53,  7.13it/s]
 62%|██████▏   | 1980/3213 [05:10<02:49,  7.25it/s]
 62%|██████▏   | 1981/3213 [05:11<02:48,  7.32it/s]
 62%|██████▏   | 1982/3213 [05:11<02:51,  7.19it/s]
 62%|██████▏   | 1983/3213 [05:11<02:45,  7.44it/s]
 62%|██████▏   | 1984/3213 [05:11<02:43,  7.53it/s]
 62%|██████▏   | 1985/3213 [05:11<02:40,  7.64it/s]
 62%|██████▏   | 1986/3213 [05:11<02:47,  7.33it/s]
 62%|██████▏   | 1987/3213 [05:11<02:49,  7.25it/s]
 62%|██████▏   | 1988/3213 [05:12<02:51,  7.15it/s]
 62%|██████▏   | 1989/3213 [05:12<02:48,  7.27it/s]
 62%|██████▏   | 1990/3213 [05:12<02:54,  7.00it/s]
 62%|██████▏   | 1991/3213 [05:12<02:46,  7.33it/s]
 62%|██████▏   | 1992/3213 [05:12<02:40,  7.61it/s]
 62%|██████▏   | 1993/3213 [05:12<02:40,  7.61it/s]
 62%|██████▏   | 1994/3213 [05:12<02:41,  7.54it/s]
 62%|██████▏   | 1995/3213 [05:12<02:44,  7.41it/s]
 62%|██████▏   | 1996/3213 [05:13<02:45,  7.35it/s]
 62%|██████▏   | 1997/3213 [05:13<02:46,  7.30it/s]
 62%|██████▏   | 1998/3213 [05:13<02:54,  6.96it/s]
 62%|██████▏   | 1999/3213 [05:13<02:48,  7.20it/s]
 62%|██████▏   | 2000/3213 [05:13<02:51,  7.08it/s]
                                                   
{'loss': 0.1921, 'grad_norm': 0.4868065416812897, 'learning_rate': 7.550575785869904e-06, 'epoch': 1.87}

 62%|██████▏   | 2000/3213 [05:13<02:51,  7.08it/s]
 62%|██████▏   | 2001/3213 [05:13<02:54,  6.96it/s]
 62%|██████▏   | 2002/3213 [05:13<02:52,  7.00it/s]
 62%|██████▏   | 2003/3213 [05:14<02:59,  6.74it/s]
 62%|██████▏   | 2004/3213 [05:14<02:58,  6.76it/s]
 62%|██████▏   | 2005/3213 [05:14<02:54,  6.93it/s]
 62%|██████▏   | 2006/3213 [05:14<02:49,  7.13it/s]
 62%|██████▏   | 2007/3213 [05:14<02:51,  7.03it/s]
 62%|██████▏   | 2008/3213 [05:14<02:40,  7.53it/s]
 63%|██████▎   | 2009/3213 [05:14<02:42,  7.42it/s]
 63%|██████▎   | 2010/3213 [05:15<02:43,  7.36it/s]
 63%|██████▎   | 2011/3213 [05:15<03:00,  6.66it/s]
 63%|██████▎   | 2012/3213 [05:15<02:55,  6.84it/s]
 63%|██████▎   | 2013/3213 [05:15<02:47,  7.16it/s]
 63%|██████▎   | 2014/3213 [05:15<02:44,  7.28it/s]
 63%|██████▎   | 2015/3213 [05:15<02:51,  6.98it/s]
 63%|██████▎   | 2016/3213 [05:15<02:54,  6.86it/s]
 63%|██████▎   | 2017/3213 [05:16<02:46,  7.20it/s]
 63%|██████▎   | 2018/3213 [05:16<02:47,  7.13it/s]
 63%|██████▎   | 2019/3213 [05:16<02:45,  7.22it/s]
 63%|██████▎   | 2020/3213 [05:16<02:48,  7.06it/s]
 63%|██████▎   | 2021/3213 [05:16<02:48,  7.06it/s]
 63%|██████▎   | 2022/3213 [05:16<02:41,  7.37it/s]
 63%|██████▎   | 2023/3213 [05:16<02:43,  7.30it/s]
 63%|██████▎   | 2024/3213 [05:17<02:48,  7.07it/s]
 63%|██████▎   | 2025/3213 [05:17<02:51,  6.93it/s]
 63%|██████▎   | 2026/3213 [05:17<02:50,  6.96it/s]
 63%|██████▎   | 2027/3213 [05:17<02:38,  7.48it/s]
 63%|██████▎   | 2028/3213 [05:17<02:44,  7.19it/s]
 63%|██████▎   | 2029/3213 [05:17<02:47,  7.05it/s]
 63%|██████▎   | 2030/3213 [05:17<02:44,  7.19it/s]
 63%|██████▎   | 2031/3213 [05:18<03:02,  6.48it/s]
 63%|██████▎   | 2032/3213 [05:18<02:46,  7.07it/s]
 63%|██████▎   | 2033/3213 [05:18<03:05,  6.35it/s]
 63%|██████▎   | 2034/3213 [05:18<02:52,  6.85it/s]
 63%|██████▎   | 2035/3213 [05:18<02:44,  7.15it/s]
 63%|██████▎   | 2036/3213 [05:18<02:44,  7.18it/s]
 63%|██████▎   | 2037/3213 [05:18<02:37,  7.47it/s]
 63%|██████▎   | 2038/3213 [05:19<02:33,  7.67it/s]
 63%|██████▎   | 2039/3213 [05:19<02:55,  6.67it/s]
 63%|██████▎   | 2040/3213 [05:19<02:52,  6.78it/s]
 64%|██████▎   | 2041/3213 [05:19<02:44,  7.14it/s]
 64%|██████▎   | 2042/3213 [05:19<02:41,  7.26it/s]
 64%|██████▎   | 2043/3213 [05:19<02:36,  7.46it/s]
 64%|██████▎   | 2044/3213 [05:19<02:35,  7.49it/s]
 64%|██████▎   | 2045/3213 [05:20<02:38,  7.39it/s]
 64%|██████▎   | 2046/3213 [05:20<02:31,  7.68it/s]
 64%|██████▎   | 2047/3213 [05:20<02:41,  7.22it/s]
 64%|██████▎   | 2048/3213 [05:20<02:35,  7.48it/s]
 64%|██████▍   | 2049/3213 [05:20<03:02,  6.37it/s]
 64%|██████▍   | 2050/3213 [05:20<02:53,  6.72it/s]
                                                   
{'loss': 0.1957, 'grad_norm': 0.4512321650981903, 'learning_rate': 7.239340180516652e-06, 'epoch': 1.91}

 64%|██████▍   | 2050/3213 [05:20<02:53,  6.72it/s]
 64%|██████▍   | 2051/3213 [05:20<02:52,  6.75it/s]
 64%|██████▍   | 2052/3213 [05:21<02:51,  6.78it/s]
 64%|██████▍   | 2053/3213 [05:21<03:03,  6.32it/s]
 64%|██████▍   | 2054/3213 [05:21<02:55,  6.60it/s]
 64%|██████▍   | 2055/3213 [05:21<02:46,  6.96it/s]
 64%|██████▍   | 2056/3213 [05:21<02:44,  7.04it/s]
 64%|██████▍   | 2057/3213 [05:21<02:38,  7.31it/s]
 64%|██████▍   | 2058/3213 [05:21<02:39,  7.26it/s]
 64%|██████▍   | 2059/3213 [05:22<02:35,  7.44it/s]
 64%|██████▍   | 2060/3213 [05:22<02:33,  7.51it/s]
 64%|██████▍   | 2061/3213 [05:22<02:52,  6.69it/s]
 64%|██████▍   | 2062/3213 [05:22<02:46,  6.92it/s]
 64%|██████▍   | 2063/3213 [05:22<02:39,  7.20it/s]
 64%|██████▍   | 2064/3213 [05:22<02:37,  7.30it/s]
 64%|██████▍   | 2065/3213 [05:22<02:33,  7.49it/s]
 64%|██████▍   | 2066/3213 [05:23<02:31,  7.58it/s]
 64%|██████▍   | 2067/3213 [05:23<02:39,  7.17it/s]
 64%|██████▍   | 2068/3213 [05:23<02:44,  6.97it/s]
 64%|██████▍   | 2069/3213 [05:23<02:45,  6.90it/s]
 64%|██████▍   | 2070/3213 [05:23<02:36,  7.32it/s]
 64%|██████▍   | 2071/3213 [05:23<02:41,  7.09it/s]
 64%|██████▍   | 2072/3213 [05:23<02:42,  7.02it/s]
 65%|██████▍   | 2073/3213 [05:24<02:38,  7.21it/s]
 65%|██████▍   | 2074/3213 [05:24<02:51,  6.66it/s]
 65%|██████▍   | 2075/3213 [05:24<02:44,  6.92it/s]
 65%|██████▍   | 2076/3213 [05:24<02:44,  6.90it/s]
 65%|██████▍   | 2077/3213 [05:24<02:37,  7.22it/s]
 65%|██████▍   | 2078/3213 [05:24<02:36,  7.27it/s]
 65%|██████▍   | 2079/3213 [05:24<02:27,  7.67it/s]
 65%|██████▍   | 2080/3213 [05:24<02:25,  7.80it/s]
 65%|██████▍   | 2081/3213 [05:25<02:36,  7.22it/s]
 65%|██████▍   | 2082/3213 [05:25<02:35,  7.28it/s]
 65%|██████▍   | 2083/3213 [05:25<02:31,  7.45it/s]
 65%|██████▍   | 2084/3213 [05:25<02:35,  7.28it/s]
 65%|██████▍   | 2085/3213 [05:25<02:26,  7.71it/s]
 65%|██████▍   | 2086/3213 [05:25<02:34,  7.28it/s]
 65%|██████▍   | 2087/3213 [05:25<02:35,  7.24it/s]
 65%|██████▍   | 2088/3213 [05:26<02:32,  7.37it/s]
 65%|██████▌   | 2089/3213 [05:26<02:34,  7.26it/s]
 65%|██████▌   | 2090/3213 [05:26<02:36,  7.17it/s]
 65%|██████▌   | 2091/3213 [05:26<02:31,  7.38it/s]
 65%|██████▌   | 2092/3213 [05:26<02:26,  7.66it/s]
 65%|██████▌   | 2093/3213 [05:26<02:29,  7.49it/s]
 65%|██████▌   | 2094/3213 [05:26<02:22,  7.85it/s]
 65%|██████▌   | 2095/3213 [05:26<02:25,  7.66it/s]
 65%|██████▌   | 2096/3213 [05:27<02:39,  7.01it/s]
 65%|██████▌   | 2097/3213 [05:27<02:28,  7.52it/s]
 65%|██████▌   | 2098/3213 [05:27<02:23,  7.75it/s]
 65%|██████▌   | 2099/3213 [05:27<02:22,  7.82it/s]
 65%|██████▌   | 2100/3213 [05:27<02:26,  7.61it/s]
                                                   
{'loss': 0.1971, 'grad_norm': 0.4722786843776703, 'learning_rate': 6.928104575163399e-06, 'epoch': 1.96}

 65%|██████▌   | 2100/3213 [05:27<02:26,  7.61it/s]
 65%|██████▌   | 2101/3213 [05:27<02:21,  7.83it/s]
 65%|██████▌   | 2102/3213 [05:27<02:30,  7.40it/s]
 65%|██████▌   | 2103/3213 [05:28<02:23,  7.75it/s]
 65%|██████▌   | 2104/3213 [05:28<02:47,  6.61it/s]
 66%|██████▌   | 2105/3213 [05:28<02:46,  6.67it/s]
 66%|██████▌   | 2106/3213 [05:28<02:49,  6.53it/s]
 66%|██████▌   | 2107/3213 [05:28<02:35,  7.10it/s]
 66%|██████▌   | 2108/3213 [05:28<02:36,  7.08it/s]
 66%|██████▌   | 2109/3213 [05:28<02:30,  7.35it/s]
 66%|██████▌   | 2110/3213 [05:29<02:34,  7.15it/s]
 66%|██████▌   | 2111/3213 [05:29<02:32,  7.22it/s]
 66%|██████▌   | 2112/3213 [05:29<02:30,  7.31it/s]
 66%|██████▌   | 2113/3213 [05:29<02:26,  7.50it/s]
 66%|██████▌   | 2114/3213 [05:29<02:24,  7.63it/s]
 66%|██████▌   | 2115/3213 [05:29<02:37,  6.97it/s]
 66%|██████▌   | 2116/3213 [05:29<02:36,  6.99it/s]
 66%|██████▌   | 2117/3213 [05:30<02:34,  7.07it/s]
 66%|██████▌   | 2118/3213 [05:30<03:01,  6.02it/s]
 66%|██████▌   | 2119/3213 [05:30<02:49,  6.45it/s]
 66%|██████▌   | 2120/3213 [05:30<03:19,  5.49it/s]
 66%|██████▌   | 2121/3213 [05:30<03:17,  5.52it/s]
 66%|██████▌   | 2122/3213 [05:30<03:02,  5.99it/s]
 66%|██████▌   | 2123/3213 [05:31<03:03,  5.95it/s]
 66%|██████▌   | 2124/3213 [05:31<02:58,  6.11it/s]
 66%|██████▌   | 2125/3213 [05:31<02:52,  6.31it/s]
 66%|██████▌   | 2126/3213 [05:31<02:39,  6.80it/s]
 66%|██████▌   | 2127/3213 [05:31<02:37,  6.89it/s]
 66%|██████▌   | 2128/3213 [05:31<02:45,  6.56it/s]
 66%|██████▋   | 2129/3213 [05:32<02:43,  6.64it/s]
 66%|██████▋   | 2130/3213 [05:32<02:50,  6.37it/s]
 66%|██████▋   | 2131/3213 [05:32<02:45,  6.54it/s]
 66%|██████▋   | 2132/3213 [05:32<02:39,  6.76it/s]
 66%|██████▋   | 2133/3213 [05:32<02:43,  6.62it/s]
 66%|██████▋   | 2134/3213 [05:32<02:37,  6.87it/s]
 66%|██████▋   | 2135/3213 [05:32<02:30,  7.18it/s]
 66%|██████▋   | 2136/3213 [05:32<02:27,  7.32it/s]
 67%|██████▋   | 2137/3213 [05:33<02:32,  7.03it/s]
 67%|██████▋   | 2138/3213 [05:33<02:34,  6.96it/s]
 67%|██████▋   | 2139/3213 [05:33<02:33,  7.01it/s]
 67%|██████▋   | 2140/3213 [05:33<02:26,  7.32it/s]
 67%|██████▋   | 2141/3213 [05:33<02:27,  7.26it/s]
 67%|██████▋   | 2142/3213 [05:33<02:36,  6.85it/s]

  0%|          | 0/95 [00:00<?, ?it/s][A

  4%|▍         | 4/95 [00:00<00:03, 30.28it/s][A

  8%|▊         | 8/95 [00:00<00:03, 25.27it/s][A

 12%|█▏        | 11/95 [00:00<00:03, 24.00it/s][A

 15%|█▍        | 14/95 [00:00<00:03, 23.44it/s][A

 18%|█▊        | 17/95 [00:00<00:03, 23.11it/s][A

 21%|██        | 20/95 [00:00<00:03, 22.88it/s][A

 24%|██▍       | 23/95 [00:00<00:03, 22.87it/s][A

 27%|██▋       | 26/95 [00:01<00:03, 22.81it/s][A

 31%|███       | 29/95 [00:01<00:02, 22.86it/s][A

 34%|███▎      | 32/95 [00:01<00:02, 22.79it/s][A

 37%|███▋      | 35/95 [00:01<00:02, 22.70it/s][A

 40%|████      | 38/95 [00:01<00:02, 22.62it/s][A

 43%|████▎     | 41/95 [00:01<00:02, 22.66it/s][A

 46%|████▋     | 44/95 [00:01<00:02, 22.51it/s][A

 49%|████▉     | 47/95 [00:02<00:02, 22.57it/s][A

 53%|█████▎    | 50/95 [00:02<00:01, 22.60it/s][A

 56%|█████▌    | 53/95 [00:02<00:01, 22.66it/s][A

 59%|█████▉    | 56/95 [00:02<00:01, 22.67it/s][A

 62%|██████▏   | 59/95 [00:02<00:01, 22.67it/s][A

 65%|██████▌   | 62/95 [00:02<00:01, 22.67it/s][A

 68%|██████▊   | 65/95 [00:02<00:01, 22.67it/s][A

 72%|███████▏  | 68/95 [00:02<00:01, 22.65it/s][A

 75%|███████▍  | 71/95 [00:03<00:01, 22.51it/s][A

 78%|███████▊  | 74/95 [00:03<00:00, 21.74it/s][A

 81%|████████  | 77/95 [00:03<00:00, 21.95it/s][A

 84%|████████▍ | 80/95 [00:03<00:00, 22.20it/s][A

 87%|████████▋ | 83/95 [00:03<00:00, 22.29it/s][A

 91%|█████████ | 86/95 [00:03<00:00, 22.40it/s][A

 94%|█████████▎| 89/95 [00:03<00:00, 22.45it/s][A

 97%|█████████▋| 92/95 [00:04<00:00, 22.58it/s][A

100%|██████████| 95/95 [00:04<00:00, 22.78it/s][A
                                                   

                                               
[A{'eval_loss': 0.19139882922172546, 'eval_tactics_precision_macro': 0.7655412555645408, 'eval_tactics_recall_macro': 0.3848313572399136, 'eval_tactics_f1_macro': 0.5036282240518938, 'eval_micro_f1': 0.5139639890740844, 'eval_runtime': 4.7113, 'eval_samples_per_second': 2567.214, 'eval_steps_per_second': 20.164, 'epoch': 2.0}

 67%|██████▋   | 2142/3213 [05:38<02:36,  6.85it/s]

100%|██████████| 95/95 [00:04<00:00, 22.78it/s][A

                                               [A
 67%|██████▋   | 2143/3213 [05:42<46:29,  2.61s/it]
 67%|██████▋   | 2144/3213 [05:42<33:15,  1.87s/it]
 67%|██████▋   | 2145/3213 [05:42<24:11,  1.36s/it]
 67%|██████▋   | 2146/3213 [05:42<17:30,  1.02it/s]
 67%|██████▋   | 2147/3213 [05:42<13:00,  1.37it/s]
 67%|██████▋   | 2148/3213 [05:42<09:49,  1.81it/s]
 67%|██████▋   | 2149/3213 [05:43<07:38,  2.32it/s]
 67%|██████▋   | 2150/3213 [05:43<06:02,  2.93it/s]
                                                   
{'loss': 0.1908, 'grad_norm': 0.46199285984039307, 'learning_rate': 6.616868969810148e-06, 'epoch': 2.01}

 67%|██████▋   | 2150/3213 [05:43<06:02,  2.93it/s]
 67%|██████▋   | 2151/3213 [05:43<04:56,  3.58it/s]
 67%|██████▋   | 2152/3213 [05:43<04:12,  4.21it/s]
 67%|██████▋   | 2153/3213 [05:43<03:44,  4.71it/s]
 67%|██████▋   | 2154/3213 [05:43<03:18,  5.34it/s]
 67%|██████▋   | 2155/3213 [05:43<03:10,  5.54it/s]
 67%|██████▋   | 2156/3213 [05:44<02:58,  5.91it/s]
 67%|██████▋   | 2157/3213 [05:44<02:53,  6.08it/s]
 67%|██████▋   | 2158/3213 [05:44<02:52,  6.12it/s]
 67%|██████▋   | 2159/3213 [05:44<02:40,  6.58it/s]
 67%|██████▋   | 2160/3213 [05:44<02:37,  6.70it/s]
 67%|██████▋   | 2161/3213 [05:44<02:50,  6.18it/s]
 67%|██████▋   | 2162/3213 [05:44<02:45,  6.35it/s]
 67%|██████▋   | 2163/3213 [05:45<02:38,  6.61it/s]
 67%|██████▋   | 2164/3213 [05:45<02:38,  6.64it/s]
 67%|██████▋   | 2165/3213 [05:45<02:31,  6.91it/s]
 67%|██████▋   | 2166/3213 [05:45<02:27,  7.09it/s]
 67%|██████▋   | 2167/3213 [05:45<02:25,  7.21it/s]
 67%|██████▋   | 2168/3213 [05:45<02:40,  6.52it/s]
 68%|██████▊   | 2169/3213 [05:46<02:47,  6.24it/s]
 68%|██████▊   | 2170/3213 [05:46<02:35,  6.70it/s]
 68%|██████▊   | 2171/3213 [05:46<02:37,  6.60it/s]
 68%|██████▊   | 2172/3213 [05:46<02:37,  6.59it/s]
 68%|██████▊   | 2173/3213 [05:46<02:42,  6.40it/s]
 68%|██████▊   | 2174/3213 [05:46<02:27,  7.04it/s]
 68%|██████▊   | 2175/3213 [05:46<02:34,  6.71it/s]
 68%|██████▊   | 2176/3213 [05:47<02:35,  6.68it/s]
 68%|██████▊   | 2177/3213 [05:47<02:37,  6.56it/s]
 68%|██████▊   | 2178/3213 [05:47<02:46,  6.23it/s]
 68%|██████▊   | 2179/3213 [05:47<02:42,  6.37it/s]
 68%|██████▊   | 2180/3213 [05:47<02:39,  6.47it/s]
 68%|██████▊   | 2181/3213 [05:47<02:41,  6.40it/s]
 68%|██████▊   | 2182/3213 [05:48<02:41,  6.37it/s]
 68%|██████▊   | 2183/3213 [05:48<02:33,  6.69it/s]
 68%|██████▊   | 2184/3213 [05:48<02:47,  6.13it/s]
 68%|██████▊   | 2185/3213 [05:48<02:43,  6.30it/s]
 68%|██████▊   | 2186/3213 [05:48<02:33,  6.68it/s]
 68%|██████▊   | 2187/3213 [05:48<02:33,  6.69it/s]
 68%|██████▊   | 2188/3213 [05:48<02:35,  6.57it/s]
 68%|██████▊   | 2189/3213 [05:49<02:24,  7.06it/s]
 68%|██████▊   | 2190/3213 [05:49<02:44,  6.23it/s]
 68%|██████▊   | 2191/3213 [05:49<02:34,  6.60it/s]
 68%|██████▊   | 2192/3213 [05:49<02:23,  7.13it/s]
 68%|██████▊   | 2193/3213 [05:49<02:19,  7.29it/s]
 68%|██████▊   | 2194/3213 [05:49<02:27,  6.93it/s]
 68%|██████▊   | 2195/3213 [05:49<02:26,  6.95it/s]
 68%|██████▊   | 2196/3213 [05:50<02:23,  7.09it/s]
 68%|██████▊   | 2197/3213 [05:50<02:25,  6.99it/s]
 68%|██████▊   | 2198/3213 [05:50<02:24,  7.03it/s]
 68%|██████▊   | 2199/3213 [05:50<02:24,  7.02it/s]
 68%|██████▊   | 2200/3213 [05:50<02:16,  7.44it/s]
                                                   
{'loss': 0.1799, 'grad_norm': 0.46465736627578735, 'learning_rate': 6.305633364456894e-06, 'epoch': 2.05}

 68%|██████▊   | 2200/3213 [05:50<02:16,  7.44it/s]
 69%|██████▊   | 2201/3213 [05:50<02:26,  6.89it/s]
 69%|██████▊   | 2202/3213 [05:50<02:39,  6.32it/s]
 69%|██████▊   | 2203/3213 [05:51<02:49,  5.95it/s]
 69%|██████▊   | 2204/3213 [05:51<02:38,  6.36it/s]
 69%|██████▊   | 2205/3213 [05:51<02:36,  6.45it/s]
 69%|██████▊   | 2206/3213 [05:51<02:29,  6.72it/s]
 69%|██████▊   | 2207/3213 [05:51<02:24,  6.98it/s]
 69%|██████▊   | 2208/3213 [05:51<02:20,  7.14it/s]
 69%|██████▉   | 2209/3213 [05:51<02:22,  7.06it/s]
 69%|██████▉   | 2210/3213 [05:52<02:16,  7.34it/s]
 69%|██████▉   | 2211/3213 [05:52<02:16,  7.33it/s]
 69%|██████▉   | 2212/3213 [05:52<02:17,  7.30it/s]
 69%|██████▉   | 2213/3213 [05:52<02:13,  7.50it/s]
 69%|██████▉   | 2214/3213 [05:52<02:14,  7.41it/s]
 69%|██████▉   | 2215/3213 [05:52<02:11,  7.59it/s]
 69%|██████▉   | 2216/3213 [05:52<02:16,  7.31it/s]
 69%|██████▉   | 2217/3213 [05:53<02:11,  7.55it/s]
 69%|██████▉   | 2218/3213 [05:53<02:18,  7.19it/s]
 69%|██████▉   | 2219/3213 [05:53<02:19,  7.12it/s]
 69%|██████▉   | 2220/3213 [05:53<02:21,  7.04it/s]
 69%|██████▉   | 2221/3213 [05:53<02:18,  7.16it/s]
 69%|██████▉   | 2222/3213 [05:53<02:33,  6.47it/s]
 69%|██████▉   | 2223/3213 [05:53<02:25,  6.79it/s]
 69%|██████▉   | 2224/3213 [05:54<02:26,  6.73it/s]
 69%|██████▉   | 2225/3213 [05:54<02:43,  6.04it/s]
 69%|██████▉   | 2226/3213 [05:54<02:33,  6.42it/s]
 69%|██████▉   | 2227/3213 [05:54<02:25,  6.79it/s]
 69%|██████▉   | 2228/3213 [05:54<02:27,  6.68it/s]
 69%|██████▉   | 2229/3213 [05:54<02:17,  7.17it/s]
 69%|██████▉   | 2230/3213 [05:54<02:27,  6.64it/s]
 69%|██████▉   | 2231/3213 [05:55<02:24,  6.81it/s]
 69%|██████▉   | 2232/3213 [05:55<02:23,  6.82it/s]
 69%|██████▉   | 2233/3213 [05:55<02:21,  6.92it/s]
 70%|██████▉   | 2234/3213 [05:55<02:15,  7.23it/s]
 70%|██████▉   | 2235/3213 [05:55<02:22,  6.88it/s]
 70%|██████▉   | 2236/3213 [05:55<02:15,  7.22it/s]
 70%|██████▉   | 2237/3213 [05:56<02:28,  6.57it/s]
 70%|██████▉   | 2238/3213 [05:56<02:19,  6.98it/s]
 70%|██████▉   | 2239/3213 [05:56<02:18,  7.03it/s]
 70%|██████▉   | 2240/3213 [05:56<02:13,  7.27it/s]
 70%|██████▉   | 2241/3213 [05:56<02:13,  7.26it/s]
 70%|██████▉   | 2242/3213 [05:56<02:11,  7.38it/s]
 70%|██████▉   | 2243/3213 [05:56<02:08,  7.58it/s]
 70%|██████▉   | 2244/3213 [05:56<02:07,  7.58it/s]
 70%|██████▉   | 2245/3213 [05:57<02:12,  7.33it/s]
 70%|██████▉   | 2246/3213 [05:57<02:07,  7.56it/s]
 70%|██████▉   | 2247/3213 [05:57<02:22,  6.77it/s]
 70%|██████▉   | 2248/3213 [05:57<02:16,  7.08it/s]
 70%|██████▉   | 2249/3213 [05:57<02:15,  7.10it/s]
 70%|███████   | 2250/3213 [05:57<02:12,  7.26it/s]
                                                   
{'loss': 0.1883, 'grad_norm': 0.4634326994419098, 'learning_rate': 5.994397759103642e-06, 'epoch': 2.1}

 70%|███████   | 2250/3213 [05:57<02:12,  7.26it/s]
 70%|███████   | 2251/3213 [05:57<02:08,  7.50it/s]
 70%|███████   | 2252/3213 [05:58<02:06,  7.62it/s]
 70%|███████   | 2253/3213 [05:58<02:16,  7.02it/s]
 70%|███████   | 2254/3213 [05:58<02:18,  6.94it/s]
 70%|███████   | 2255/3213 [05:58<02:13,  7.17it/s]
 70%|███████   | 2256/3213 [05:58<02:11,  7.29it/s]
 70%|███████   | 2257/3213 [05:58<02:10,  7.34it/s]
 70%|███████   | 2258/3213 [05:58<02:10,  7.34it/s]
 70%|███████   | 2259/3213 [05:58<02:04,  7.67it/s]
 70%|███████   | 2260/3213 [05:59<02:07,  7.50it/s]
 70%|███████   | 2261/3213 [05:59<02:14,  7.09it/s]
 70%|███████   | 2262/3213 [05:59<02:07,  7.46it/s]
 70%|███████   | 2263/3213 [05:59<02:11,  7.23it/s]
 70%|███████   | 2264/3213 [05:59<02:16,  6.94it/s]
 70%|███████   | 2265/3213 [05:59<02:13,  7.08it/s]
 71%|███████   | 2266/3213 [05:59<02:11,  7.23it/s]
 71%|███████   | 2267/3213 [06:00<02:16,  6.95it/s]
 71%|███████   | 2268/3213 [06:00<02:18,  6.84it/s]
 71%|███████   | 2269/3213 [06:00<02:24,  6.52it/s]
 71%|███████   | 2270/3213 [06:00<02:12,  7.11it/s]
 71%|███████   | 2271/3213 [06:00<02:13,  7.03it/s]
 71%|███████   | 2272/3213 [06:00<02:14,  6.97it/s]
 71%|███████   | 2273/3213 [06:00<02:13,  7.05it/s]
 71%|███████   | 2274/3213 [06:01<02:08,  7.29it/s]
 71%|███████   | 2275/3213 [06:01<02:16,  6.87it/s]
 71%|███████   | 2276/3213 [06:01<02:09,  7.22it/s]
 71%|███████   | 2277/3213 [06:01<02:05,  7.46it/s]
 71%|███████   | 2278/3213 [06:01<02:14,  6.94it/s]
 71%|███████   | 2279/3213 [06:01<02:13,  6.99it/s]
 71%|███████   | 2280/3213 [06:02<02:17,  6.79it/s]
 71%|███████   | 2281/3213 [06:02<02:14,  6.91it/s]
 71%|███████   | 2282/3213 [06:02<02:10,  7.13it/s]
 71%|███████   | 2283/3213 [06:02<02:09,  7.21it/s]
 71%|███████   | 2284/3213 [06:02<02:01,  7.64it/s]
 71%|███████   | 2285/3213 [06:02<01:59,  7.76it/s]
 71%|███████   | 2286/3213 [06:02<02:05,  7.40it/s]
 71%|███████   | 2287/3213 [06:02<02:05,  7.36it/s]
 71%|███████   | 2288/3213 [06:03<02:07,  7.25it/s]
 71%|███████   | 2289/3213 [06:03<02:08,  7.19it/s]
 71%|███████▏  | 2290/3213 [06:03<02:03,  7.45it/s]
 71%|███████▏  | 2291/3213 [06:03<02:11,  7.03it/s]
 71%|███████▏  | 2292/3213 [06:03<02:12,  6.95it/s]
 71%|███████▏  | 2293/3213 [06:03<02:08,  7.17it/s]
 71%|███████▏  | 2294/3213 [06:03<02:15,  6.80it/s]
 71%|███████▏  | 2295/3213 [06:04<02:12,  6.92it/s]
 71%|███████▏  | 2296/3213 [06:04<02:13,  6.86it/s]
 71%|███████▏  | 2297/3213 [06:04<02:09,  7.07it/s]
 72%|███████▏  | 2298/3213 [06:04<02:11,  6.98it/s]
 72%|███████▏  | 2299/3213 [06:04<02:13,  6.84it/s]
 72%|███████▏  | 2300/3213 [06:04<02:11,  6.94it/s]
                                                   
{'loss': 0.1885, 'grad_norm': 0.5127807259559631, 'learning_rate': 5.68316215375039e-06, 'epoch': 2.15}

 72%|███████▏  | 2300/3213 [06:04<02:11,  6.94it/s]
 72%|███████▏  | 2301/3213 [06:04<02:13,  6.83it/s]
 72%|███████▏  | 2302/3213 [06:05<02:21,  6.43it/s]
 72%|███████▏  | 2303/3213 [06:05<02:12,  6.86it/s]
 72%|███████▏  | 2304/3213 [06:05<02:12,  6.85it/s]
 72%|███████▏  | 2305/3213 [06:05<02:09,  7.00it/s]
 72%|███████▏  | 2306/3213 [06:05<02:12,  6.87it/s]
 72%|███████▏  | 2307/3213 [06:05<02:27,  6.12it/s]
 72%|███████▏  | 2308/3213 [06:06<02:22,  6.33it/s]
 72%|███████▏  | 2309/3213 [06:06<02:24,  6.28it/s]
 72%|███████▏  | 2310/3213 [06:06<02:17,  6.57it/s]
 72%|███████▏  | 2311/3213 [06:06<02:16,  6.63it/s]
 72%|███████▏  | 2312/3213 [06:06<02:06,  7.11it/s]
 72%|███████▏  | 2313/3213 [06:06<02:06,  7.10it/s]
 72%|███████▏  | 2314/3213 [06:06<02:01,  7.39it/s]
 72%|███████▏  | 2315/3213 [06:06<01:59,  7.50it/s]
 72%|███████▏  | 2316/3213 [06:07<02:05,  7.13it/s]
 72%|███████▏  | 2317/3213 [06:07<02:02,  7.30it/s]
 72%|███████▏  | 2318/3213 [06:07<01:59,  7.49it/s]
 72%|███████▏  | 2319/3213 [06:07<01:56,  7.65it/s]
 72%|███████▏  | 2320/3213 [06:07<01:58,  7.54it/s]
 72%|███████▏  | 2321/3213 [06:07<01:59,  7.45it/s]
 72%|███████▏  | 2322/3213 [06:07<02:02,  7.30it/s]
 72%|███████▏  | 2323/3213 [06:08<01:57,  7.54it/s]
 72%|███████▏  | 2324/3213 [06:08<02:03,  7.22it/s]
 72%|███████▏  | 2325/3213 [06:08<02:01,  7.33it/s]
 72%|███████▏  | 2326/3213 [06:08<02:03,  7.20it/s]
 72%|███████▏  | 2327/3213 [06:08<01:59,  7.44it/s]
 72%|███████▏  | 2328/3213 [06:08<02:01,  7.27it/s]
 72%|███████▏  | 2329/3213 [06:08<01:58,  7.47it/s]
 73%|███████▎  | 2330/3213 [06:09<01:55,  7.62it/s]
 73%|███████▎  | 2331/3213 [06:09<02:05,  7.01it/s]
 73%|███████▎  | 2332/3213 [06:09<02:02,  7.18it/s]
 73%|███████▎  | 2333/3213 [06:09<01:57,  7.52it/s]
 73%|███████▎  | 2334/3213 [06:09<01:55,  7.62it/s]
 73%|███████▎  | 2335/3213 [06:09<01:57,  7.46it/s]
 73%|███████▎  | 2336/3213 [06:09<01:58,  7.40it/s]
 73%|███████▎  | 2337/3213 [06:09<02:05,  6.98it/s]
 73%|███████▎  | 2338/3213 [06:10<02:06,  6.94it/s]
 73%|███████▎  | 2339/3213 [06:10<02:01,  7.19it/s]
 73%|███████▎  | 2340/3213 [06:10<02:02,  7.10it/s]
 73%|███████▎  | 2341/3213 [06:10<02:00,  7.25it/s]
 73%|███████▎  | 2342/3213 [06:10<02:00,  7.25it/s]
 73%|███████▎  | 2343/3213 [06:10<01:59,  7.25it/s]
 73%|███████▎  | 2344/3213 [06:10<01:59,  7.29it/s]
 73%|███████▎  | 2345/3213 [06:11<02:03,  7.05it/s]
 73%|███████▎  | 2346/3213 [06:11<01:59,  7.24it/s]
 73%|███████▎  | 2347/3213 [06:11<01:54,  7.54it/s]
 73%|███████▎  | 2348/3213 [06:11<01:53,  7.60it/s]
 73%|███████▎  | 2349/3213 [06:11<01:54,  7.55it/s]
 73%|███████▎  | 2350/3213 [06:11<01:54,  7.56it/s]
                                                   
{'loss': 0.1918, 'grad_norm': 0.489376038312912, 'learning_rate': 5.371926548397137e-06, 'epoch': 2.19}

 73%|███████▎  | 2350/3213 [06:11<01:54,  7.56it/s]
 73%|███████▎  | 2351/3213 [06:11<01:50,  7.78it/s]
 73%|███████▎  | 2352/3213 [06:11<01:49,  7.89it/s]
 73%|███████▎  | 2353/3213 [06:12<01:55,  7.46it/s]
 73%|███████▎  | 2354/3213 [06:12<01:58,  7.26it/s]
 73%|███████▎  | 2355/3213 [06:12<01:59,  7.16it/s]
 73%|███████▎  | 2356/3213 [06:12<01:57,  7.31it/s]
 73%|███████▎  | 2357/3213 [06:12<01:54,  7.50it/s]
 73%|███████▎  | 2358/3213 [06:12<01:55,  7.40it/s]
 73%|███████▎  | 2359/3213 [06:12<01:58,  7.21it/s]
 73%|███████▎  | 2360/3213 [06:13<01:58,  7.22it/s]
 73%|███████▎  | 2361/3213 [06:13<01:59,  7.13it/s]
 74%|███████▎  | 2362/3213 [06:13<02:02,  6.93it/s]
 74%|███████▎  | 2363/3213 [06:13<01:57,  7.23it/s]
 74%|███████▎  | 2364/3213 [06:13<02:01,  6.96it/s]
 74%|███████▎  | 2365/3213 [06:13<02:03,  6.88it/s]
 74%|███████▎  | 2366/3213 [06:13<02:03,  6.87it/s]
 74%|███████▎  | 2367/3213 [06:14<01:58,  7.14it/s]
 74%|███████▎  | 2368/3213 [06:14<01:56,  7.27it/s]
 74%|███████▎  | 2369/3213 [06:14<01:58,  7.14it/s]
 74%|███████▍  | 2370/3213 [06:14<01:51,  7.54it/s]
 74%|███████▍  | 2371/3213 [06:14<01:51,  7.58it/s]
 74%|███████▍  | 2372/3213 [06:14<01:52,  7.44it/s]
 74%|███████▍  | 2373/3213 [06:14<01:52,  7.47it/s]
 74%|███████▍  | 2374/3213 [06:15<01:51,  7.50it/s]
 74%|███████▍  | 2375/3213 [06:15<01:51,  7.52it/s]
 74%|███████▍  | 2376/3213 [06:15<01:54,  7.29it/s]
 74%|███████▍  | 2377/3213 [06:15<01:54,  7.28it/s]
 74%|███████▍  | 2378/3213 [06:15<01:49,  7.61it/s]
 74%|███████▍  | 2379/3213 [06:15<01:53,  7.34it/s]
 74%|███████▍  | 2380/3213 [06:15<01:52,  7.40it/s]
 74%|███████▍  | 2381/3213 [06:15<01:51,  7.47it/s]
 74%|███████▍  | 2382/3213 [06:16<01:53,  7.31it/s]
 74%|███████▍  | 2383/3213 [06:16<01:51,  7.46it/s]
 74%|███████▍  | 2384/3213 [06:16<01:58,  6.99it/s]
 74%|███████▍  | 2385/3213 [06:16<01:49,  7.56it/s]
 74%|███████▍  | 2386/3213 [06:16<01:47,  7.70it/s]
 74%|███████▍  | 2387/3213 [06:16<01:45,  7.82it/s]
 74%|███████▍  | 2388/3213 [06:16<01:45,  7.78it/s]
 74%|███████▍  | 2389/3213 [06:17<01:50,  7.49it/s]
 74%|███████▍  | 2390/3213 [06:17<01:44,  7.86it/s]
 74%|███████▍  | 2391/3213 [06:17<01:49,  7.50it/s]
 74%|███████▍  | 2392/3213 [06:17<01:46,  7.70it/s]
 74%|███████▍  | 2393/3213 [06:17<01:45,  7.79it/s]
 75%|███████▍  | 2394/3213 [06:17<01:55,  7.07it/s]
 75%|███████▍  | 2395/3213 [06:17<01:53,  7.21it/s]
 75%|███████▍  | 2396/3213 [06:17<01:50,  7.40it/s]
 75%|███████▍  | 2397/3213 [06:18<01:51,  7.29it/s]
 75%|███████▍  | 2398/3213 [06:18<02:01,  6.70it/s]
 75%|███████▍  | 2399/3213 [06:18<01:53,  7.15it/s]
 75%|███████▍  | 2400/3213 [06:18<01:53,  7.16it/s]
                                                   
{'loss': 0.1845, 'grad_norm': 0.4813465178012848, 'learning_rate': 5.060690943043884e-06, 'epoch': 2.24}

 75%|███████▍  | 2400/3213 [06:18<01:53,  7.16it/s]
 75%|███████▍  | 2401/3213 [06:18<01:49,  7.42it/s]
 75%|███████▍  | 2402/3213 [06:18<01:47,  7.58it/s]
 75%|███████▍  | 2403/3213 [06:18<01:47,  7.51it/s]
 75%|███████▍  | 2404/3213 [06:19<01:47,  7.51it/s]
 75%|███████▍  | 2405/3213 [06:19<01:46,  7.62it/s]
 75%|███████▍  | 2406/3213 [06:19<01:44,  7.70it/s]
 75%|███████▍  | 2407/3213 [06:19<01:43,  7.80it/s]
 75%|███████▍  | 2408/3213 [06:19<01:49,  7.35it/s]
 75%|███████▍  | 2409/3213 [06:19<01:46,  7.54it/s]
 75%|███████▌  | 2410/3213 [06:19<01:48,  7.42it/s]
 75%|███████▌  | 2411/3213 [06:19<01:41,  7.86it/s]
 75%|███████▌  | 2412/3213 [06:20<01:52,  7.13it/s]
 75%|███████▌  | 2413/3213 [06:20<01:50,  7.26it/s]
 75%|███████▌  | 2414/3213 [06:20<01:53,  7.02it/s]
 75%|███████▌  | 2415/3213 [06:20<01:48,  7.39it/s]
 75%|███████▌  | 2416/3213 [06:20<01:48,  7.37it/s]
 75%|███████▌  | 2417/3213 [06:20<01:46,  7.47it/s]
 75%|███████▌  | 2418/3213 [06:20<01:45,  7.56it/s]
 75%|███████▌  | 2419/3213 [06:21<01:46,  7.47it/s]
 75%|███████▌  | 2420/3213 [06:21<01:49,  7.27it/s]
 75%|███████▌  | 2421/3213 [06:21<01:48,  7.32it/s]
 75%|███████▌  | 2422/3213 [06:21<01:45,  7.53it/s]
 75%|███████▌  | 2423/3213 [06:21<01:47,  7.34it/s]
 75%|███████▌  | 2424/3213 [06:21<01:44,  7.52it/s]
 75%|███████▌  | 2425/3213 [06:21<01:48,  7.28it/s]
 76%|███████▌  | 2426/3213 [06:22<01:45,  7.45it/s]
 76%|███████▌  | 2427/3213 [06:22<02:00,  6.51it/s]
 76%|███████▌  | 2428/3213 [06:22<01:51,  7.03it/s]
 76%|███████▌  | 2429/3213 [06:22<01:48,  7.21it/s]
 76%|███████▌  | 2430/3213 [06:22<01:45,  7.45it/s]
 76%|███████▌  | 2431/3213 [06:22<01:42,  7.62it/s]
 76%|███████▌  | 2432/3213 [06:22<01:44,  7.49it/s]
 76%|███████▌  | 2433/3213 [06:23<01:43,  7.52it/s]
 76%|███████▌  | 2434/3213 [06:23<01:42,  7.57it/s]
 76%|███████▌  | 2435/3213 [06:23<01:46,  7.32it/s]
 76%|███████▌  | 2436/3213 [06:23<01:42,  7.59it/s]
 76%|███████▌  | 2437/3213 [06:23<01:42,  7.60it/s]
 76%|███████▌  | 2438/3213 [06:23<01:46,  7.29it/s]
 76%|███████▌  | 2439/3213 [06:23<01:44,  7.43it/s]
 76%|███████▌  | 2440/3213 [06:23<01:47,  7.22it/s]
 76%|███████▌  | 2441/3213 [06:24<01:48,  7.12it/s]
 76%|███████▌  | 2442/3213 [06:24<01:47,  7.15it/s]
 76%|███████▌  | 2443/3213 [06:24<01:52,  6.84it/s]
 76%|███████▌  | 2444/3213 [06:24<01:45,  7.29it/s]
 76%|███████▌  | 2445/3213 [06:24<01:41,  7.60it/s]
 76%|███████▌  | 2446/3213 [06:24<01:39,  7.74it/s]
 76%|███████▌  | 2447/3213 [06:24<01:44,  7.35it/s]
 76%|███████▌  | 2448/3213 [06:25<01:38,  7.76it/s]
 76%|███████▌  | 2449/3213 [06:25<01:47,  7.13it/s]
 76%|███████▋  | 2450/3213 [06:25<01:45,  7.26it/s]
                                                   
{'loss': 0.1832, 'grad_norm': 0.42790380120277405, 'learning_rate': 4.749455337690632e-06, 'epoch': 2.29}

 76%|███████▋  | 2450/3213 [06:25<01:45,  7.26it/s]
 76%|███████▋  | 2451/3213 [06:25<01:42,  7.42it/s]
 76%|███████▋  | 2452/3213 [06:25<01:40,  7.57it/s]
 76%|███████▋  | 2453/3213 [06:25<01:43,  7.31it/s]
 76%|███████▋  | 2454/3213 [06:25<01:43,  7.30it/s]
 76%|███████▋  | 2455/3213 [06:25<01:39,  7.59it/s]
 76%|███████▋  | 2456/3213 [06:26<01:42,  7.37it/s]
 76%|███████▋  | 2457/3213 [06:26<01:43,  7.33it/s]
 77%|███████▋  | 2458/3213 [06:26<01:42,  7.33it/s]
 77%|███████▋  | 2459/3213 [06:26<01:45,  7.15it/s]
 77%|███████▋  | 2460/3213 [06:26<01:42,  7.32it/s]
 77%|███████▋  | 2461/3213 [06:26<01:44,  7.22it/s]
 77%|███████▋  | 2462/3213 [06:27<01:50,  6.81it/s]
 77%|███████▋  | 2463/3213 [06:27<01:53,  6.63it/s]
 77%|███████▋  | 2464/3213 [06:27<01:49,  6.81it/s]
 77%|███████▋  | 2465/3213 [06:27<01:43,  7.24it/s]
 77%|███████▋  | 2466/3213 [06:27<01:41,  7.35it/s]
 77%|███████▋  | 2467/3213 [06:27<01:42,  7.25it/s]
 77%|███████▋  | 2468/3213 [06:27<01:45,  7.05it/s]
 77%|███████▋  | 2469/3213 [06:27<01:48,  6.83it/s]
 77%|███████▋  | 2470/3213 [06:28<01:57,  6.32it/s]
 77%|███████▋  | 2471/3213 [06:28<01:52,  6.60it/s]
 77%|███████▋  | 2472/3213 [06:28<02:01,  6.12it/s]
 77%|███████▋  | 2473/3213 [06:28<01:51,  6.62it/s]
 77%|███████▋  | 2474/3213 [06:28<01:47,  6.88it/s]
 77%|███████▋  | 2475/3213 [06:28<01:45,  6.99it/s]
 77%|███████▋  | 2476/3213 [06:29<01:42,  7.20it/s]
 77%|███████▋  | 2477/3213 [06:29<01:37,  7.52it/s]
 77%|███████▋  | 2478/3213 [06:29<01:38,  7.46it/s]
 77%|███████▋  | 2479/3213 [06:29<01:35,  7.71it/s]
 77%|███████▋  | 2480/3213 [06:29<01:35,  7.71it/s]
 77%|███████▋  | 2481/3213 [06:29<01:37,  7.51it/s]
 77%|███████▋  | 2482/3213 [06:29<01:39,  7.33it/s]
 77%|███████▋  | 2483/3213 [06:30<01:49,  6.68it/s]
 77%|███████▋  | 2484/3213 [06:30<01:44,  6.98it/s]
 77%|███████▋  | 2485/3213 [06:30<01:50,  6.57it/s]
 77%|███████▋  | 2486/3213 [06:30<01:44,  6.93it/s]
 77%|███████▋  | 2487/3213 [06:30<01:50,  6.57it/s]
 77%|███████▋  | 2488/3213 [06:30<01:42,  7.06it/s]
 77%|███████▋  | 2489/3213 [06:30<01:41,  7.10it/s]
 77%|███████▋  | 2490/3213 [06:30<01:41,  7.10it/s]
 78%|███████▊  | 2491/3213 [06:31<01:47,  6.72it/s]
 78%|███████▊  | 2492/3213 [06:31<01:41,  7.07it/s]
 78%|███████▊  | 2493/3213 [06:31<01:41,  7.11it/s]
 78%|███████▊  | 2494/3213 [06:31<01:37,  7.35it/s]
 78%|███████▊  | 2495/3213 [06:31<01:39,  7.18it/s]
 78%|███████▊  | 2496/3213 [06:31<01:41,  7.04it/s]
 78%|███████▊  | 2497/3213 [06:31<01:41,  7.02it/s]
 78%|███████▊  | 2498/3213 [06:32<01:49,  6.54it/s]
 78%|███████▊  | 2499/3213 [06:32<01:47,  6.67it/s]
 78%|███████▊  | 2500/3213 [06:32<01:43,  6.89it/s]
                                                   
{'loss': 0.197, 'grad_norm': 0.591517984867096, 'learning_rate': 4.43821973233738e-06, 'epoch': 2.33}

 78%|███████▊  | 2500/3213 [06:32<01:43,  6.89it/s]
 78%|███████▊  | 2501/3213 [06:32<01:39,  7.19it/s]
 78%|███████▊  | 2502/3213 [06:32<01:40,  7.07it/s]
 78%|███████▊  | 2503/3213 [06:32<01:35,  7.46it/s]
 78%|███████▊  | 2504/3213 [06:32<01:39,  7.15it/s]
 78%|███████▊  | 2505/3213 [06:33<01:42,  6.90it/s]
 78%|███████▊  | 2506/3213 [06:33<01:46,  6.66it/s]
 78%|███████▊  | 2507/3213 [06:33<01:45,  6.72it/s]
 78%|███████▊  | 2508/3213 [06:33<01:40,  6.99it/s]
 78%|███████▊  | 2509/3213 [06:33<01:38,  7.12it/s]
 78%|███████▊  | 2510/3213 [06:33<01:35,  7.37it/s]
 78%|███████▊  | 2511/3213 [06:33<01:37,  7.23it/s]
 78%|███████▊  | 2512/3213 [06:34<01:38,  7.09it/s]
 78%|███████▊  | 2513/3213 [06:34<01:35,  7.33it/s]
 78%|███████▊  | 2514/3213 [06:34<01:40,  6.98it/s]
 78%|███████▊  | 2515/3213 [06:34<01:35,  7.29it/s]
 78%|███████▊  | 2516/3213 [06:34<01:32,  7.56it/s]
 78%|███████▊  | 2517/3213 [06:34<01:33,  7.47it/s]
 78%|███████▊  | 2518/3213 [06:34<01:32,  7.49it/s]
 78%|███████▊  | 2519/3213 [06:35<01:33,  7.42it/s]
 78%|███████▊  | 2520/3213 [06:35<01:32,  7.46it/s]
 78%|███████▊  | 2521/3213 [06:35<01:36,  7.20it/s]
 78%|███████▊  | 2522/3213 [06:35<01:33,  7.36it/s]
 79%|███████▊  | 2523/3213 [06:35<01:31,  7.56it/s]
 79%|███████▊  | 2524/3213 [06:35<01:36,  7.13it/s]
 79%|███████▊  | 2525/3213 [06:35<01:34,  7.26it/s]
 79%|███████▊  | 2526/3213 [06:36<01:32,  7.42it/s]
 79%|███████▊  | 2527/3213 [06:36<01:32,  7.39it/s]
 79%|███████▊  | 2528/3213 [06:36<01:32,  7.44it/s]
 79%|███████▊  | 2529/3213 [06:36<01:30,  7.55it/s]
 79%|███████▊  | 2530/3213 [06:36<01:41,  6.70it/s]
 79%|███████▉  | 2531/3213 [06:36<01:41,  6.74it/s]
 79%|███████▉  | 2532/3213 [06:36<01:32,  7.35it/s]
 79%|███████▉  | 2533/3213 [06:36<01:30,  7.52it/s]
 79%|███████▉  | 2534/3213 [06:37<01:32,  7.32it/s]
 79%|███████▉  | 2535/3213 [06:37<01:36,  7.03it/s]
 79%|███████▉  | 2536/3213 [06:37<01:37,  6.94it/s]
 79%|███████▉  | 2537/3213 [06:37<01:33,  7.23it/s]
 79%|███████▉  | 2538/3213 [06:37<01:32,  7.27it/s]
 79%|███████▉  | 2539/3213 [06:37<01:32,  7.31it/s]
 79%|███████▉  | 2540/3213 [06:37<01:26,  7.77it/s]
 79%|███████▉  | 2541/3213 [06:38<01:33,  7.17it/s]
 79%|███████▉  | 2542/3213 [06:38<01:38,  6.83it/s]
 79%|███████▉  | 2543/3213 [06:38<01:33,  7.19it/s]
 79%|███████▉  | 2544/3213 [06:38<01:37,  6.89it/s]
 79%|███████▉  | 2545/3213 [06:38<01:48,  6.18it/s]
 79%|███████▉  | 2546/3213 [06:38<01:44,  6.38it/s]
 79%|███████▉  | 2547/3213 [06:39<01:38,  6.73it/s]
 79%|███████▉  | 2548/3213 [06:39<01:35,  6.94it/s]
 79%|███████▉  | 2549/3213 [06:39<01:31,  7.26it/s]
 79%|███████▉  | 2550/3213 [06:39<01:29,  7.44it/s]
                                                   
{'loss': 0.183, 'grad_norm': 0.4977291524410248, 'learning_rate': 4.126984126984127e-06, 'epoch': 2.38}

 79%|███████▉  | 2550/3213 [06:39<01:29,  7.44it/s]
 79%|███████▉  | 2551/3213 [06:39<01:27,  7.58it/s]
 79%|███████▉  | 2552/3213 [06:39<01:31,  7.26it/s]
 79%|███████▉  | 2553/3213 [06:39<01:32,  7.13it/s]
 79%|███████▉  | 2554/3213 [06:39<01:30,  7.27it/s]
 80%|███████▉  | 2555/3213 [06:40<01:28,  7.40it/s]
 80%|███████▉  | 2556/3213 [06:40<01:28,  7.40it/s]
 80%|███████▉  | 2557/3213 [06:40<01:29,  7.31it/s]
 80%|███████▉  | 2558/3213 [06:40<01:28,  7.41it/s]
 80%|███████▉  | 2559/3213 [06:40<01:31,  7.17it/s]
 80%|███████▉  | 2560/3213 [06:40<01:31,  7.13it/s]
 80%|███████▉  | 2561/3213 [06:40<01:31,  7.16it/s]
 80%|███████▉  | 2562/3213 [06:41<01:27,  7.47it/s]
 80%|███████▉  | 2563/3213 [06:41<01:24,  7.66it/s]
 80%|███████▉  | 2564/3213 [06:41<01:24,  7.71it/s]
 80%|███████▉  | 2565/3213 [06:41<01:23,  7.79it/s]
 80%|███████▉  | 2566/3213 [06:41<01:22,  7.85it/s]
 80%|███████▉  | 2567/3213 [06:41<01:25,  7.54it/s]
 80%|███████▉  | 2568/3213 [06:41<01:29,  7.23it/s]
 80%|███████▉  | 2569/3213 [06:41<01:30,  7.10it/s]
 80%|███████▉  | 2570/3213 [06:42<01:32,  6.96it/s]
 80%|████████  | 2571/3213 [06:42<01:31,  6.99it/s]
 80%|████████  | 2572/3213 [06:42<01:31,  7.03it/s]
 80%|████████  | 2573/3213 [06:42<01:38,  6.51it/s]
 80%|████████  | 2574/3213 [06:42<01:31,  7.01it/s]
 80%|████████  | 2575/3213 [06:42<01:30,  7.07it/s]
 80%|████████  | 2576/3213 [06:43<01:30,  7.03it/s]
 80%|████████  | 2577/3213 [06:43<01:39,  6.37it/s]
 80%|████████  | 2578/3213 [06:43<01:32,  6.89it/s]
 80%|████████  | 2579/3213 [06:43<01:28,  7.13it/s]
 80%|████████  | 2580/3213 [06:43<01:26,  7.29it/s]
 80%|████████  | 2581/3213 [06:43<01:23,  7.55it/s]
 80%|████████  | 2582/3213 [06:43<01:24,  7.44it/s]
 80%|████████  | 2583/3213 [06:43<01:24,  7.46it/s]
 80%|████████  | 2584/3213 [06:44<01:26,  7.30it/s]
 80%|████████  | 2585/3213 [06:44<01:25,  7.36it/s]
 80%|████████  | 2586/3213 [06:44<01:22,  7.58it/s]
 81%|████████  | 2587/3213 [06:44<01:22,  7.57it/s]
 81%|████████  | 2588/3213 [06:44<01:20,  7.80it/s]
 81%|████████  | 2589/3213 [06:44<01:23,  7.46it/s]
 81%|████████  | 2590/3213 [06:44<01:24,  7.37it/s]
 81%|████████  | 2591/3213 [06:45<01:19,  7.84it/s]
 81%|████████  | 2592/3213 [06:45<01:19,  7.77it/s]
 81%|████████  | 2593/3213 [06:45<01:23,  7.44it/s]
 81%|████████  | 2594/3213 [06:45<01:21,  7.60it/s]
 81%|████████  | 2595/3213 [06:45<01:19,  7.78it/s]
 81%|████████  | 2596/3213 [06:45<01:25,  7.22it/s]
 81%|████████  | 2597/3213 [06:45<01:24,  7.25it/s]
 81%|████████  | 2598/3213 [06:45<01:24,  7.30it/s]
 81%|████████  | 2599/3213 [06:46<01:27,  7.04it/s]
 81%|████████  | 2600/3213 [06:46<01:27,  6.97it/s]
                                                   
{'loss': 0.1894, 'grad_norm': 0.48390090465545654, 'learning_rate': 3.815748521630875e-06, 'epoch': 2.43}

 81%|████████  | 2600/3213 [06:46<01:27,  6.97it/s]
 81%|████████  | 2601/3213 [06:46<01:31,  6.66it/s]
 81%|████████  | 2602/3213 [06:46<01:26,  7.08it/s]
 81%|████████  | 2603/3213 [06:46<01:23,  7.32it/s]
 81%|████████  | 2604/3213 [06:46<01:20,  7.56it/s]
 81%|████████  | 2605/3213 [06:46<01:20,  7.59it/s]
 81%|████████  | 2606/3213 [06:47<01:21,  7.47it/s]
 81%|████████  | 2607/3213 [06:47<01:23,  7.26it/s]
 81%|████████  | 2608/3213 [06:47<01:20,  7.56it/s]
 81%|████████  | 2609/3213 [06:47<01:19,  7.60it/s]
 81%|████████  | 2610/3213 [06:47<01:18,  7.70it/s]
 81%|████████▏ | 2611/3213 [06:47<01:19,  7.60it/s]
 81%|████████▏ | 2612/3213 [06:47<01:17,  7.79it/s]
 81%|████████▏ | 2613/3213 [06:47<01:17,  7.79it/s]
 81%|████████▏ | 2614/3213 [06:48<01:22,  7.28it/s]
 81%|████████▏ | 2615/3213 [06:48<01:22,  7.26it/s]
 81%|████████▏ | 2616/3213 [06:48<01:25,  6.94it/s]
 81%|████████▏ | 2617/3213 [06:48<01:24,  7.05it/s]
 81%|████████▏ | 2618/3213 [06:48<01:24,  7.07it/s]
 82%|████████▏ | 2619/3213 [06:48<01:18,  7.53it/s]
 82%|████████▏ | 2620/3213 [06:48<01:18,  7.57it/s]
 82%|████████▏ | 2621/3213 [06:49<01:17,  7.65it/s]
 82%|████████▏ | 2622/3213 [06:49<01:17,  7.60it/s]
 82%|████████▏ | 2623/3213 [06:49<01:17,  7.57it/s]
 82%|████████▏ | 2624/3213 [06:49<01:19,  7.45it/s]
 82%|████████▏ | 2625/3213 [06:49<01:16,  7.71it/s]
 82%|████████▏ | 2626/3213 [06:49<01:16,  7.70it/s]
 82%|████████▏ | 2627/3213 [06:49<01:17,  7.57it/s]
 82%|████████▏ | 2628/3213 [06:50<01:17,  7.59it/s]
 82%|████████▏ | 2629/3213 [06:50<01:19,  7.36it/s]
 82%|████████▏ | 2630/3213 [06:50<01:19,  7.36it/s]
 82%|████████▏ | 2631/3213 [06:50<01:20,  7.19it/s]
 82%|████████▏ | 2632/3213 [06:50<01:17,  7.52it/s]
 82%|████████▏ | 2633/3213 [06:50<01:19,  7.32it/s]
 82%|████████▏ | 2634/3213 [06:50<01:19,  7.27it/s]
 82%|████████▏ | 2635/3213 [06:50<01:19,  7.25it/s]
 82%|████████▏ | 2636/3213 [06:51<01:18,  7.32it/s]
 82%|████████▏ | 2637/3213 [06:51<01:23,  6.92it/s]
 82%|████████▏ | 2638/3213 [06:51<01:18,  7.31it/s]
 82%|████████▏ | 2639/3213 [06:51<01:16,  7.52it/s]
 82%|████████▏ | 2640/3213 [06:51<01:16,  7.49it/s]
 82%|████████▏ | 2641/3213 [06:51<01:17,  7.34it/s]
 82%|████████▏ | 2642/3213 [06:51<01:17,  7.36it/s]
 82%|████████▏ | 2643/3213 [06:52<01:17,  7.35it/s]
 82%|████████▏ | 2644/3213 [06:52<01:16,  7.46it/s]
 82%|████████▏ | 2645/3213 [06:52<01:22,  6.92it/s]
 82%|████████▏ | 2646/3213 [06:52<01:21,  6.97it/s]
 82%|████████▏ | 2647/3213 [06:52<01:16,  7.44it/s]
 82%|████████▏ | 2648/3213 [06:52<01:16,  7.43it/s]
 82%|████████▏ | 2649/3213 [06:52<01:14,  7.52it/s]
 82%|████████▏ | 2650/3213 [06:53<01:14,  7.58it/s]
                                                   
{'loss': 0.1772, 'grad_norm': 0.4606100022792816, 'learning_rate': 3.5045129162776226e-06, 'epoch': 2.47}

 82%|████████▏ | 2650/3213 [06:53<01:14,  7.58it/s]
 83%|████████▎ | 2651/3213 [06:53<01:13,  7.64it/s]
 83%|████████▎ | 2652/3213 [06:53<01:15,  7.39it/s]
 83%|████████▎ | 2653/3213 [06:53<01:13,  7.57it/s]
 83%|████████▎ | 2654/3213 [06:53<01:14,  7.55it/s]
 83%|████████▎ | 2655/3213 [06:53<01:15,  7.36it/s]
 83%|████████▎ | 2656/3213 [06:53<01:16,  7.33it/s]
 83%|████████▎ | 2657/3213 [06:53<01:16,  7.30it/s]
 83%|████████▎ | 2658/3213 [06:54<01:16,  7.24it/s]
 83%|████████▎ | 2659/3213 [06:54<01:17,  7.13it/s]
 83%|████████▎ | 2660/3213 [06:54<01:16,  7.24it/s]
 83%|████████▎ | 2661/3213 [06:54<01:16,  7.18it/s]
 83%|████████▎ | 2662/3213 [06:54<01:17,  7.12it/s]
 83%|████████▎ | 2663/3213 [06:54<01:11,  7.65it/s]
 83%|████████▎ | 2664/3213 [06:54<01:13,  7.51it/s]
 83%|████████▎ | 2665/3213 [06:55<01:10,  7.77it/s]
 83%|████████▎ | 2666/3213 [06:55<01:15,  7.26it/s]
 83%|████████▎ | 2667/3213 [06:55<01:14,  7.35it/s]
 83%|████████▎ | 2668/3213 [06:55<01:11,  7.58it/s]
 83%|████████▎ | 2669/3213 [06:55<01:11,  7.58it/s]
 83%|████████▎ | 2670/3213 [06:55<01:19,  6.85it/s]
 83%|████████▎ | 2671/3213 [06:55<01:15,  7.16it/s]
 83%|████████▎ | 2672/3213 [06:56<01:16,  7.08it/s]
 83%|████████▎ | 2673/3213 [06:56<01:21,  6.64it/s]
 83%|████████▎ | 2674/3213 [06:56<01:22,  6.55it/s]
 83%|████████▎ | 2675/3213 [06:56<01:21,  6.58it/s]
 83%|████████▎ | 2676/3213 [06:56<01:21,  6.62it/s]
 83%|████████▎ | 2677/3213 [06:56<01:16,  7.04it/s]
 83%|████████▎ | 2678/3213 [06:56<01:11,  7.45it/s]
 83%|████████▎ | 2679/3213 [06:57<01:13,  7.24it/s]
 83%|████████▎ | 2680/3213 [06:57<01:15,  7.09it/s]
 83%|████████▎ | 2681/3213 [06:57<01:14,  7.17it/s]
 83%|████████▎ | 2682/3213 [06:57<01:11,  7.47it/s]
 84%|████████▎ | 2683/3213 [06:57<01:09,  7.61it/s]
 84%|████████▎ | 2684/3213 [06:57<01:10,  7.46it/s]
 84%|████████▎ | 2685/3213 [06:57<01:08,  7.71it/s]
 84%|████████▎ | 2686/3213 [06:57<01:06,  7.96it/s]
 84%|████████▎ | 2687/3213 [06:58<01:09,  7.57it/s]
 84%|████████▎ | 2688/3213 [06:58<01:13,  7.13it/s]
 84%|████████▎ | 2689/3213 [06:58<01:18,  6.67it/s]
 84%|████████▎ | 2690/3213 [06:58<01:15,  6.90it/s]
 84%|████████▍ | 2691/3213 [06:58<01:21,  6.40it/s]
 84%|████████▍ | 2692/3213 [06:58<01:18,  6.64it/s]
 84%|████████▍ | 2693/3213 [06:59<01:14,  6.96it/s]
 84%|████████▍ | 2694/3213 [06:59<01:15,  6.92it/s]
 84%|████████▍ | 2695/3213 [06:59<01:11,  7.29it/s]
 84%|████████▍ | 2696/3213 [06:59<01:08,  7.52it/s]
 84%|████████▍ | 2697/3213 [06:59<01:08,  7.59it/s]
 84%|████████▍ | 2698/3213 [06:59<01:11,  7.23it/s]
 84%|████████▍ | 2699/3213 [06:59<01:15,  6.78it/s]
 84%|████████▍ | 2700/3213 [06:59<01:11,  7.15it/s]
                                                   
{'loss': 0.1878, 'grad_norm': 0.44465741515159607, 'learning_rate': 3.1932773109243696e-06, 'epoch': 2.52}

 84%|████████▍ | 2700/3213 [07:00<01:11,  7.15it/s]
 84%|████████▍ | 2701/3213 [07:00<01:11,  7.18it/s]
 84%|████████▍ | 2702/3213 [07:00<01:10,  7.20it/s]
 84%|████████▍ | 2703/3213 [07:00<01:10,  7.22it/s]
 84%|████████▍ | 2704/3213 [07:00<01:12,  7.00it/s]
 84%|████████▍ | 2705/3213 [07:00<01:10,  7.23it/s]
 84%|████████▍ | 2706/3213 [07:00<01:12,  6.96it/s]
 84%|████████▍ | 2707/3213 [07:00<01:13,  6.87it/s]
 84%|████████▍ | 2708/3213 [07:01<01:14,  6.81it/s]
 84%|████████▍ | 2709/3213 [07:01<01:09,  7.20it/s]
 84%|████████▍ | 2710/3213 [07:01<01:10,  7.18it/s]
 84%|████████▍ | 2711/3213 [07:01<01:08,  7.36it/s]
 84%|████████▍ | 2712/3213 [07:01<01:08,  7.27it/s]
 84%|████████▍ | 2713/3213 [07:01<01:08,  7.29it/s]
 84%|████████▍ | 2714/3213 [07:01<01:07,  7.44it/s]
 85%|████████▍ | 2715/3213 [07:02<01:06,  7.48it/s]
 85%|████████▍ | 2716/3213 [07:02<01:09,  7.19it/s]
 85%|████████▍ | 2717/3213 [07:02<01:06,  7.41it/s]
 85%|████████▍ | 2718/3213 [07:02<01:09,  7.12it/s]
 85%|████████▍ | 2719/3213 [07:02<01:04,  7.60it/s]
 85%|████████▍ | 2720/3213 [07:02<01:05,  7.51it/s]
 85%|████████▍ | 2721/3213 [07:02<01:12,  6.79it/s]
 85%|████████▍ | 2722/3213 [07:03<01:09,  7.08it/s]
 85%|████████▍ | 2723/3213 [07:03<01:15,  6.48it/s]
 85%|████████▍ | 2724/3213 [07:03<01:09,  7.03it/s]
 85%|████████▍ | 2725/3213 [07:03<01:09,  7.06it/s]
 85%|████████▍ | 2726/3213 [07:03<01:05,  7.48it/s]
 85%|████████▍ | 2727/3213 [07:03<01:10,  6.87it/s]
 85%|████████▍ | 2728/3213 [07:03<01:08,  7.07it/s]
 85%|████████▍ | 2729/3213 [07:04<01:12,  6.67it/s]
 85%|████████▍ | 2730/3213 [07:04<01:11,  6.73it/s]
 85%|████████▍ | 2731/3213 [07:04<01:10,  6.80it/s]
 85%|████████▌ | 2732/3213 [07:04<01:10,  6.80it/s]
 85%|████████▌ | 2733/3213 [07:04<01:07,  7.15it/s]
 85%|████████▌ | 2734/3213 [07:04<01:04,  7.40it/s]
 85%|████████▌ | 2735/3213 [07:04<01:02,  7.65it/s]
 85%|████████▌ | 2736/3213 [07:04<01:01,  7.73it/s]
 85%|████████▌ | 2737/3213 [07:05<01:03,  7.51it/s]
 85%|████████▌ | 2738/3213 [07:05<01:06,  7.19it/s]
 85%|████████▌ | 2739/3213 [07:05<01:02,  7.58it/s]
 85%|████████▌ | 2740/3213 [07:05<01:02,  7.53it/s]
 85%|████████▌ | 2741/3213 [07:05<01:05,  7.25it/s]
 85%|████████▌ | 2742/3213 [07:05<01:04,  7.27it/s]
 85%|████████▌ | 2743/3213 [07:05<01:02,  7.54it/s]
 85%|████████▌ | 2744/3213 [07:06<01:03,  7.43it/s]
 85%|████████▌ | 2745/3213 [07:06<01:04,  7.31it/s]
 85%|████████▌ | 2746/3213 [07:06<01:02,  7.51it/s]
 85%|████████▌ | 2747/3213 [07:06<01:04,  7.20it/s]
 86%|████████▌ | 2748/3213 [07:06<01:02,  7.43it/s]
 86%|████████▌ | 2749/3213 [07:06<01:06,  7.03it/s]
 86%|████████▌ | 2750/3213 [07:06<01:04,  7.22it/s]
                                                   
{'loss': 0.1977, 'grad_norm': 0.8637986779212952, 'learning_rate': 2.8820417055711176e-06, 'epoch': 2.57}

 86%|████████▌ | 2750/3213 [07:06<01:04,  7.22it/s]
 86%|████████▌ | 2751/3213 [07:07<01:03,  7.24it/s]
 86%|████████▌ | 2752/3213 [07:07<01:10,  6.58it/s]
 86%|████████▌ | 2753/3213 [07:07<01:04,  7.10it/s]
 86%|████████▌ | 2754/3213 [07:07<01:02,  7.37it/s]
 86%|████████▌ | 2755/3213 [07:07<01:01,  7.41it/s]
 86%|████████▌ | 2756/3213 [07:07<01:00,  7.52it/s]
 86%|████████▌ | 2757/3213 [07:07<01:00,  7.51it/s]
 86%|████████▌ | 2758/3213 [07:08<01:03,  7.13it/s]
 86%|████████▌ | 2759/3213 [07:08<01:01,  7.42it/s]
 86%|████████▌ | 2760/3213 [07:08<01:01,  7.32it/s]
 86%|████████▌ | 2761/3213 [07:08<01:00,  7.45it/s]
 86%|████████▌ | 2762/3213 [07:08<01:02,  7.22it/s]
 86%|████████▌ | 2763/3213 [07:08<01:00,  7.43it/s]
 86%|████████▌ | 2764/3213 [07:08<01:00,  7.39it/s]
 86%|████████▌ | 2765/3213 [07:08<01:00,  7.41it/s]
 86%|████████▌ | 2766/3213 [07:09<01:02,  7.14it/s]
 86%|████████▌ | 2767/3213 [07:09<01:01,  7.20it/s]
 86%|████████▌ | 2768/3213 [07:09<01:01,  7.29it/s]
 86%|████████▌ | 2769/3213 [07:09<00:58,  7.64it/s]
 86%|████████▌ | 2770/3213 [07:09<01:00,  7.28it/s]
 86%|████████▌ | 2771/3213 [07:09<01:03,  7.00it/s]
 86%|████████▋ | 2772/3213 [07:09<01:02,  7.10it/s]
 86%|████████▋ | 2773/3213 [07:10<01:05,  6.76it/s]
 86%|████████▋ | 2774/3213 [07:10<01:07,  6.47it/s]
 86%|████████▋ | 2775/3213 [07:10<01:02,  6.98it/s]
 86%|████████▋ | 2776/3213 [07:10<01:02,  6.95it/s]
 86%|████████▋ | 2777/3213 [07:10<01:00,  7.25it/s]
 86%|████████▋ | 2778/3213 [07:10<00:58,  7.37it/s]
 86%|████████▋ | 2779/3213 [07:10<00:58,  7.37it/s]
 87%|████████▋ | 2780/3213 [07:11<00:59,  7.27it/s]
 87%|████████▋ | 2781/3213 [07:11<00:59,  7.30it/s]
 87%|████████▋ | 2782/3213 [07:11<00:57,  7.50it/s]
 87%|████████▋ | 2783/3213 [07:11<00:57,  7.53it/s]
 87%|████████▋ | 2784/3213 [07:11<00:55,  7.79it/s]
 87%|████████▋ | 2785/3213 [07:11<00:55,  7.72it/s]
 87%|████████▋ | 2786/3213 [07:11<00:54,  7.85it/s]
 87%|████████▋ | 2787/3213 [07:11<00:56,  7.49it/s]
 87%|████████▋ | 2788/3213 [07:12<00:54,  7.77it/s]
 87%|████████▋ | 2789/3213 [07:12<00:57,  7.40it/s]
 87%|████████▋ | 2790/3213 [07:12<00:56,  7.53it/s]
 87%|████████▋ | 2791/3213 [07:12<00:54,  7.74it/s]
 87%|████████▋ | 2792/3213 [07:12<00:53,  7.82it/s]
 87%|████████▋ | 2793/3213 [07:12<00:55,  7.63it/s]
 87%|████████▋ | 2794/3213 [07:12<00:53,  7.89it/s]
 87%|████████▋ | 2795/3213 [07:13<00:53,  7.78it/s]
 87%|████████▋ | 2796/3213 [07:13<00:55,  7.56it/s]
 87%|████████▋ | 2797/3213 [07:13<01:03,  6.60it/s]
 87%|████████▋ | 2798/3213 [07:13<00:57,  7.19it/s]
 87%|████████▋ | 2799/3213 [07:13<00:57,  7.23it/s]
 87%|████████▋ | 2800/3213 [07:13<00:54,  7.57it/s]
                                                   
{'loss': 0.1861, 'grad_norm': 0.5625619888305664, 'learning_rate': 2.570806100217865e-06, 'epoch': 2.61}

 87%|████████▋ | 2800/3213 [07:13<00:54,  7.57it/s]
 87%|████████▋ | 2801/3213 [07:13<00:56,  7.33it/s]
 87%|████████▋ | 2802/3213 [07:14<00:55,  7.35it/s]
 87%|████████▋ | 2803/3213 [07:14<00:55,  7.42it/s]
 87%|████████▋ | 2804/3213 [07:14<00:56,  7.23it/s]
 87%|████████▋ | 2805/3213 [07:14<00:56,  7.23it/s]
 87%|████████▋ | 2806/3213 [07:14<00:55,  7.38it/s]
 87%|████████▋ | 2807/3213 [07:14<00:56,  7.20it/s]
 87%|████████▋ | 2808/3213 [07:14<00:54,  7.49it/s]
 87%|████████▋ | 2809/3213 [07:14<00:54,  7.47it/s]
 87%|████████▋ | 2810/3213 [07:15<00:54,  7.39it/s]
 87%|████████▋ | 2811/3213 [07:15<00:53,  7.51it/s]
 88%|████████▊ | 2812/3213 [07:15<00:54,  7.36it/s]
 88%|████████▊ | 2813/3213 [07:15<00:53,  7.48it/s]
 88%|████████▊ | 2814/3213 [07:15<00:54,  7.33it/s]
 88%|████████▊ | 2815/3213 [07:15<00:53,  7.42it/s]
 88%|████████▊ | 2816/3213 [07:15<00:54,  7.34it/s]
 88%|████████▊ | 2817/3213 [07:16<00:52,  7.60it/s]
 88%|████████▊ | 2818/3213 [07:16<00:54,  7.27it/s]
 88%|████████▊ | 2819/3213 [07:16<00:53,  7.41it/s]
 88%|████████▊ | 2820/3213 [07:16<00:53,  7.40it/s]
 88%|████████▊ | 2821/3213 [07:16<00:52,  7.44it/s]
 88%|████████▊ | 2822/3213 [07:16<00:50,  7.76it/s]
 88%|████████▊ | 2823/3213 [07:16<00:49,  7.83it/s]
 88%|████████▊ | 2824/3213 [07:16<00:50,  7.67it/s]
 88%|████████▊ | 2825/3213 [07:17<00:51,  7.54it/s]
 88%|████████▊ | 2826/3213 [07:17<00:51,  7.55it/s]
 88%|████████▊ | 2827/3213 [07:17<00:50,  7.71it/s]
 88%|████████▊ | 2828/3213 [07:17<00:49,  7.78it/s]
 88%|████████▊ | 2829/3213 [07:17<00:48,  7.84it/s]
 88%|████████▊ | 2830/3213 [07:17<00:49,  7.74it/s]
 88%|████████▊ | 2831/3213 [07:17<00:49,  7.76it/s]
 88%|████████▊ | 2832/3213 [07:17<00:49,  7.65it/s]
 88%|████████▊ | 2833/3213 [07:18<00:49,  7.67it/s]
 88%|████████▊ | 2834/3213 [07:18<00:51,  7.33it/s]
 88%|████████▊ | 2835/3213 [07:18<00:50,  7.45it/s]
 88%|████████▊ | 2836/3213 [07:18<00:51,  7.26it/s]
 88%|████████▊ | 2837/3213 [07:18<00:49,  7.63it/s]
 88%|████████▊ | 2838/3213 [07:18<00:49,  7.53it/s]
 88%|████████▊ | 2839/3213 [07:18<00:50,  7.46it/s]
 88%|████████▊ | 2840/3213 [07:19<00:49,  7.59it/s]
 88%|████████▊ | 2841/3213 [07:19<00:51,  7.16it/s]
 88%|████████▊ | 2842/3213 [07:19<00:52,  7.02it/s]
 88%|████████▊ | 2843/3213 [07:19<00:52,  7.10it/s]
 89%|████████▊ | 2844/3213 [07:19<00:50,  7.29it/s]
 89%|████████▊ | 2845/3213 [07:19<00:49,  7.46it/s]
 89%|████████▊ | 2846/3213 [07:19<00:51,  7.16it/s]
 89%|████████▊ | 2847/3213 [07:20<00:48,  7.55it/s]
 89%|████████▊ | 2848/3213 [07:20<00:47,  7.61it/s]
 89%|████████▊ | 2849/3213 [07:20<00:49,  7.40it/s]
 89%|████████▊ | 2850/3213 [07:20<00:47,  7.69it/s]
                                                   
{'loss': 0.1924, 'grad_norm': 0.5700085759162903, 'learning_rate': 2.2595704948646125e-06, 'epoch': 2.66}

 89%|████████▊ | 2850/3213 [07:20<00:47,  7.69it/s]
 89%|████████▊ | 2851/3213 [07:20<00:50,  7.21it/s]
 89%|████████▉ | 2852/3213 [07:20<00:48,  7.39it/s]
 89%|████████▉ | 2853/3213 [07:20<00:47,  7.66it/s]
 89%|████████▉ | 2854/3213 [07:20<00:46,  7.71it/s]
 89%|████████▉ | 2855/3213 [07:21<00:48,  7.38it/s]
 89%|████████▉ | 2856/3213 [07:21<00:49,  7.28it/s]
 89%|████████▉ | 2857/3213 [07:21<00:46,  7.60it/s]
 89%|████████▉ | 2858/3213 [07:21<00:47,  7.53it/s]
 89%|████████▉ | 2859/3213 [07:21<00:47,  7.43it/s]
 89%|████████▉ | 2860/3213 [07:21<00:46,  7.58it/s]
 89%|████████▉ | 2861/3213 [07:21<00:45,  7.68it/s]
 89%|████████▉ | 2862/3213 [07:22<00:44,  7.85it/s]
 89%|████████▉ | 2863/3213 [07:22<00:50,  6.99it/s]
 89%|████████▉ | 2864/3213 [07:22<00:47,  7.32it/s]
 89%|████████▉ | 2865/3213 [07:22<00:50,  6.87it/s]
 89%|████████▉ | 2866/3213 [07:22<00:48,  7.14it/s]
 89%|████████▉ | 2867/3213 [07:22<00:47,  7.25it/s]
 89%|████████▉ | 2868/3213 [07:22<00:45,  7.54it/s]
 89%|████████▉ | 2869/3213 [07:22<00:44,  7.68it/s]
 89%|████████▉ | 2870/3213 [07:23<00:45,  7.58it/s]
 89%|████████▉ | 2871/3213 [07:23<00:47,  7.16it/s]
 89%|████████▉ | 2872/3213 [07:23<00:45,  7.45it/s]
 89%|████████▉ | 2873/3213 [07:23<00:45,  7.53it/s]
 89%|████████▉ | 2874/3213 [07:23<00:45,  7.41it/s]
 89%|████████▉ | 2875/3213 [07:23<00:46,  7.28it/s]
 90%|████████▉ | 2876/3213 [07:23<00:46,  7.31it/s]
 90%|████████▉ | 2877/3213 [07:24<00:46,  7.29it/s]
 90%|████████▉ | 2878/3213 [07:24<00:46,  7.25it/s]
 90%|████████▉ | 2879/3213 [07:24<00:45,  7.34it/s]
 90%|████████▉ | 2880/3213 [07:24<00:46,  7.22it/s]
 90%|████████▉ | 2881/3213 [07:24<00:42,  7.76it/s]
 90%|████████▉ | 2882/3213 [07:24<00:46,  7.15it/s]
 90%|████████▉ | 2883/3213 [07:24<00:44,  7.46it/s]
 90%|████████▉ | 2884/3213 [07:25<00:44,  7.47it/s]
 90%|████████▉ | 2885/3213 [07:25<00:45,  7.29it/s]
 90%|████████▉ | 2886/3213 [07:25<00:47,  6.91it/s]
 90%|████████▉ | 2887/3213 [07:25<00:45,  7.22it/s]
 90%|████████▉ | 2888/3213 [07:25<00:43,  7.41it/s]
 90%|████████▉ | 2889/3213 [07:25<00:46,  6.90it/s]
 90%|████████▉ | 2890/3213 [07:25<00:46,  7.01it/s]
 90%|████████▉ | 2891/3213 [07:26<00:43,  7.33it/s]
 90%|█████████ | 2892/3213 [07:26<00:43,  7.42it/s]
 90%|█████████ | 2893/3213 [07:26<00:48,  6.57it/s]
 90%|█████████ | 2894/3213 [07:26<00:48,  6.62it/s]
 90%|█████████ | 2895/3213 [07:26<00:46,  6.81it/s]
 90%|█████████ | 2896/3213 [07:26<00:46,  6.86it/s]
 90%|█████████ | 2897/3213 [07:26<00:42,  7.36it/s]
 90%|█████████ | 2898/3213 [07:27<00:43,  7.19it/s]
 90%|█████████ | 2899/3213 [07:27<00:44,  7.07it/s]
 90%|█████████ | 2900/3213 [07:27<00:42,  7.28it/s]
                                                   
{'loss': 0.1851, 'grad_norm': 0.43202075362205505, 'learning_rate': 1.94833488951136e-06, 'epoch': 2.71}

 90%|█████████ | 2900/3213 [07:27<00:42,  7.28it/s]
 90%|█████████ | 2901/3213 [07:27<00:40,  7.66it/s]
 90%|█████████ | 2902/3213 [07:27<00:40,  7.69it/s]
 90%|█████████ | 2903/3213 [07:27<00:41,  7.54it/s]
 90%|█████████ | 2904/3213 [07:27<00:40,  7.61it/s]
 90%|█████████ | 2905/3213 [07:27<00:41,  7.46it/s]
 90%|█████████ | 2906/3213 [07:28<00:43,  7.10it/s]
 90%|█████████ | 2907/3213 [07:28<00:41,  7.33it/s]
 91%|█████████ | 2908/3213 [07:28<00:40,  7.61it/s]
 91%|█████████ | 2909/3213 [07:28<00:43,  7.04it/s]
 91%|█████████ | 2910/3213 [07:28<00:41,  7.30it/s]
 91%|█████████ | 2911/3213 [07:28<00:41,  7.29it/s]
 91%|█████████ | 2912/3213 [07:28<00:40,  7.38it/s]
 91%|█████████ | 2913/3213 [07:29<00:41,  7.22it/s]
 91%|█████████ | 2914/3213 [07:29<00:38,  7.70it/s]
 91%|█████████ | 2915/3213 [07:29<00:38,  7.65it/s]
 91%|█████████ | 2916/3213 [07:29<00:38,  7.77it/s]
 91%|█████████ | 2917/3213 [07:29<00:38,  7.61it/s]
 91%|█████████ | 2918/3213 [07:29<00:39,  7.40it/s]
 91%|█████████ | 2919/3213 [07:29<00:41,  7.01it/s]
 91%|█████████ | 2920/3213 [07:29<00:40,  7.20it/s]
 91%|█████████ | 2921/3213 [07:30<00:44,  6.51it/s]
 91%|█████████ | 2922/3213 [07:30<00:43,  6.67it/s]
 91%|█████████ | 2923/3213 [07:30<00:44,  6.50it/s]
 91%|█████████ | 2924/3213 [07:30<00:43,  6.64it/s]
 91%|█████████ | 2925/3213 [07:30<00:43,  6.66it/s]
 91%|█████████ | 2926/3213 [07:30<00:41,  6.95it/s]
 91%|█████████ | 2927/3213 [07:31<00:41,  6.93it/s]
 91%|█████████ | 2928/3213 [07:31<00:42,  6.73it/s]
 91%|█████████ | 2929/3213 [07:31<00:43,  6.56it/s]
 91%|█████████ | 2930/3213 [07:31<00:39,  7.22it/s]
 91%|█████████ | 2931/3213 [07:31<00:39,  7.13it/s]
 91%|█████████▏| 2932/3213 [07:31<00:37,  7.47it/s]
 91%|█████████▏| 2933/3213 [07:31<00:40,  6.88it/s]
 91%|█████████▏| 2934/3213 [07:32<00:38,  7.17it/s]
 91%|█████████▏| 2935/3213 [07:32<00:38,  7.31it/s]
 91%|█████████▏| 2936/3213 [07:32<00:37,  7.48it/s]
 91%|█████████▏| 2937/3213 [07:32<00:37,  7.43it/s]
 91%|█████████▏| 2938/3213 [07:32<00:36,  7.44it/s]
 91%|█████████▏| 2939/3213 [07:32<00:36,  7.52it/s]
 92%|█████████▏| 2940/3213 [07:32<00:35,  7.74it/s]
 92%|█████████▏| 2941/3213 [07:32<00:34,  7.82it/s]
 92%|█████████▏| 2942/3213 [07:33<00:34,  7.81it/s]
 92%|█████████▏| 2943/3213 [07:33<00:36,  7.36it/s]
 92%|█████████▏| 2944/3213 [07:33<00:36,  7.44it/s]
 92%|█████████▏| 2945/3213 [07:33<00:36,  7.32it/s]
 92%|█████████▏| 2946/3213 [07:33<00:37,  7.11it/s]
 92%|█████████▏| 2947/3213 [07:33<00:35,  7.43it/s]
 92%|█████████▏| 2948/3213 [07:33<00:37,  7.14it/s]
 92%|█████████▏| 2949/3213 [07:34<00:34,  7.63it/s]
 92%|█████████▏| 2950/3213 [07:34<00:35,  7.44it/s]
                                                   
{'loss': 0.1863, 'grad_norm': 0.4987207055091858, 'learning_rate': 1.637099284158108e-06, 'epoch': 2.75}

 92%|█████████▏| 2950/3213 [07:34<00:35,  7.44it/s]
 92%|█████████▏| 2951/3213 [07:34<00:34,  7.57it/s]
 92%|█████████▏| 2952/3213 [07:34<00:36,  7.24it/s]
 92%|█████████▏| 2953/3213 [07:34<00:35,  7.42it/s]
 92%|█████████▏| 2954/3213 [07:34<00:34,  7.50it/s]
 92%|█████████▏| 2955/3213 [07:34<00:34,  7.57it/s]
 92%|█████████▏| 2956/3213 [07:34<00:34,  7.52it/s]
 92%|█████████▏| 2957/3213 [07:35<00:34,  7.40it/s]
 92%|█████████▏| 2958/3213 [07:35<00:36,  7.08it/s]
 92%|█████████▏| 2959/3213 [07:35<00:34,  7.34it/s]
 92%|█████████▏| 2960/3213 [07:35<00:33,  7.51it/s]
 92%|█████████▏| 2961/3213 [07:35<00:34,  7.22it/s]
 92%|█████████▏| 2962/3213 [07:35<00:34,  7.32it/s]
 92%|█████████▏| 2963/3213 [07:35<00:33,  7.39it/s]
 92%|█████████▏| 2964/3213 [07:36<00:33,  7.43it/s]
 92%|█████████▏| 2965/3213 [07:36<00:32,  7.62it/s]
 92%|█████████▏| 2966/3213 [07:36<00:32,  7.58it/s]
 92%|█████████▏| 2967/3213 [07:36<00:34,  7.23it/s]
 92%|█████████▏| 2968/3213 [07:36<00:32,  7.54it/s]
 92%|█████████▏| 2969/3213 [07:36<00:32,  7.53it/s]
 92%|█████████▏| 2970/3213 [07:36<00:30,  7.86it/s]
 92%|█████████▏| 2971/3213 [07:37<00:32,  7.44it/s]
 92%|█████████▏| 2972/3213 [07:37<00:31,  7.54it/s]
 93%|█████████▎| 2973/3213 [07:37<00:31,  7.56it/s]
 93%|█████████▎| 2974/3213 [07:37<00:30,  7.78it/s]
 93%|█████████▎| 2975/3213 [07:37<00:30,  7.72it/s]
 93%|█████████▎| 2976/3213 [07:37<00:30,  7.66it/s]
 93%|█████████▎| 2977/3213 [07:37<00:31,  7.39it/s]
 93%|█████████▎| 2978/3213 [07:37<00:32,  7.23it/s]
 93%|█████████▎| 2979/3213 [07:38<00:32,  7.11it/s]
 93%|█████████▎| 2980/3213 [07:38<00:34,  6.80it/s]
 93%|█████████▎| 2981/3213 [07:38<00:33,  6.90it/s]
 93%|█████████▎| 2982/3213 [07:38<00:33,  6.97it/s]
 93%|█████████▎| 2983/3213 [07:38<00:31,  7.36it/s]
 93%|█████████▎| 2984/3213 [07:38<00:30,  7.43it/s]
 93%|█████████▎| 2985/3213 [07:38<00:30,  7.53it/s]
 93%|█████████▎| 2986/3213 [07:39<00:29,  7.67it/s]
 93%|█████████▎| 2987/3213 [07:39<00:31,  7.23it/s]
 93%|█████████▎| 2988/3213 [07:39<00:30,  7.41it/s]
 93%|█████████▎| 2989/3213 [07:39<00:30,  7.38it/s]
 93%|█████████▎| 2990/3213 [07:39<00:29,  7.52it/s]
 93%|█████████▎| 2991/3213 [07:39<00:29,  7.50it/s]
 93%|█████████▎| 2992/3213 [07:39<00:32,  6.83it/s]
 93%|█████████▎| 2993/3213 [07:40<00:30,  7.27it/s]
 93%|█████████▎| 2994/3213 [07:40<00:29,  7.43it/s]
 93%|█████████▎| 2995/3213 [07:40<00:30,  7.18it/s]
 93%|█████████▎| 2996/3213 [07:40<00:31,  6.87it/s]
 93%|█████████▎| 2997/3213 [07:40<00:30,  7.12it/s]
 93%|█████████▎| 2998/3213 [07:40<00:29,  7.38it/s]
 93%|█████████▎| 2999/3213 [07:40<00:28,  7.42it/s]
 93%|█████████▎| 3000/3213 [07:40<00:28,  7.37it/s]
                                                   
{'loss': 0.1866, 'grad_norm': 0.4269511103630066, 'learning_rate': 1.3258636788048554e-06, 'epoch': 2.8}

 93%|█████████▎| 3000/3213 [07:40<00:28,  7.37it/s]
 93%|█████████▎| 3001/3213 [07:41<00:28,  7.37it/s]
 93%|█████████▎| 3002/3213 [07:41<00:29,  7.22it/s]
 93%|█████████▎| 3003/3213 [07:41<00:27,  7.59it/s]
 93%|█████████▎| 3004/3213 [07:41<00:27,  7.68it/s]
 94%|█████████▎| 3005/3213 [07:41<00:26,  7.81it/s]
 94%|█████████▎| 3006/3213 [07:41<00:27,  7.59it/s]
 94%|█████████▎| 3007/3213 [07:41<00:27,  7.51it/s]
 94%|█████████▎| 3008/3213 [07:42<00:27,  7.35it/s]
 94%|█████████▎| 3009/3213 [07:42<00:26,  7.57it/s]
 94%|█████████▎| 3010/3213 [07:42<00:26,  7.63it/s]
 94%|█████████▎| 3011/3213 [07:42<00:26,  7.49it/s]
 94%|█████████▎| 3012/3213 [07:42<00:26,  7.72it/s]
 94%|█████████▍| 3013/3213 [07:42<00:26,  7.69it/s]
 94%|█████████▍| 3014/3213 [07:42<00:26,  7.45it/s]
 94%|█████████▍| 3015/3213 [07:42<00:26,  7.35it/s]
 94%|█████████▍| 3016/3213 [07:43<00:25,  7.80it/s]
 94%|█████████▍| 3017/3213 [07:43<00:33,  5.91it/s]
 94%|█████████▍| 3018/3213 [07:43<00:31,  6.24it/s]
 94%|█████████▍| 3019/3213 [07:43<00:30,  6.29it/s]
 94%|█████████▍| 3020/3213 [07:43<00:30,  6.42it/s]
 94%|█████████▍| 3021/3213 [07:43<00:30,  6.28it/s]
 94%|█████████▍| 3022/3213 [07:44<00:29,  6.41it/s]
 94%|█████████▍| 3023/3213 [07:44<00:27,  6.79it/s]
 94%|█████████▍| 3024/3213 [07:44<00:27,  6.91it/s]
 94%|█████████▍| 3025/3213 [07:44<00:29,  6.35it/s]
 94%|█████████▍| 3026/3213 [07:44<00:29,  6.30it/s]
 94%|█████████▍| 3027/3213 [07:44<00:29,  6.23it/s]
 94%|█████████▍| 3028/3213 [07:44<00:27,  6.83it/s]
 94%|█████████▍| 3029/3213 [07:45<00:28,  6.47it/s]
 94%|█████████▍| 3030/3213 [07:45<00:27,  6.77it/s]
 94%|█████████▍| 3031/3213 [07:45<00:28,  6.49it/s]
 94%|█████████▍| 3032/3213 [07:45<00:27,  6.67it/s]
 94%|█████████▍| 3033/3213 [07:45<00:26,  6.82it/s]
 94%|█████████▍| 3034/3213 [07:45<00:25,  7.15it/s]
 94%|█████████▍| 3035/3213 [07:45<00:24,  7.20it/s]
 94%|█████████▍| 3036/3213 [07:46<00:24,  7.12it/s]
 95%|█████████▍| 3037/3213 [07:46<00:24,  7.31it/s]
 95%|█████████▍| 3038/3213 [07:46<00:23,  7.42it/s]
 95%|█████████▍| 3039/3213 [07:46<00:24,  7.08it/s]
 95%|█████████▍| 3040/3213 [07:46<00:23,  7.24it/s]
 95%|█████████▍| 3041/3213 [07:46<00:23,  7.33it/s]
 95%|█████████▍| 3042/3213 [07:46<00:23,  7.30it/s]
 95%|█████████▍| 3043/3213 [07:47<00:23,  7.35it/s]
 95%|█████████▍| 3044/3213 [07:47<00:22,  7.46it/s]
 95%|█████████▍| 3045/3213 [07:47<00:21,  7.73it/s]
 95%|█████████▍| 3046/3213 [07:47<00:21,  7.69it/s]
 95%|█████████▍| 3047/3213 [07:47<00:21,  7.87it/s]
 95%|█████████▍| 3048/3213 [07:47<00:21,  7.71it/s]
 95%|█████████▍| 3049/3213 [07:47<00:21,  7.72it/s]
 95%|█████████▍| 3050/3213 [07:47<00:20,  7.81it/s]
                                                   
{'loss': 0.1861, 'grad_norm': 0.38351115584373474, 'learning_rate': 1.0146280734516029e-06, 'epoch': 2.85}

 95%|█████████▍| 3050/3213 [07:48<00:20,  7.81it/s]
 95%|█████████▍| 3051/3213 [07:48<00:21,  7.57it/s]
 95%|█████████▍| 3052/3213 [07:48<00:21,  7.43it/s]
 95%|█████████▌| 3053/3213 [07:48<00:21,  7.28it/s]
 95%|█████████▌| 3054/3213 [07:48<00:21,  7.33it/s]
 95%|█████████▌| 3055/3213 [07:48<00:22,  6.95it/s]
 95%|█████████▌| 3056/3213 [07:48<00:21,  7.20it/s]
 95%|█████████▌| 3057/3213 [07:48<00:21,  7.14it/s]
 95%|█████████▌| 3058/3213 [07:49<00:21,  7.11it/s]
 95%|█████████▌| 3059/3213 [07:49<00:21,  7.13it/s]
 95%|█████████▌| 3060/3213 [07:49<00:19,  7.66it/s]
 95%|█████████▌| 3061/3213 [07:49<00:19,  7.68it/s]
 95%|█████████▌| 3062/3213 [07:49<00:19,  7.55it/s]
 95%|█████████▌| 3063/3213 [07:49<00:19,  7.55it/s]
 95%|█████████▌| 3064/3213 [07:49<00:20,  7.40it/s]
 95%|█████████▌| 3065/3213 [07:50<00:20,  7.24it/s]
 95%|█████████▌| 3066/3213 [07:50<00:20,  7.20it/s]
 95%|█████████▌| 3067/3213 [07:50<00:20,  7.17it/s]
 95%|█████████▌| 3068/3213 [07:50<00:20,  7.10it/s]
 96%|█████████▌| 3069/3213 [07:50<00:21,  6.80it/s]
 96%|█████████▌| 3070/3213 [07:50<00:21,  6.62it/s]
 96%|█████████▌| 3071/3213 [07:50<00:20,  6.78it/s]
 96%|█████████▌| 3072/3213 [07:51<00:20,  6.99it/s]
 96%|█████████▌| 3073/3213 [07:51<00:19,  7.04it/s]
 96%|█████████▌| 3074/3213 [07:51<00:19,  6.96it/s]
 96%|█████████▌| 3075/3213 [07:51<00:19,  7.16it/s]
 96%|█████████▌| 3076/3213 [07:51<00:18,  7.23it/s]
 96%|█████████▌| 3077/3213 [07:51<00:18,  7.18it/s]
 96%|█████████▌| 3078/3213 [07:51<00:18,  7.19it/s]
 96%|█████████▌| 3079/3213 [07:52<00:18,  7.39it/s]
 96%|█████████▌| 3080/3213 [07:52<00:17,  7.48it/s]
 96%|█████████▌| 3081/3213 [07:52<00:17,  7.55it/s]
 96%|█████████▌| 3082/3213 [07:52<00:17,  7.49it/s]
 96%|█████████▌| 3083/3213 [07:52<00:18,  7.08it/s]
 96%|█████████▌| 3084/3213 [07:52<00:17,  7.28it/s]
 96%|█████████▌| 3085/3213 [07:52<00:17,  7.34it/s]
 96%|█████████▌| 3086/3213 [07:52<00:17,  7.45it/s]
 96%|█████████▌| 3087/3213 [07:53<00:17,  7.05it/s]
 96%|█████████▌| 3088/3213 [07:53<00:18,  6.84it/s]
 96%|█████████▌| 3089/3213 [07:53<00:17,  7.19it/s]
 96%|█████████▌| 3090/3213 [07:53<00:17,  7.15it/s]
 96%|█████████▌| 3091/3213 [07:53<00:17,  7.13it/s]
 96%|█████████▌| 3092/3213 [07:53<00:16,  7.18it/s]
 96%|█████████▋| 3093/3213 [07:53<00:16,  7.30it/s]
 96%|█████████▋| 3094/3213 [07:54<00:16,  7.03it/s]
 96%|█████████▋| 3095/3213 [07:54<00:19,  6.17it/s]
 96%|█████████▋| 3096/3213 [07:54<00:18,  6.21it/s]
 96%|█████████▋| 3097/3213 [07:54<00:18,  6.15it/s]
 96%|█████████▋| 3098/3213 [07:54<00:17,  6.43it/s]
 96%|█████████▋| 3099/3213 [07:54<00:16,  6.85it/s]
 96%|█████████▋| 3100/3213 [07:55<00:16,  6.67it/s]
                                                   
{'loss': 0.1878, 'grad_norm': 0.6590332984924316, 'learning_rate': 7.033924680983505e-07, 'epoch': 2.89}

 96%|█████████▋| 3100/3213 [07:55<00:16,  6.67it/s]
 97%|█████████▋| 3101/3213 [07:55<00:18,  5.90it/s]
 97%|█████████▋| 3102/3213 [07:55<00:17,  6.28it/s]
 97%|█████████▋| 3103/3213 [07:55<00:16,  6.51it/s]
 97%|█████████▋| 3104/3213 [07:55<00:16,  6.47it/s]
 97%|█████████▋| 3105/3213 [07:55<00:16,  6.62it/s]
 97%|█████████▋| 3106/3213 [07:56<00:15,  6.82it/s]
 97%|█████████▋| 3107/3213 [07:56<00:15,  6.70it/s]
 97%|█████████▋| 3108/3213 [07:56<00:15,  6.92it/s]
 97%|█████████▋| 3109/3213 [07:56<00:16,  6.38it/s]
 97%|█████████▋| 3110/3213 [07:56<00:16,  6.28it/s]
 97%|█████████▋| 3111/3213 [07:56<00:15,  6.59it/s]
 97%|█████████▋| 3112/3213 [07:56<00:14,  7.13it/s]
 97%|█████████▋| 3113/3213 [07:57<00:14,  7.14it/s]
 97%|█████████▋| 3114/3213 [07:57<00:13,  7.50it/s]
 97%|█████████▋| 3115/3213 [07:57<00:13,  7.36it/s]
 97%|█████████▋| 3116/3213 [07:57<00:13,  7.32it/s]
 97%|█████████▋| 3117/3213 [07:57<00:12,  7.41it/s]
 97%|█████████▋| 3118/3213 [07:57<00:12,  7.47it/s]
 97%|█████████▋| 3119/3213 [07:57<00:12,  7.29it/s]
 97%|█████████▋| 3120/3213 [07:57<00:12,  7.40it/s]
 97%|█████████▋| 3121/3213 [07:58<00:12,  7.19it/s]
 97%|█████████▋| 3122/3213 [07:58<00:13,  6.90it/s]
 97%|█████████▋| 3123/3213 [07:58<00:13,  6.78it/s]
 97%|█████████▋| 3124/3213 [07:58<00:14,  6.23it/s]
 97%|█████████▋| 3125/3213 [07:58<00:13,  6.39it/s]
 97%|█████████▋| 3126/3213 [07:58<00:12,  6.80it/s]
 97%|█████████▋| 3127/3213 [07:59<00:12,  7.01it/s]
 97%|█████████▋| 3128/3213 [07:59<00:12,  7.07it/s]
 97%|█████████▋| 3129/3213 [07:59<00:11,  7.20it/s]
 97%|█████████▋| 3130/3213 [07:59<00:11,  7.41it/s]
 97%|█████████▋| 3131/3213 [07:59<00:11,  7.16it/s]
 97%|█████████▋| 3132/3213 [07:59<00:12,  6.63it/s]
 98%|█████████▊| 3133/3213 [07:59<00:11,  6.80it/s]
 98%|█████████▊| 3134/3213 [08:00<00:11,  7.10it/s]
 98%|█████████▊| 3135/3213 [08:00<00:11,  6.60it/s]
 98%|█████████▊| 3136/3213 [08:00<00:11,  6.77it/s]
 98%|█████████▊| 3137/3213 [08:00<00:11,  6.45it/s]
 98%|█████████▊| 3138/3213 [08:00<00:11,  6.49it/s]
 98%|█████████▊| 3139/3213 [08:00<00:11,  6.37it/s]
 98%|█████████▊| 3140/3213 [08:00<00:10,  6.69it/s]
 98%|█████████▊| 3141/3213 [08:01<00:10,  6.74it/s]
 98%|█████████▊| 3142/3213 [08:01<00:10,  6.94it/s]
 98%|█████████▊| 3143/3213 [08:01<00:10,  6.70it/s]
 98%|█████████▊| 3144/3213 [08:01<00:09,  7.07it/s]
 98%|█████████▊| 3145/3213 [08:01<00:09,  7.25it/s]
 98%|█████████▊| 3146/3213 [08:01<00:09,  7.40it/s]
 98%|█████████▊| 3147/3213 [08:01<00:09,  7.26it/s]
 98%|█████████▊| 3148/3213 [08:02<00:08,  7.44it/s]
 98%|█████████▊| 3149/3213 [08:02<00:08,  7.53it/s]
 98%|█████████▊| 3150/3213 [08:02<00:08,  7.80it/s]
                                                   
{'loss': 0.1913, 'grad_norm': 0.5298202037811279, 'learning_rate': 3.921568627450981e-07, 'epoch': 2.94}

 98%|█████████▊| 3150/3213 [08:02<00:08,  7.80it/s]
 98%|█████████▊| 3151/3213 [08:02<00:08,  7.60it/s]
 98%|█████████▊| 3152/3213 [08:02<00:08,  7.22it/s]
 98%|█████████▊| 3153/3213 [08:02<00:08,  7.35it/s]
 98%|█████████▊| 3154/3213 [08:02<00:08,  7.16it/s]
 98%|█████████▊| 3155/3213 [08:02<00:08,  7.21it/s]
 98%|█████████▊| 3156/3213 [08:03<00:07,  7.40it/s]
 98%|█████████▊| 3157/3213 [08:03<00:08,  6.92it/s]
 98%|█████████▊| 3158/3213 [08:03<00:07,  7.01it/s]
 98%|█████████▊| 3159/3213 [08:03<00:07,  7.58it/s]
 98%|█████████▊| 3160/3213 [08:03<00:07,  7.29it/s]
 98%|█████████▊| 3161/3213 [08:03<00:07,  7.15it/s]
 98%|█████████▊| 3162/3213 [08:03<00:06,  7.35it/s]
 98%|█████████▊| 3163/3213 [08:04<00:06,  7.17it/s]
 98%|█████████▊| 3164/3213 [08:04<00:06,  7.58it/s]
 99%|█████████▊| 3165/3213 [08:04<00:06,  7.52it/s]
 99%|█████████▊| 3166/3213 [08:04<00:06,  7.08it/s]
 99%|█████████▊| 3167/3213 [08:04<00:06,  7.23it/s]
 99%|█████████▊| 3168/3213 [08:04<00:05,  7.50it/s]
 99%|█████████▊| 3169/3213 [08:04<00:05,  7.72it/s]
 99%|█████████▊| 3170/3213 [08:05<00:05,  7.88it/s]
 99%|█████████▊| 3171/3213 [08:05<00:05,  7.59it/s]
 99%|█████████▊| 3172/3213 [08:05<00:05,  7.39it/s]
 99%|█████████▉| 3173/3213 [08:05<00:05,  7.64it/s]
 99%|█████████▉| 3174/3213 [08:05<00:05,  7.69it/s]
 99%|█████████▉| 3175/3213 [08:05<00:05,  7.29it/s]
 99%|█████████▉| 3176/3213 [08:05<00:05,  7.30it/s]
 99%|█████████▉| 3177/3213 [08:05<00:04,  7.39it/s]
 99%|█████████▉| 3178/3213 [08:06<00:04,  7.25it/s]
 99%|█████████▉| 3179/3213 [08:06<00:04,  7.19it/s]
 99%|█████████▉| 3180/3213 [08:06<00:04,  7.42it/s]
 99%|█████████▉| 3181/3213 [08:06<00:04,  7.15it/s]
 99%|█████████▉| 3182/3213 [08:06<00:04,  7.50it/s]
 99%|█████████▉| 3183/3213 [08:06<00:04,  7.44it/s]
 99%|█████████▉| 3184/3213 [08:06<00:03,  7.76it/s]
 99%|█████████▉| 3185/3213 [08:07<00:03,  7.84it/s]
 99%|█████████▉| 3186/3213 [08:07<00:03,  7.55it/s]
 99%|█████████▉| 3187/3213 [08:07<00:03,  7.97it/s]
 99%|█████████▉| 3188/3213 [08:07<00:03,  7.84it/s]
 99%|█████████▉| 3189/3213 [08:07<00:03,  7.86it/s]
 99%|█████████▉| 3190/3213 [08:07<00:03,  7.29it/s]
 99%|█████████▉| 3191/3213 [08:07<00:03,  7.15it/s]
 99%|█████████▉| 3192/3213 [08:07<00:02,  7.33it/s]
 99%|█████████▉| 3193/3213 [08:08<00:02,  6.83it/s]
 99%|█████████▉| 3194/3213 [08:08<00:02,  6.74it/s]
 99%|█████████▉| 3195/3213 [08:08<00:02,  6.75it/s]
 99%|█████████▉| 3196/3213 [08:08<00:02,  6.34it/s]
100%|█████████▉| 3197/3213 [08:08<00:02,  6.49it/s]
100%|█████████▉| 3198/3213 [08:08<00:02,  6.91it/s]
100%|█████████▉| 3199/3213 [08:09<00:01,  7.36it/s]
100%|█████████▉| 3200/3213 [08:09<00:01,  7.15it/s]
                                                   
{'loss': 0.1823, 'grad_norm': 0.49553775787353516, 'learning_rate': 8.092125739184564e-08, 'epoch': 2.99}

100%|█████████▉| 3200/3213 [08:09<00:01,  7.15it/s]
100%|█████████▉| 3201/3213 [08:09<00:01,  7.43it/s]
100%|█████████▉| 3202/3213 [08:09<00:01,  7.57it/s]
100%|█████████▉| 3203/3213 [08:09<00:01,  7.81it/s]
100%|█████████▉| 3204/3213 [08:09<00:01,  7.16it/s]
100%|█████████▉| 3205/3213 [08:09<00:01,  7.29it/s]
100%|█████████▉| 3206/3213 [08:09<00:00,  7.20it/s]
100%|█████████▉| 3207/3213 [08:10<00:00,  6.77it/s]
100%|█████████▉| 3208/3213 [08:10<00:00,  6.99it/s]
100%|█████████▉| 3209/3213 [08:10<00:00,  7.06it/s]
100%|█████████▉| 3210/3213 [08:10<00:00,  6.92it/s]
100%|█████████▉| 3211/3213 [08:10<00:00,  7.32it/s]
100%|█████████▉| 3212/3213 [08:10<00:00,  7.31it/s]
100%|██████████| 3213/3213 [08:10<00:00,  7.35it/s]

  0%|          | 0/95 [00:00<?, ?it/s][A

  4%|▍         | 4/95 [00:00<00:03, 30.15it/s][A

  8%|▊         | 8/95 [00:00<00:03, 25.15it/s][A

 12%|█▏        | 11/95 [00:00<00:03, 24.08it/s][A

 15%|█▍        | 14/95 [00:00<00:03, 23.49it/s][A

 18%|█▊        | 17/95 [00:00<00:03, 23.31it/s][A

 21%|██        | 20/95 [00:00<00:03, 23.14it/s][A

 24%|██▍       | 23/95 [00:00<00:03, 22.93it/s][A

 27%|██▋       | 26/95 [00:01<00:03, 22.79it/s][A

 31%|███       | 29/95 [00:01<00:02, 22.78it/s][A

 34%|███▎      | 32/95 [00:01<00:02, 22.70it/s][A

 37%|███▋      | 35/95 [00:01<00:02, 22.72it/s][A

 40%|████      | 38/95 [00:01<00:02, 22.65it/s][A

 43%|████▎     | 41/95 [00:01<00:02, 22.66it/s][A

 46%|████▋     | 44/95 [00:01<00:02, 22.62it/s][A

 49%|████▉     | 47/95 [00:02<00:02, 22.64it/s][A

 53%|█████▎    | 50/95 [00:02<00:01, 22.64it/s][A

 56%|█████▌    | 53/95 [00:02<00:01, 22.55it/s][A

 59%|█████▉    | 56/95 [00:02<00:01, 22.61it/s][A

 62%|██████▏   | 59/95 [00:02<00:01, 22.53it/s][A

 65%|██████▌   | 62/95 [00:02<00:01, 22.63it/s][A

 68%|██████▊   | 65/95 [00:02<00:01, 22.55it/s][A

 72%|███████▏  | 68/95 [00:02<00:01, 22.59it/s][A

 75%|███████▍  | 71/95 [00:03<00:01, 22.57it/s][A

 78%|███████▊  | 74/95 [00:03<00:00, 22.61it/s][A

 81%|████████  | 77/95 [00:03<00:00, 22.64it/s][A

 84%|████████▍ | 80/95 [00:03<00:00, 22.64it/s][A

 87%|████████▋ | 83/95 [00:03<00:00, 22.64it/s][A

 91%|█████████ | 86/95 [00:03<00:00, 22.65it/s][A

 94%|█████████▎| 89/95 [00:03<00:00, 22.68it/s][A

 97%|█████████▋| 92/95 [00:04<00:00, 22.73it/s][A

100%|██████████| 95/95 [00:04<00:00, 22.96it/s][A
                                                   

                                               
[A{'eval_loss': 0.18699932098388672, 'eval_tactics_precision_macro': 0.7762270740996677, 'eval_tactics_recall_macro': 0.3915856433944115, 'eval_tactics_f1_macro': 0.51246151107125, 'eval_micro_f1': 0.5232415561252927, 'eval_runtime': 4.6925, 'eval_samples_per_second': 2577.533, 'eval_steps_per_second': 20.245, 'epoch': 3.0}

100%|██████████| 3213/3213 [08:15<00:00,  7.35it/s]

100%|██████████| 95/95 [00:04<00:00, 22.96it/s][A

                                               [A
                                                   
{'train_runtime': 498.4174, 'train_samples_per_second': 412.528, 'train_steps_per_second': 6.446, 'train_loss': 0.20754740863732374, 'epoch': 3.0}

100%|██████████| 3213/3213 [08:18<00:00,  7.35it/s]
100%|██████████| 3213/3213 [08:18<00:00,  6.45it/s]

  0%|          | 0/95 [00:00<?, ?it/s]
  3%|▎         | 3/95 [00:00<00:04, 22.41it/s]
  6%|▋         | 6/95 [00:00<00:04, 21.11it/s]
  9%|▉         | 9/95 [00:00<00:03, 21.79it/s]
 13%|█▎        | 12/95 [00:00<00:03, 22.18it/s]
 16%|█▌        | 15/95 [00:00<00:03, 22.37it/s]
 19%|█▉        | 18/95 [00:00<00:03, 22.46it/s]
 22%|██▏       | 21/95 [00:00<00:03, 22.43it/s]
 25%|██▌       | 24/95 [00:01<00:03, 22.54it/s]
 28%|██▊       | 27/95 [00:01<00:03, 22.47it/s]
 32%|███▏      | 30/95 [00:01<00:02, 22.66it/s]
 35%|███▍      | 33/95 [00:01<00:02, 22.62it/s]
 38%|███▊      | 36/95 [00:01<00:02, 22.73it/s]
 41%|████      | 39/95 [00:01<00:02, 22.66it/s]
 44%|████▍     | 42/95 [00:01<00:02, 22.57it/s]
 47%|████▋     | 45/95 [00:02<00:02, 22.61it/s]
 51%|█████     | 48/95 [00:02<00:02, 22.66it/s]
 54%|█████▎    | 51/95 [00:02<00:01, 22.70it/s]
 57%|█████▋    | 54/95 [00:02<00:01, 22.77it/s]
 60%|██████    | 57/95 [00:02<00:01, 22.75it/s]
 63%|██████▎   | 60/95 [00:02<00:01, 22.76it/s]
 66%|██████▋   | 63/95 [00:02<00:01, 22.76it/s]
 69%|██████▉   | 66/95 [00:02<00:01, 22.72it/s]
 73%|███████▎  | 69/95 [00:03<00:01, 22.65it/s]
 76%|███████▌  | 72/95 [00:03<00:01, 22.19it/s]
 79%|███████▉  | 75/95 [00:03<00:00, 22.25it/s]
 82%|████████▏ | 78/95 [00:03<00:00, 22.39it/s]
 85%|████████▌ | 81/95 [00:03<00:00, 22.45it/s]
 88%|████████▊ | 84/95 [00:03<00:00, 22.54it/s]
 92%|█████████▏| 87/95 [00:03<00:00, 22.46it/s]
 95%|█████████▍| 90/95 [00:04<00:00, 22.34it/s]
 98%|█████████▊| 93/95 [00:04<00:00, 22.47it/s]
100%|██████████| 95/95 [00:04<00:00, 22.14it/s]
[tac] final val macro-F1 = 0.5125
  Curiosity Gap                F1 = 0.6735
  Exaggeration                 F1 = 0.6507
  Emotional Triggers           F1 = 0.5870
  Sensationalism               F1 = 0.2944
  Lists/Superlatives           F1 = 0.6060
  Ambiguous References         F1 = 0.5084
  Direct Appeals               F1 = 0.5405
  Unfinished Narratives        F1 = 0.4849
  Unexpected Associations      F1 = 0.3877
  Provocative Questions        F1 = 0.3915
[tac] saved model to /workspace/store/models/bert_tactics_prefix_finetuned

[modal] exit code: 0
