[modal] $ /usr/local/bin/python /workspace/track_b/modal_run/train_guides/train_tactics.py --trainval-csv /workspace/store/data/prefix_splits/trainval_tactics.csv --test-csv /workspace/store/data/prefix_splits/test_tactics.csv --out-dir /workspace/store/models/bert_tactics_prefix_finetuned
/usr/local/lib/python3.11/site-packages/transformers/utils/hub.py:124: FutureWarning: Using `TRANSFORMERS_CACHE` is deprecated and will be removed in v5 of Transformers. Use `HF_HOME` instead.
  warnings.warn(
[tac] trainval size 80632 labels=10 pos_per_label=[8064.0, 8224.0, 7920.0, 7960.0, 7936.0, 7796.0, 8476.0, 8236.0, 7892.0, 8088.0]
[tac] internal split train=68537 val=12095
Some weights of BertForSequenceClassification were not initialized from the model checkpoint at bert-base-uncased and are newly initialized: ['classifier.bias', 'classifier.weight']
You should probably TRAIN this model on a down-stream task to be able to use it for predictions and inference.
/usr/local/lib/python3.11/site-packages/transformers/training_args.py:1474: FutureWarning: `evaluation_strategy` is deprecated and will be removed in version 4.46 of 🤗 Transformers. Use `eval_strategy` instead
  warnings.warn(
[RANK 0] Detected kernel version 4.19.0, which is below the recommended minimum of 5.5.0; this can cause the process to hang. It is recommended to upgrade the kernel to the minimum version or higher.

  0%|          | 0/3213 [00:00<?, ?it/s]
  0%|          | 1/3213 [00:01<1:18:53,  1.47s/it]
  0%|          | 2/3213 [00:01<39:19,  1.36it/s]  
  0%|          | 3/3213 [00:01<25:50,  2.07it/s]
  0%|          | 4/3213 [00:02<18:31,  2.89it/s]
  0%|          | 5/3213 [00:02<14:19,  3.73it/s]
  0%|          | 6/3213 [00:02<12:41,  4.21it/s]
  0%|          | 7/3213 [00:02<10:48,  4.94it/s]
  0%|          | 8/3213 [00:02<10:51,  4.92it/s]
  0%|          | 9/3213 [00:02<10:23,  5.14it/s]
  0%|          | 10/3213 [00:02<09:30,  5.62it/s]
  0%|          | 11/3213 [00:03<08:49,  6.05it/s]
  0%|          | 12/3213 [00:03<08:58,  5.95it/s]
  0%|          | 13/3213 [00:03<08:14,  6.46it/s]
  0%|          | 14/3213 [00:03<08:06,  6.58it/s]
  0%|          | 15/3213 [00:03<07:52,  6.77it/s]
  0%|          | 16/3213 [00:03<07:46,  6.86it/s]
  1%|          | 17/3213 [00:04<08:30,  6.25it/s]
  1%|          | 18/3213 [00:04<08:06,  6.57it/s]
  1%|          | 19/3213 [00:04<08:05,  6.58it/s]
  1%|          | 20/3213 [00:04<08:23,  6.34it/s]
  1%|          | 21/3213 [00:04<07:55,  6.71it/s]
  1%|          | 22/3213 [00:04<08:11,  6.50it/s]
  1%|          | 23/3213 [00:04<08:19,  6.39it/s]
  1%|          | 24/3213 [00:05<08:29,  6.26it/s]
  1%|          | 25/3213 [00:05<08:30,  6.24it/s]
  1%|          | 26/3213 [00:05<08:17,  6.40it/s]
  1%|          | 27/3213 [00:05<08:13,  6.45it/s]
  1%|          | 28/3213 [00:05<08:25,  6.31it/s]
  1%|          | 29/3213 [00:05<08:19,  6.38it/s]
  1%|          | 30/3213 [00:06<07:57,  6.67it/s]
  1%|          | 31/3213 [00:06<07:44,  6.85it/s]
  1%|          | 32/3213 [00:06<07:48,  6.79it/s]
  1%|          | 33/3213 [00:06<08:01,  6.61it/s]
  1%|          | 34/3213 [00:06<08:08,  6.51it/s]
  1%|          | 35/3213 [00:06<07:54,  6.70it/s]
  1%|          | 36/3213 [00:06<08:22,  6.32it/s]
  1%|          | 37/3213 [00:07<08:16,  6.39it/s]
  1%|          | 38/3213 [00:07<08:06,  6.52it/s]
  1%|          | 39/3213 [00:07<07:54,  6.69it/s]
  1%|          | 40/3213 [00:07<07:59,  6.61it/s]
  1%|▏         | 41/3213 [00:07<07:37,  6.93it/s]
  1%|▏         | 42/3213 [00:07<07:31,  7.03it/s]
  1%|▏         | 43/3213 [00:07<08:03,  6.55it/s]
  1%|▏         | 44/3213 [00:08<08:03,  6.56it/s]
  1%|▏         | 45/3213 [00:08<07:40,  6.88it/s]
  1%|▏         | 46/3213 [00:08<07:41,  6.87it/s]
  1%|▏         | 47/3213 [00:08<07:36,  6.93it/s]
  1%|▏         | 48/3213 [00:08<07:37,  6.92it/s]
  2%|▏         | 49/3213 [00:08<07:37,  6.91it/s]
  2%|▏         | 50/3213 [00:08<07:48,  6.75it/s]
                                                 
{'loss': 0.4734, 'grad_norm': 0.43478384613990784, 'learning_rate': 1.968876439464675e-05, 'epoch': 0.05}

  2%|▏         | 50/3213 [00:09<07:48,  6.75it/s]
  2%|▏         | 51/3213 [00:09<08:13,  6.41it/s]
  2%|▏         | 52/3213 [00:09<08:17,  6.36it/s]
  2%|▏         | 53/3213 [00:09<08:04,  6.52it/s]
  2%|▏         | 54/3213 [00:09<07:49,  6.74it/s]
  2%|▏         | 55/3213 [00:09<07:27,  7.05it/s]
  2%|▏         | 56/3213 [00:09<07:48,  6.74it/s]
  2%|▏         | 57/3213 [00:10<07:33,  6.97it/s]
  2%|▏         | 58/3213 [00:10<07:41,  6.84it/s]
  2%|▏         | 59/3213 [00:10<07:28,  7.03it/s]
  2%|▏         | 60/3213 [00:10<07:43,  6.81it/s]
  2%|▏         | 61/3213 [00:10<07:35,  6.92it/s]
  2%|▏         | 62/3213 [00:10<07:41,  6.82it/s]
  2%|▏         | 63/3213 [00:10<08:36,  6.10it/s]
  2%|▏         | 64/3213 [00:11<08:20,  6.30it/s]
  2%|▏         | 65/3213 [00:11<08:10,  6.42it/s]
  2%|▏         | 66/3213 [00:11<08:50,  5.93it/s]
  2%|▏         | 67/3213 [00:11<08:27,  6.19it/s]
  2%|▏         | 68/3213 [00:11<08:05,  6.48it/s]
  2%|▏         | 69/3213 [00:11<08:08,  6.43it/s]
  2%|▏         | 70/3213 [00:12<08:17,  6.32it/s]
  2%|▏         | 71/3213 [00:12<07:56,  6.60it/s]
  2%|▏         | 72/3213 [00:12<07:35,  6.89it/s]
  2%|▏         | 73/3213 [00:12<07:40,  6.82it/s]
  2%|▏         | 74/3213 [00:12<08:02,  6.50it/s]
  2%|▏         | 75/3213 [00:12<08:39,  6.04it/s]
  2%|▏         | 76/3213 [00:13<08:37,  6.06it/s]
  2%|▏         | 77/3213 [00:13<08:54,  5.87it/s]
  2%|▏         | 78/3213 [00:13<08:35,  6.08it/s]
  2%|▏         | 79/3213 [00:13<08:24,  6.22it/s]
  2%|▏         | 80/3213 [00:13<08:31,  6.13it/s]
  3%|▎         | 81/3213 [00:13<08:17,  6.29it/s]
  3%|▎         | 82/3213 [00:13<08:25,  6.19it/s]
  3%|▎         | 83/3213 [00:14<08:18,  6.27it/s]
  3%|▎         | 84/3213 [00:14<08:13,  6.35it/s]
  3%|▎         | 85/3213 [00:14<08:29,  6.14it/s]
  3%|▎         | 86/3213 [00:14<08:59,  5.79it/s]
  3%|▎         | 87/3213 [00:14<09:06,  5.72it/s]
  3%|▎         | 88/3213 [00:15<09:52,  5.27it/s]
  3%|▎         | 89/3213 [00:15<09:27,  5.51it/s]
  3%|▎         | 90/3213 [00:15<09:40,  5.38it/s]
  3%|▎         | 91/3213 [00:15<09:28,  5.50it/s]
  3%|▎         | 92/3213 [00:15<08:57,  5.81it/s]
  3%|▎         | 93/3213 [00:15<08:40,  6.00it/s]
  3%|▎         | 94/3213 [00:16<08:10,  6.35it/s]
  3%|▎         | 95/3213 [00:16<08:04,  6.43it/s]
  3%|▎         | 96/3213 [00:16<09:13,  5.64it/s]
  3%|▎         | 97/3213 [00:16<09:02,  5.74it/s]
  3%|▎         | 98/3213 [00:16<09:09,  5.67it/s]
  3%|▎         | 99/3213 [00:16<08:19,  6.23it/s]
  3%|▎         | 100/3213 [00:17<08:12,  6.32it/s]
                                                  
{'loss': 0.3159, 'grad_norm': 0.49860259890556335, 'learning_rate': 1.9377528789293495e-05, 'epoch': 0.09}

  3%|▎         | 100/3213 [00:17<08:12,  6.32it/s]
  3%|▎         | 101/3213 [00:17<08:36,  6.03it/s]
  3%|▎         | 102/3213 [00:17<08:36,  6.02it/s]
  3%|▎         | 103/3213 [00:17<08:41,  5.96it/s]
  3%|▎         | 104/3213 [00:17<08:37,  6.00it/s]
  3%|▎         | 105/3213 [00:17<08:20,  6.21it/s]
  3%|▎         | 106/3213 [00:18<08:12,  6.31it/s]
  3%|▎         | 107/3213 [00:18<07:56,  6.52it/s]
  3%|▎         | 108/3213 [00:18<08:16,  6.26it/s]
  3%|▎         | 109/3213 [00:18<08:26,  6.13it/s]
  3%|▎         | 110/3213 [00:18<08:14,  6.28it/s]
  3%|▎         | 111/3213 [00:18<08:14,  6.27it/s]
  3%|▎         | 112/3213 [00:18<08:04,  6.40it/s]
  4%|▎         | 113/3213 [00:19<08:34,  6.03it/s]
  4%|▎         | 114/3213 [00:19<08:52,  5.82it/s]
  4%|▎         | 115/3213 [00:19<08:40,  5.96it/s]
  4%|▎         | 116/3213 [00:19<08:27,  6.11it/s]
  4%|▎         | 117/3213 [00:19<09:05,  5.67it/s]
  4%|▎         | 118/3213 [00:20<08:43,  5.91it/s]
  4%|▎         | 119/3213 [00:20<08:46,  5.87it/s]
  4%|▎         | 120/3213 [00:20<08:50,  5.83it/s]
  4%|▍         | 121/3213 [00:20<08:35,  6.00it/s]
  4%|▍         | 122/3213 [00:20<08:33,  6.03it/s]
  4%|▍         | 123/3213 [00:20<08:48,  5.85it/s]
  4%|▍         | 124/3213 [00:21<08:57,  5.75it/s]
  4%|▍         | 125/3213 [00:21<08:53,  5.78it/s]
  4%|▍         | 126/3213 [00:21<08:22,  6.15it/s]
  4%|▍         | 127/3213 [00:21<08:10,  6.30it/s]
  4%|▍         | 128/3213 [00:21<08:21,  6.15it/s]
  4%|▍         | 129/3213 [00:21<08:36,  5.97it/s]
  4%|▍         | 130/3213 [00:21<08:02,  6.39it/s]
  4%|▍         | 131/3213 [00:22<08:28,  6.06it/s]
  4%|▍         | 132/3213 [00:22<08:28,  6.06it/s]
  4%|▍         | 133/3213 [00:22<07:57,  6.45it/s]
  4%|▍         | 134/3213 [00:22<08:28,  6.05it/s]
  4%|▍         | 135/3213 [00:22<08:41,  5.90it/s]
  4%|▍         | 136/3213 [00:23<08:50,  5.81it/s]
  4%|▍         | 137/3213 [00:23<08:46,  5.85it/s]
  4%|▍         | 138/3213 [00:23<08:00,  6.40it/s]
  4%|▍         | 139/3213 [00:23<08:13,  6.23it/s]
  4%|▍         | 140/3213 [00:23<07:36,  6.73it/s]
  4%|▍         | 141/3213 [00:23<08:00,  6.39it/s]
  4%|▍         | 142/3213 [00:23<08:00,  6.39it/s]
  4%|▍         | 143/3213 [00:24<08:09,  6.27it/s]
  4%|▍         | 144/3213 [00:24<07:43,  6.62it/s]
  5%|▍         | 145/3213 [00:24<07:27,  6.85it/s]
  5%|▍         | 146/3213 [00:24<07:55,  6.46it/s]
  5%|▍         | 147/3213 [00:24<07:40,  6.66it/s]
  5%|▍         | 148/3213 [00:24<07:35,  6.73it/s]
  5%|▍         | 149/3213 [00:24<07:55,  6.45it/s]
  5%|▍         | 150/3213 [00:25<07:45,  6.58it/s]
                                                  
{'loss': 0.291, 'grad_norm': 0.529330849647522, 'learning_rate': 1.9066293183940247e-05, 'epoch': 0.14}

  5%|▍         | 150/3213 [00:25<07:45,  6.58it/s]
  5%|▍         | 151/3213 [00:25<07:43,  6.61it/s]
  5%|▍         | 152/3213 [00:25<07:45,  6.57it/s]
  5%|▍         | 153/3213 [00:25<08:10,  6.24it/s]
  5%|▍         | 154/3213 [00:25<08:05,  6.30it/s]
  5%|▍         | 155/3213 [00:25<08:33,  5.96it/s]
  5%|▍         | 156/3213 [00:26<08:45,  5.81it/s]
  5%|▍         | 157/3213 [00:26<08:47,  5.80it/s]
  5%|▍         | 158/3213 [00:26<08:15,  6.16it/s]
  5%|▍         | 159/3213 [00:26<08:04,  6.30it/s]
  5%|▍         | 160/3213 [00:26<08:12,  6.20it/s]
  5%|▌         | 161/3213 [00:26<08:35,  5.92it/s]
  5%|▌         | 162/3213 [00:27<08:52,  5.73it/s]
  5%|▌         | 163/3213 [00:27<08:29,  5.99it/s]
  5%|▌         | 164/3213 [00:27<08:16,  6.14it/s]
  5%|▌         | 165/3213 [00:27<08:46,  5.79it/s]
  5%|▌         | 166/3213 [00:27<08:27,  6.01it/s]
  5%|▌         | 167/3213 [00:27<08:49,  5.76it/s]
  5%|▌         | 168/3213 [00:28<09:05,  5.58it/s]
  5%|▌         | 169/3213 [00:28<09:07,  5.56it/s]
  5%|▌         | 170/3213 [00:28<08:52,  5.71it/s]
  5%|▌         | 171/3213 [00:28<08:36,  5.89it/s]
  5%|▌         | 172/3213 [00:28<08:48,  5.76it/s]
  5%|▌         | 173/3213 [00:29<08:41,  5.83it/s]
  5%|▌         | 174/3213 [00:29<08:19,  6.08it/s]
  5%|▌         | 175/3213 [00:29<08:13,  6.16it/s]
  5%|▌         | 176/3213 [00:29<08:33,  5.92it/s]
  6%|▌         | 177/3213 [00:29<09:18,  5.44it/s]
  6%|▌         | 178/3213 [00:29<09:01,  5.61it/s]
  6%|▌         | 179/3213 [00:30<08:39,  5.84it/s]
  6%|▌         | 180/3213 [00:30<08:24,  6.01it/s]
  6%|▌         | 181/3213 [00:30<08:20,  6.05it/s]
  6%|▌         | 182/3213 [00:30<08:27,  5.98it/s]
  6%|▌         | 183/3213 [00:30<08:07,  6.21it/s]
  6%|▌         | 184/3213 [00:30<08:14,  6.13it/s]
  6%|▌         | 185/3213 [00:31<07:59,  6.31it/s]
  6%|▌         | 186/3213 [00:31<08:43,  5.78it/s]
  6%|▌         | 187/3213 [00:31<08:18,  6.07it/s]
  6%|▌         | 188/3213 [00:31<08:22,  6.02it/s]
  6%|▌         | 189/3213 [00:31<08:44,  5.77it/s]
  6%|▌         | 190/3213 [00:31<08:01,  6.28it/s]
  6%|▌         | 191/3213 [00:32<07:50,  6.43it/s]
  6%|▌         | 192/3213 [00:32<08:46,  5.74it/s]
  6%|▌         | 193/3213 [00:32<08:17,  6.08it/s]
  6%|▌         | 194/3213 [00:32<08:21,  6.02it/s]
  6%|▌         | 195/3213 [00:32<08:22,  6.00it/s]
  6%|▌         | 196/3213 [00:32<08:13,  6.11it/s]
  6%|▌         | 197/3213 [00:33<08:18,  6.05it/s]
  6%|▌         | 198/3213 [00:33<09:04,  5.54it/s]
  6%|▌         | 199/3213 [00:33<08:34,  5.85it/s]
  6%|▌         | 200/3213 [00:33<08:06,  6.19it/s]
                                                  
{'loss': 0.2616, 'grad_norm': 0.40008118748664856, 'learning_rate': 1.875505757858699e-05, 'epoch': 0.19}

  6%|▌         | 200/3213 [00:33<08:06,  6.19it/s]
  6%|▋         | 201/3213 [00:33<08:07,  6.18it/s]
  6%|▋         | 202/3213 [00:33<08:16,  6.06it/s]
  6%|▋         | 203/3213 [00:34<08:04,  6.22it/s]
  6%|▋         | 204/3213 [00:34<08:24,  5.96it/s]
  6%|▋         | 205/3213 [00:34<07:39,  6.54it/s]
  6%|▋         | 206/3213 [00:34<08:14,  6.08it/s]
  6%|▋         | 207/3213 [00:34<08:14,  6.08it/s]
  6%|▋         | 208/3213 [00:34<08:22,  5.98it/s]
  7%|▋         | 209/3213 [00:34<08:06,  6.17it/s]
  7%|▋         | 210/3213 [00:35<07:41,  6.51it/s]
  7%|▋         | 211/3213 [00:35<07:49,  6.39it/s]
  7%|▋         | 212/3213 [00:35<08:06,  6.16it/s]
  7%|▋         | 213/3213 [00:35<08:14,  6.06it/s]
  7%|▋         | 214/3213 [00:35<08:09,  6.13it/s]
  7%|▋         | 215/3213 [00:35<07:53,  6.33it/s]
  7%|▋         | 216/3213 [00:36<08:02,  6.21it/s]
  7%|▋         | 217/3213 [00:36<08:03,  6.19it/s]
  7%|▋         | 218/3213 [00:36<08:02,  6.21it/s]
  7%|▋         | 219/3213 [00:36<08:07,  6.15it/s]
  7%|▋         | 220/3213 [00:36<08:14,  6.05it/s]
  7%|▋         | 221/3213 [00:36<08:03,  6.19it/s]
  7%|▋         | 222/3213 [00:37<07:39,  6.51it/s]
  7%|▋         | 223/3213 [00:37<07:47,  6.39it/s]
  7%|▋         | 224/3213 [00:37<08:02,  6.20it/s]
  7%|▋         | 225/3213 [00:37<07:43,  6.45it/s]
  7%|▋         | 226/3213 [00:37<07:51,  6.33it/s]
  7%|▋         | 227/3213 [00:37<08:33,  5.82it/s]
  7%|▋         | 228/3213 [00:38<08:06,  6.14it/s]
  7%|▋         | 229/3213 [00:38<08:09,  6.09it/s]
  7%|▋         | 230/3213 [00:38<08:36,  5.77it/s]
  7%|▋         | 231/3213 [00:38<08:14,  6.03it/s]
  7%|▋         | 232/3213 [00:38<08:07,  6.11it/s]
  7%|▋         | 233/3213 [00:38<08:42,  5.71it/s]
  7%|▋         | 234/3213 [00:39<08:37,  5.76it/s]
  7%|▋         | 235/3213 [00:39<09:10,  5.41it/s]
  7%|▋         | 236/3213 [00:39<09:11,  5.40it/s]
  7%|▋         | 237/3213 [00:39<10:01,  4.95it/s]
  7%|▋         | 238/3213 [00:39<10:13,  4.85it/s]
  7%|▋         | 239/3213 [00:40<09:43,  5.10it/s]
  7%|▋         | 240/3213 [00:40<09:19,  5.31it/s]
  8%|▊         | 241/3213 [00:40<09:18,  5.32it/s]
  8%|▊         | 242/3213 [00:40<09:33,  5.18it/s]
  8%|▊         | 243/3213 [00:40<09:45,  5.07it/s]
  8%|▊         | 244/3213 [00:41<09:12,  5.38it/s]
  8%|▊         | 245/3213 [00:41<08:35,  5.76it/s]
  8%|▊         | 246/3213 [00:41<11:55,  4.14it/s]
  8%|▊         | 247/3213 [00:41<13:01,  3.79it/s]
  8%|▊         | 248/3213 [00:42<13:15,  3.73it/s]
  8%|▊         | 249/3213 [00:42<11:32,  4.28it/s]
  8%|▊         | 250/3213 [00:42<10:06,  4.88it/s]
                                                  
{'loss': 0.2498, 'grad_norm': 0.4498511552810669, 'learning_rate': 1.844382197323374e-05, 'epoch': 0.23}

  8%|▊         | 250/3213 [00:42<10:06,  4.88it/s]
  8%|▊         | 251/3213 [00:42<09:56,  4.96it/s]
  8%|▊         | 252/3213 [00:42<09:52,  5.00it/s]
  8%|▊         | 253/3213 [00:43<09:05,  5.43it/s]
  8%|▊         | 254/3213 [00:43<09:24,  5.24it/s]
  8%|▊         | 255/3213 [00:43<08:39,  5.69it/s]
  8%|▊         | 256/3213 [00:43<09:24,  5.23it/s]
  8%|▊         | 257/3213 [00:43<09:40,  5.09it/s]
  8%|▊         | 258/3213 [00:43<09:46,  5.04it/s]
  8%|▊         | 259/3213 [00:44<09:07,  5.40it/s]
  8%|▊         | 260/3213 [00:44<09:39,  5.10it/s]
  8%|▊         | 261/3213 [00:44<09:10,  5.36it/s]
  8%|▊         | 262/3213 [00:44<09:14,  5.32it/s]
  8%|▊         | 263/3213 [00:44<09:49,  5.00it/s]
  8%|▊         | 264/3213 [00:45<09:28,  5.19it/s]
  8%|▊         | 265/3213 [00:45<08:56,  5.50it/s]
  8%|▊         | 266/3213 [00:45<08:59,  5.46it/s]
  8%|▊         | 267/3213 [00:45<08:58,  5.47it/s]
  8%|▊         | 268/3213 [00:45<08:38,  5.68it/s]
  8%|▊         | 269/3213 [00:45<08:40,  5.65it/s]
  8%|▊         | 270/3213 [00:46<08:00,  6.12it/s]
  8%|▊         | 271/3213 [00:46<07:54,  6.21it/s]
  8%|▊         | 272/3213 [00:46<08:10,  6.00it/s]
  8%|▊         | 273/3213 [00:46<08:10,  6.00it/s]
  9%|▊         | 274/3213 [00:46<07:58,  6.14it/s]
  9%|▊         | 275/3213 [00:46<07:37,  6.42it/s]
  9%|▊         | 276/3213 [00:47<07:57,  6.15it/s]
  9%|▊         | 277/3213 [00:47<07:39,  6.39it/s]
  9%|▊         | 278/3213 [00:47<08:38,  5.66it/s]
  9%|▊         | 279/3213 [00:47<08:01,  6.09it/s]
  9%|▊         | 280/3213 [00:47<08:11,  5.97it/s]
  9%|▊         | 281/3213 [00:48<09:06,  5.36it/s]
  9%|▉         | 282/3213 [00:48<08:15,  5.91it/s]
  9%|▉         | 283/3213 [00:48<08:18,  5.88it/s]
  9%|▉         | 284/3213 [00:48<08:35,  5.69it/s]
  9%|▉         | 285/3213 [00:48<08:19,  5.87it/s]
  9%|▉         | 286/3213 [00:48<08:31,  5.72it/s]
  9%|▉         | 287/3213 [00:48<08:03,  6.06it/s]
  9%|▉         | 288/3213 [00:49<07:59,  6.10it/s]
  9%|▉         | 289/3213 [00:49<08:21,  5.83it/s]
  9%|▉         | 290/3213 [00:49<07:51,  6.20it/s]
  9%|▉         | 291/3213 [00:49<07:32,  6.46it/s]
  9%|▉         | 292/3213 [00:50<18:17,  2.66it/s]
  9%|▉         | 293/3213 [00:50<15:43,  3.10it/s]
  9%|▉         | 294/3213 [00:50<13:15,  3.67it/s]
  9%|▉         | 295/3213 [00:51<19:25,  2.50it/s]
  9%|▉         | 296/3213 [00:51<15:35,  3.12it/s]
  9%|▉         | 297/3213 [00:52<17:00,  2.86it/s]
  9%|▉         | 298/3213 [00:52<15:21,  3.16it/s]
  9%|▉         | 299/3213 [00:52<12:53,  3.77it/s]
  9%|▉         | 300/3213 [00:52<11:10,  4.35it/s]
                                                  
{'loss': 0.237, 'grad_norm': 0.5706925392150879, 'learning_rate': 1.8132586367880488e-05, 'epoch': 0.28}

  9%|▉         | 300/3213 [00:52<11:10,  4.35it/s]
  9%|▉         | 301/3213 [00:52<10:08,  4.79it/s]
  9%|▉         | 302/3213 [00:52<09:41,  5.01it/s]
  9%|▉         | 303/3213 [00:53<08:57,  5.41it/s]
  9%|▉         | 304/3213 [00:53<08:17,  5.85it/s]
  9%|▉         | 305/3213 [00:53<08:42,  5.57it/s]
 10%|▉         | 306/3213 [00:53<07:51,  6.16it/s]
 10%|▉         | 307/3213 [00:53<08:26,  5.74it/s]
 10%|▉         | 308/3213 [00:53<08:06,  5.98it/s]
 10%|▉         | 309/3213 [00:54<08:19,  5.82it/s]
 10%|▉         | 310/3213 [00:54<07:48,  6.19it/s]
 10%|▉         | 311/3213 [00:54<07:46,  6.22it/s]
 10%|▉         | 312/3213 [00:54<07:20,  6.59it/s]
 10%|▉         | 313/3213 [00:54<08:04,  5.98it/s]
 10%|▉         | 314/3213 [00:54<08:37,  5.61it/s]
 10%|▉         | 315/3213 [00:55<08:33,  5.64it/s]
 10%|▉         | 316/3213 [00:55<08:05,  5.97it/s]
 10%|▉         | 317/3213 [00:55<07:51,  6.14it/s]
 10%|▉         | 318/3213 [00:55<08:00,  6.02it/s]
 10%|▉         | 319/3213 [00:55<07:41,  6.28it/s]
 10%|▉         | 320/3213 [00:55<07:44,  6.23it/s]
 10%|▉         | 321/3213 [00:56<07:56,  6.07it/s]
 10%|█         | 322/3213 [00:56<07:48,  6.18it/s]
 10%|█         | 323/3213 [00:56<07:17,  6.61it/s]
 10%|█         | 324/3213 [00:56<07:41,  6.26it/s]
 10%|█         | 325/3213 [00:56<07:28,  6.44it/s]
 10%|█         | 326/3213 [00:56<07:25,  6.48it/s]
 10%|█         | 327/3213 [00:56<07:23,  6.51it/s]
 10%|█         | 328/3213 [00:57<06:57,  6.92it/s]
 10%|█         | 329/3213 [00:57<07:26,  6.46it/s]
 10%|█         | 330/3213 [00:57<07:04,  6.80it/s]
 10%|█         | 331/3213 [00:57<06:48,  7.06it/s]
 10%|█         | 332/3213 [00:57<07:04,  6.78it/s]
 10%|█         | 333/3213 [00:57<07:46,  6.17it/s]
 10%|█         | 334/3213 [00:58<07:40,  6.25it/s]
 10%|█         | 335/3213 [00:58<07:33,  6.35it/s]
 10%|█         | 336/3213 [00:58<07:15,  6.61it/s]
 10%|█         | 337/3213 [00:58<07:02,  6.81it/s]
 11%|█         | 338/3213 [00:58<06:32,  7.32it/s]
 11%|█         | 339/3213 [00:58<07:02,  6.81it/s]
 11%|█         | 340/3213 [00:58<06:47,  7.06it/s]
 11%|█         | 341/3213 [00:59<07:01,  6.82it/s]
 11%|█         | 342/3213 [00:59<07:00,  6.82it/s]
 11%|█         | 343/3213 [00:59<06:48,  7.03it/s]
 11%|█         | 344/3213 [00:59<06:37,  7.21it/s]
 11%|█         | 345/3213 [00:59<07:00,  6.82it/s]
 11%|█         | 346/3213 [00:59<06:44,  7.08it/s]
 11%|█         | 347/3213 [00:59<07:18,  6.53it/s]
 11%|█         | 348/3213 [01:00<07:02,  6.79it/s]
 11%|█         | 349/3213 [01:00<06:40,  7.15it/s]
 11%|█         | 350/3213 [01:00<06:30,  7.33it/s]
                                                  
{'loss': 0.2265, 'grad_norm': 0.34750550985336304, 'learning_rate': 1.7821350762527233e-05, 'epoch': 0.33}

 11%|█         | 350/3213 [01:00<06:30,  7.33it/s]
 11%|█         | 351/3213 [01:00<06:28,  7.36it/s]
 11%|█         | 352/3213 [01:00<06:28,  7.37it/s]
 11%|█         | 353/3213 [01:00<06:48,  7.00it/s]
 11%|█         | 354/3213 [01:00<06:48,  7.00it/s]
 11%|█         | 355/3213 [01:01<06:55,  6.87it/s]
 11%|█         | 356/3213 [01:01<07:17,  6.52it/s]
 11%|█         | 357/3213 [01:01<07:07,  6.67it/s]
 11%|█         | 358/3213 [01:01<07:15,  6.55it/s]
 11%|█         | 359/3213 [01:01<07:19,  6.50it/s]
 11%|█         | 360/3213 [01:01<06:53,  6.91it/s]
 11%|█         | 361/3213 [01:01<07:25,  6.40it/s]
 11%|█▏        | 362/3213 [01:02<07:02,  6.74it/s]
 11%|█▏        | 363/3213 [01:02<07:28,  6.36it/s]
 11%|█▏        | 364/3213 [01:02<07:27,  6.37it/s]
 11%|█▏        | 365/3213 [01:02<07:29,  6.34it/s]
 11%|█▏        | 366/3213 [01:02<07:30,  6.32it/s]
 11%|█▏        | 367/3213 [01:02<07:15,  6.53it/s]
 11%|█▏        | 368/3213 [01:03<07:04,  6.70it/s]
 11%|█▏        | 369/3213 [01:03<07:18,  6.48it/s]
 12%|█▏        | 370/3213 [01:03<07:36,  6.23it/s]
 12%|█▏        | 371/3213 [01:03<07:15,  6.52it/s]
 12%|█▏        | 372/3213 [01:03<07:43,  6.14it/s]
 12%|█▏        | 373/3213 [01:03<07:17,  6.50it/s]
 12%|█▏        | 374/3213 [01:04<07:49,  6.05it/s]
 12%|█▏        | 375/3213 [01:04<07:38,  6.19it/s]
 12%|█▏        | 376/3213 [01:04<07:25,  6.37it/s]
 12%|█▏        | 377/3213 [01:04<07:37,  6.20it/s]
 12%|█▏        | 378/3213 [01:04<07:44,  6.11it/s]
 12%|█▏        | 379/3213 [01:04<07:55,  5.96it/s]
 12%|█▏        | 380/3213 [01:04<07:26,  6.34it/s]
 12%|█▏        | 381/3213 [01:05<07:27,  6.32it/s]
 12%|█▏        | 382/3213 [01:05<07:30,  6.28it/s]
 12%|█▏        | 383/3213 [01:05<07:08,  6.60it/s]
 12%|█▏        | 384/3213 [01:05<07:17,  6.47it/s]
 12%|█▏        | 385/3213 [01:05<07:05,  6.64it/s]
 12%|█▏        | 386/3213 [01:05<07:07,  6.62it/s]
 12%|█▏        | 387/3213 [01:06<07:22,  6.38it/s]
 12%|█▏        | 388/3213 [01:06<07:28,  6.30it/s]
 12%|█▏        | 389/3213 [01:06<07:49,  6.01it/s]
 12%|█▏        | 390/3213 [01:06<07:33,  6.23it/s]
 12%|█▏        | 391/3213 [01:06<08:10,  5.75it/s]
 12%|█▏        | 392/3213 [01:06<07:44,  6.07it/s]
 12%|█▏        | 393/3213 [01:07<07:13,  6.51it/s]
 12%|█▏        | 394/3213 [01:07<07:19,  6.42it/s]
 12%|█▏        | 395/3213 [01:07<07:36,  6.18it/s]
 12%|█▏        | 396/3213 [01:07<07:53,  5.95it/s]
 12%|█▏        | 397/3213 [01:07<07:29,  6.26it/s]
 12%|█▏        | 398/3213 [01:07<08:06,  5.78it/s]
 12%|█▏        | 399/3213 [01:08<08:25,  5.57it/s]
 12%|█▏        | 400/3213 [01:08<07:56,  5.91it/s]
                                                  
{'loss': 0.2161, 'grad_norm': 0.3287704288959503, 'learning_rate': 1.751011515717398e-05, 'epoch': 0.37}

 12%|█▏        | 400/3213 [01:08<07:56,  5.91it/s]
 12%|█▏        | 401/3213 [01:08<07:56,  5.90it/s]
 13%|█▎        | 402/3213 [01:08<07:46,  6.03it/s]
 13%|█▎        | 403/3213 [01:08<08:11,  5.72it/s]
 13%|█▎        | 404/3213 [01:08<08:02,  5.82it/s]
 13%|█▎        | 405/3213 [01:09<07:59,  5.86it/s]
 13%|█▎        | 406/3213 [01:09<07:54,  5.91it/s]
 13%|█▎        | 407/3213 [01:09<07:56,  5.89it/s]
 13%|█▎        | 408/3213 [01:09<07:42,  6.07it/s]
 13%|█▎        | 409/3213 [01:09<07:30,  6.23it/s]
 13%|█▎        | 410/3213 [01:09<07:56,  5.89it/s]
 13%|█▎        | 411/3213 [01:10<07:39,  6.09it/s]
 13%|█▎        | 412/3213 [01:10<08:17,  5.64it/s]
 13%|█▎        | 413/3213 [01:10<08:24,  5.55it/s]
 13%|█▎        | 414/3213 [01:10<07:54,  5.90it/s]
 13%|█▎        | 415/3213 [01:10<07:44,  6.02it/s]
 13%|█▎        | 416/3213 [01:10<07:50,  5.95it/s]
 13%|█▎        | 417/3213 [01:11<07:41,  6.06it/s]
 13%|█▎        | 418/3213 [01:11<07:30,  6.20it/s]
 13%|█▎        | 419/3213 [01:11<07:16,  6.40it/s]
 13%|█▎        | 420/3213 [01:11<07:06,  6.54it/s]
 13%|█▎        | 421/3213 [01:11<06:59,  6.66it/s]
 13%|█▎        | 422/3213 [01:11<07:05,  6.57it/s]
 13%|█▎        | 423/3213 [01:12<07:15,  6.41it/s]
 13%|█▎        | 424/3213 [01:12<07:13,  6.43it/s]
 13%|█▎        | 425/3213 [01:12<07:27,  6.23it/s]
 13%|█▎        | 426/3213 [01:12<07:20,  6.32it/s]
 13%|█▎        | 427/3213 [01:12<06:54,  6.72it/s]
 13%|█▎        | 428/3213 [01:12<07:04,  6.56it/s]
 13%|█▎        | 429/3213 [01:13<07:58,  5.82it/s]
 13%|█▎        | 430/3213 [01:13<07:55,  5.86it/s]
 13%|█▎        | 431/3213 [01:13<07:50,  5.91it/s]
 13%|█▎        | 432/3213 [01:13<08:04,  5.74it/s]
 13%|█▎        | 433/3213 [01:13<08:10,  5.67it/s]
 14%|█▎        | 434/3213 [01:13<07:37,  6.08it/s]
 14%|█▎        | 435/3213 [01:14<07:40,  6.04it/s]
 14%|█▎        | 436/3213 [01:14<08:08,  5.68it/s]
 14%|█▎        | 437/3213 [01:14<07:29,  6.18it/s]
 14%|█▎        | 438/3213 [01:14<07:31,  6.15it/s]
 14%|█▎        | 439/3213 [01:14<07:27,  6.19it/s]
 14%|█▎        | 440/3213 [01:14<07:34,  6.10it/s]
 14%|█▎        | 441/3213 [01:15<07:43,  5.99it/s]
 14%|█▍        | 442/3213 [01:15<07:13,  6.39it/s]
 14%|█▍        | 443/3213 [01:15<07:04,  6.53it/s]
 14%|█▍        | 444/3213 [01:15<06:58,  6.62it/s]
 14%|█▍        | 445/3213 [01:15<07:51,  5.86it/s]
 14%|█▍        | 446/3213 [01:15<07:16,  6.34it/s]
 14%|█▍        | 447/3213 [01:15<07:21,  6.27it/s]
 14%|█▍        | 448/3213 [01:16<07:32,  6.11it/s]
 14%|█▍        | 449/3213 [01:16<07:46,  5.93it/s]
 14%|█▍        | 450/3213 [01:16<07:29,  6.15it/s]
                                                  
{'loss': 0.2251, 'grad_norm': 0.3794219195842743, 'learning_rate': 1.719887955182073e-05, 'epoch': 0.42}

 14%|█▍        | 450/3213 [01:16<07:29,  6.15it/s]
 14%|█▍        | 451/3213 [01:16<07:38,  6.02it/s]
 14%|█▍        | 452/3213 [01:16<07:14,  6.35it/s]
 14%|█▍        | 453/3213 [01:16<06:49,  6.75it/s]
 14%|█▍        | 454/3213 [01:17<06:51,  6.71it/s]
 14%|█▍        | 455/3213 [01:17<06:38,  6.93it/s]
 14%|█▍        | 456/3213 [01:17<07:13,  6.37it/s]
 14%|█▍        | 457/3213 [01:17<07:29,  6.13it/s]
 14%|█▍        | 458/3213 [01:17<07:27,  6.16it/s]
 14%|█▍        | 459/3213 [01:17<08:15,  5.56it/s]
 14%|█▍        | 460/3213 [01:18<07:34,  6.06it/s]
 14%|█▍        | 461/3213 [01:18<07:21,  6.24it/s]
 14%|█▍        | 462/3213 [01:18<07:36,  6.03it/s]
 14%|█▍        | 463/3213 [01:18<07:50,  5.85it/s]
 14%|█▍        | 464/3213 [01:18<07:51,  5.83it/s]
 14%|█▍        | 465/3213 [01:18<07:54,  5.79it/s]
 15%|█▍        | 466/3213 [01:19<07:50,  5.84it/s]
 15%|█▍        | 467/3213 [01:19<07:40,  5.97it/s]
 15%|█▍        | 468/3213 [01:19<07:36,  6.02it/s]
 15%|█▍        | 469/3213 [01:19<08:02,  5.69it/s]
 15%|█▍        | 470/3213 [01:19<07:39,  5.97it/s]
 15%|█▍        | 471/3213 [01:19<07:42,  5.93it/s]
 15%|█▍        | 472/3213 [01:20<07:26,  6.14it/s]
 15%|█▍        | 473/3213 [01:20<07:38,  5.97it/s]
 15%|█▍        | 474/3213 [01:20<07:40,  5.95it/s]
 15%|█▍        | 475/3213 [01:20<07:15,  6.29it/s]
 15%|█▍        | 476/3213 [01:20<07:10,  6.36it/s]
 15%|█▍        | 477/3213 [01:20<07:21,  6.20it/s]
 15%|█▍        | 478/3213 [01:21<07:29,  6.09it/s]
 15%|█▍        | 479/3213 [01:21<07:09,  6.36it/s]
 15%|█▍        | 480/3213 [01:21<07:28,  6.09it/s]
 15%|█▍        | 481/3213 [01:21<06:59,  6.52it/s]
 15%|█▌        | 482/3213 [01:21<07:20,  6.20it/s]
 15%|█▌        | 483/3213 [01:21<07:11,  6.32it/s]
 15%|█▌        | 484/3213 [01:21<06:39,  6.84it/s]
 15%|█▌        | 485/3213 [01:22<06:54,  6.58it/s]
 15%|█▌        | 486/3213 [01:22<07:08,  6.36it/s]
 15%|█▌        | 487/3213 [01:22<06:42,  6.77it/s]
 15%|█▌        | 488/3213 [01:22<06:34,  6.90it/s]
 15%|█▌        | 489/3213 [01:22<06:38,  6.84it/s]
 15%|█▌        | 490/3213 [01:22<06:38,  6.83it/s]
 15%|█▌        | 491/3213 [01:22<06:51,  6.62it/s]
 15%|█▌        | 492/3213 [01:23<06:33,  6.91it/s]
 15%|█▌        | 493/3213 [01:23<06:58,  6.50it/s]
 15%|█▌        | 494/3213 [01:23<06:45,  6.70it/s]
 15%|█▌        | 495/3213 [01:23<06:59,  6.48it/s]
 15%|█▌        | 496/3213 [01:23<06:50,  6.62it/s]
 15%|█▌        | 497/3213 [01:23<07:01,  6.44it/s]
 15%|█▌        | 498/3213 [01:24<07:52,  5.74it/s]
 16%|█▌        | 499/3213 [01:24<07:48,  5.79it/s]
 16%|█▌        | 500/3213 [01:24<07:37,  5.93it/s]
                                                  
{'loss': 0.2127, 'grad_norm': 0.5042204260826111, 'learning_rate': 1.6887643946467478e-05, 'epoch': 0.47}

 16%|█▌        | 500/3213 [01:24<07:37,  5.93it/s]
 16%|█▌        | 501/3213 [01:24<08:21,  5.40it/s]
 16%|█▌        | 502/3213 [01:24<07:59,  5.65it/s]
 16%|█▌        | 503/3213 [01:24<07:25,  6.08it/s]
 16%|█▌        | 504/3213 [01:25<07:16,  6.20it/s]
 16%|█▌        | 505/3213 [01:25<07:38,  5.90it/s]
 16%|█▌        | 506/3213 [01:25<07:20,  6.15it/s]
 16%|█▌        | 507/3213 [01:25<07:01,  6.43it/s]
 16%|█▌        | 508/3213 [01:25<07:22,  6.12it/s]
 16%|█▌        | 509/3213 [01:25<07:21,  6.13it/s]
 16%|█▌        | 510/3213 [01:26<07:01,  6.42it/s]
 16%|█▌        | 511/3213 [01:26<07:48,  5.76it/s]
 16%|█▌        | 512/3213 [01:26<07:34,  5.95it/s]
 16%|█▌        | 513/3213 [01:26<07:19,  6.15it/s]
 16%|█▌        | 514/3213 [01:26<07:43,  5.82it/s]
 16%|█▌        | 515/3213 [01:26<07:34,  5.93it/s]
 16%|█▌        | 516/3213 [01:27<08:00,  5.61it/s]
 16%|█▌        | 517/3213 [01:27<07:15,  6.19it/s]
 16%|█▌        | 518/3213 [01:27<07:18,  6.15it/s]
 16%|█▌        | 519/3213 [01:27<07:17,  6.16it/s]
 16%|█▌        | 520/3213 [01:27<07:00,  6.40it/s]
 16%|█▌        | 521/3213 [01:27<06:57,  6.45it/s]
 16%|█▌        | 522/3213 [01:28<06:58,  6.43it/s]
 16%|█▋        | 523/3213 [01:28<06:58,  6.43it/s]
 16%|█▋        | 524/3213 [01:28<06:55,  6.47it/s]
 16%|█▋        | 525/3213 [01:28<07:13,  6.20it/s]
 16%|█▋        | 526/3213 [01:28<06:49,  6.57it/s]
 16%|█▋        | 527/3213 [01:28<07:25,  6.03it/s]
 16%|█▋        | 528/3213 [01:29<07:17,  6.14it/s]
 16%|█▋        | 529/3213 [01:29<07:08,  6.26it/s]
 16%|█▋        | 530/3213 [01:29<06:38,  6.73it/s]
 17%|█▋        | 531/3213 [01:29<06:56,  6.43it/s]
 17%|█▋        | 532/3213 [01:29<06:58,  6.41it/s]
 17%|█▋        | 533/3213 [01:29<07:01,  6.36it/s]
 17%|█▋        | 534/3213 [01:29<07:18,  6.10it/s]
 17%|█▋        | 535/3213 [01:30<07:01,  6.35it/s]
 17%|█▋        | 536/3213 [01:30<07:12,  6.18it/s]
 17%|█▋        | 537/3213 [01:30<07:11,  6.21it/s]
 17%|█▋        | 538/3213 [01:30<07:10,  6.21it/s]
 17%|█▋        | 539/3213 [01:30<07:13,  6.17it/s]
 17%|█▋        | 540/3213 [01:30<07:07,  6.25it/s]
 17%|█▋        | 541/3213 [01:31<07:13,  6.16it/s]
 17%|█▋        | 542/3213 [01:31<07:52,  5.65it/s]
 17%|█▋        | 543/3213 [01:31<07:33,  5.89it/s]
 17%|█▋        | 544/3213 [01:31<07:48,  5.69it/s]
 17%|█▋        | 545/3213 [01:31<07:47,  5.71it/s]
 17%|█▋        | 546/3213 [01:32<07:51,  5.66it/s]
 17%|█▋        | 547/3213 [01:32<08:22,  5.31it/s]
 17%|█▋        | 548/3213 [01:32<07:37,  5.82it/s]
 17%|█▋        | 549/3213 [01:32<07:31,  5.90it/s]
 17%|█▋        | 550/3213 [01:32<07:26,  5.96it/s]
                                                  
{'loss': 0.2162, 'grad_norm': 0.2945197820663452, 'learning_rate': 1.6576408341114227e-05, 'epoch': 0.51}

 17%|█▋        | 550/3213 [01:32<07:26,  5.96it/s]
 17%|█▋        | 551/3213 [01:32<07:26,  5.96it/s]
 17%|█▋        | 552/3213 [01:33<07:49,  5.67it/s]
 17%|█▋        | 553/3213 [01:33<07:25,  5.97it/s]
 17%|█▋        | 554/3213 [01:33<07:37,  5.81it/s]
 17%|█▋        | 555/3213 [01:33<07:36,  5.82it/s]
 17%|█▋        | 556/3213 [01:33<07:26,  5.95it/s]
 17%|█▋        | 557/3213 [01:33<07:18,  6.06it/s]
 17%|█▋        | 558/3213 [01:34<07:04,  6.26it/s]
 17%|█▋        | 559/3213 [01:34<07:14,  6.11it/s]
 17%|█▋        | 560/3213 [01:34<06:52,  6.43it/s]
 17%|█▋        | 561/3213 [01:34<06:52,  6.43it/s]
 17%|█▋        | 562/3213 [01:34<06:38,  6.65it/s]
 18%|█▊        | 563/3213 [01:34<07:41,  5.75it/s]
 18%|█▊        | 564/3213 [01:34<07:16,  6.07it/s]
 18%|█▊        | 565/3213 [01:35<07:25,  5.95it/s]
 18%|█▊        | 566/3213 [01:35<07:07,  6.19it/s]
 18%|█▊        | 567/3213 [01:35<07:25,  5.94it/s]
 18%|█▊        | 568/3213 [01:35<07:09,  6.15it/s]
 18%|█▊        | 569/3213 [01:35<06:55,  6.36it/s]
 18%|█▊        | 570/3213 [01:35<07:11,  6.13it/s]
 18%|█▊        | 571/3213 [01:36<06:54,  6.38it/s]
 18%|█▊        | 572/3213 [01:36<07:26,  5.92it/s]
 18%|█▊        | 573/3213 [01:36<08:10,  5.38it/s]
 18%|█▊        | 574/3213 [01:36<08:25,  5.22it/s]
 18%|█▊        | 575/3213 [01:36<08:06,  5.42it/s]
 18%|█▊        | 576/3213 [01:37<07:50,  5.61it/s]
 18%|█▊        | 577/3213 [01:37<07:28,  5.88it/s]
 18%|█▊        | 578/3213 [01:37<07:21,  5.97it/s]
 18%|█▊        | 579/3213 [01:37<07:13,  6.07it/s]
 18%|█▊        | 580/3213 [01:37<07:56,  5.53it/s]
 18%|█▊        | 581/3213 [01:37<07:44,  5.66it/s]
 18%|█▊        | 582/3213 [01:38<07:31,  5.83it/s]
 18%|█▊        | 583/3213 [01:38<07:27,  5.88it/s]
 18%|█▊        | 584/3213 [01:38<06:57,  6.29it/s]
 18%|█▊        | 585/3213 [01:38<07:39,  5.72it/s]
 18%|█▊        | 586/3213 [01:38<07:45,  5.64it/s]
 18%|█▊        | 587/3213 [01:38<07:30,  5.83it/s]
 18%|█▊        | 588/3213 [01:39<07:01,  6.22it/s]
 18%|█▊        | 589/3213 [01:39<06:59,  6.26it/s]
 18%|█▊        | 590/3213 [01:39<06:53,  6.34it/s]
 18%|█▊        | 591/3213 [01:39<06:51,  6.37it/s]
 18%|█▊        | 592/3213 [01:39<06:30,  6.71it/s]
 18%|█▊        | 593/3213 [01:39<06:25,  6.79it/s]
 18%|█▊        | 594/3213 [01:39<06:05,  7.17it/s]
 19%|█▊        | 595/3213 [01:40<06:59,  6.24it/s]
 19%|█▊        | 596/3213 [01:40<07:10,  6.09it/s]
 19%|█▊        | 597/3213 [01:40<06:55,  6.30it/s]
 19%|█▊        | 598/3213 [01:40<06:37,  6.58it/s]
 19%|█▊        | 599/3213 [01:40<06:47,  6.41it/s]
 19%|█▊        | 600/3213 [01:40<06:28,  6.72it/s]
                                                  
{'loss': 0.2121, 'grad_norm': 0.43270614743232727, 'learning_rate': 1.626517273576097e-05, 'epoch': 0.56}

 19%|█▊        | 600/3213 [01:40<06:28,  6.72it/s]
 19%|█▊        | 601/3213 [01:41<06:44,  6.46it/s]
 19%|█▊        | 602/3213 [01:41<06:55,  6.29it/s]
 19%|█▉        | 603/3213 [01:41<06:44,  6.45it/s]
 19%|█▉        | 604/3213 [01:41<06:27,  6.72it/s]
 19%|█▉        | 605/3213 [01:41<06:15,  6.94it/s]
 19%|█▉        | 606/3213 [01:41<06:18,  6.89it/s]
 19%|█▉        | 607/3213 [01:42<07:32,  5.77it/s]
 19%|█▉        | 608/3213 [01:42<07:00,  6.19it/s]
 19%|█▉        | 609/3213 [01:42<07:28,  5.81it/s]
 19%|█▉        | 610/3213 [01:42<07:13,  6.00it/s]
 19%|█▉        | 611/3213 [01:42<07:06,  6.10it/s]
 19%|█▉        | 612/3213 [01:42<07:08,  6.08it/s]
 19%|█▉        | 613/3213 [01:43<07:08,  6.07it/s]
 19%|█▉        | 614/3213 [01:43<07:19,  5.91it/s]
 19%|█▉        | 615/3213 [01:43<07:03,  6.13it/s]
 19%|█▉        | 616/3213 [01:43<06:58,  6.21it/s]
 19%|█▉        | 617/3213 [01:43<06:37,  6.52it/s]
 19%|█▉        | 618/3213 [01:43<06:46,  6.39it/s]
 19%|█▉        | 619/3213 [01:43<06:42,  6.45it/s]
 19%|█▉        | 620/3213 [01:44<06:33,  6.60it/s]
 19%|█▉        | 621/3213 [01:44<06:30,  6.65it/s]
 19%|█▉        | 622/3213 [01:44<06:37,  6.52it/s]
 19%|█▉        | 623/3213 [01:44<06:19,  6.82it/s]
 19%|█▉        | 624/3213 [01:44<06:23,  6.76it/s]
 19%|█▉        | 625/3213 [01:44<06:25,  6.72it/s]
 19%|█▉        | 626/3213 [01:44<06:23,  6.75it/s]
 20%|█▉        | 627/3213 [01:45<06:46,  6.36it/s]
 20%|█▉        | 628/3213 [01:45<06:53,  6.25it/s]
 20%|█▉        | 629/3213 [01:45<07:10,  6.00it/s]
 20%|█▉        | 630/3213 [01:45<07:41,  5.59it/s]
 20%|█▉        | 631/3213 [01:45<07:57,  5.41it/s]
 20%|█▉        | 632/3213 [01:46<08:23,  5.13it/s]
 20%|█▉        | 633/3213 [01:46<07:42,  5.58it/s]
 20%|█▉        | 634/3213 [01:46<07:20,  5.85it/s]
 20%|█▉        | 635/3213 [01:46<07:34,  5.67it/s]
 20%|█▉        | 636/3213 [01:46<07:38,  5.63it/s]
 20%|█▉        | 637/3213 [01:46<07:17,  5.89it/s]
 20%|█▉        | 638/3213 [01:47<06:44,  6.36it/s]
 20%|█▉        | 639/3213 [01:47<06:36,  6.49it/s]
 20%|█▉        | 640/3213 [01:47<06:48,  6.29it/s]
 20%|█▉        | 641/3213 [01:47<06:44,  6.35it/s]
 20%|█▉        | 642/3213 [01:47<06:49,  6.28it/s]
 20%|██        | 643/3213 [01:47<06:51,  6.24it/s]
 20%|██        | 644/3213 [01:48<06:42,  6.39it/s]
 20%|██        | 645/3213 [01:48<06:57,  6.15it/s]
 20%|██        | 646/3213 [01:48<07:07,  6.00it/s]
 20%|██        | 647/3213 [01:48<06:47,  6.29it/s]
 20%|██        | 648/3213 [01:48<06:42,  6.37it/s]
 20%|██        | 649/3213 [01:48<06:24,  6.66it/s]
 20%|██        | 650/3213 [01:48<06:30,  6.56it/s]
                                                  
{'loss': 0.2105, 'grad_norm': 0.33983442187309265, 'learning_rate': 1.595393713040772e-05, 'epoch': 0.61}

 20%|██        | 650/3213 [01:48<06:30,  6.56it/s]
 20%|██        | 651/3213 [01:49<06:52,  6.21it/s]
 20%|██        | 652/3213 [01:49<06:36,  6.45it/s]
 20%|██        | 653/3213 [01:49<06:46,  6.30it/s]
 20%|██        | 654/3213 [01:49<06:39,  6.41it/s]
 20%|██        | 655/3213 [01:49<06:29,  6.57it/s]
 20%|██        | 656/3213 [01:49<06:33,  6.49it/s]
 20%|██        | 657/3213 [01:50<06:50,  6.23it/s]
 20%|██        | 658/3213 [01:50<07:17,  5.84it/s]
 21%|██        | 659/3213 [01:50<07:05,  6.00it/s]
 21%|██        | 660/3213 [01:50<07:00,  6.07it/s]
 21%|██        | 661/3213 [01:50<06:40,  6.38it/s]
 21%|██        | 662/3213 [01:50<06:45,  6.30it/s]
 21%|██        | 663/3213 [01:51<07:19,  5.80it/s]
 21%|██        | 664/3213 [01:51<06:43,  6.32it/s]
 21%|██        | 665/3213 [01:51<06:41,  6.35it/s]
 21%|██        | 666/3213 [01:51<06:19,  6.71it/s]
 21%|██        | 667/3213 [01:51<06:25,  6.60it/s]
 21%|██        | 668/3213 [01:51<06:10,  6.86it/s]
 21%|██        | 669/3213 [01:51<06:47,  6.24it/s]
 21%|██        | 670/3213 [01:52<06:26,  6.59it/s]
 21%|██        | 671/3213 [01:52<06:29,  6.53it/s]
 21%|██        | 672/3213 [01:52<06:16,  6.74it/s]
 21%|██        | 673/3213 [01:52<06:18,  6.70it/s]
 21%|██        | 674/3213 [01:52<06:02,  7.01it/s]
 21%|██        | 675/3213 [01:52<06:21,  6.65it/s]
 21%|██        | 676/3213 [01:53<06:49,  6.19it/s]
 21%|██        | 677/3213 [01:53<06:41,  6.31it/s]
 21%|██        | 678/3213 [01:53<06:15,  6.76it/s]
 21%|██        | 679/3213 [01:53<06:10,  6.84it/s]
 21%|██        | 680/3213 [01:53<06:28,  6.52it/s]
 21%|██        | 681/3213 [01:53<06:17,  6.70it/s]
 21%|██        | 682/3213 [01:53<06:27,  6.53it/s]
 21%|██▏       | 683/3213 [01:54<06:51,  6.16it/s]
 21%|██▏       | 684/3213 [01:54<06:44,  6.25it/s]
 21%|██▏       | 685/3213 [01:54<06:24,  6.58it/s]
 21%|██▏       | 686/3213 [01:54<06:39,  6.33it/s]
 21%|██▏       | 687/3213 [01:54<06:11,  6.81it/s]
 21%|██▏       | 688/3213 [01:54<06:34,  6.41it/s]
 21%|██▏       | 689/3213 [01:54<06:14,  6.74it/s]
 21%|██▏       | 690/3213 [01:55<06:09,  6.82it/s]
 22%|██▏       | 691/3213 [01:55<06:09,  6.82it/s]
 22%|██▏       | 692/3213 [01:55<06:08,  6.84it/s]
 22%|██▏       | 693/3213 [01:55<05:51,  7.18it/s]
 22%|██▏       | 694/3213 [01:55<05:53,  7.12it/s]
 22%|██▏       | 695/3213 [01:55<06:47,  6.18it/s]
 22%|██▏       | 696/3213 [01:56<06:27,  6.50it/s]
 22%|██▏       | 697/3213 [01:56<06:53,  6.08it/s]
 22%|██▏       | 698/3213 [01:56<06:56,  6.04it/s]
 22%|██▏       | 699/3213 [01:56<06:57,  6.02it/s]
 22%|██▏       | 700/3213 [01:56<06:41,  6.26it/s]
                                                  
{'loss': 0.2075, 'grad_norm': 0.43612417578697205, 'learning_rate': 1.5642701525054468e-05, 'epoch': 0.65}

 22%|██▏       | 700/3213 [01:56<06:41,  6.26it/s]
 22%|██▏       | 701/3213 [01:56<06:30,  6.43it/s]
 22%|██▏       | 702/3213 [01:57<06:24,  6.53it/s]
 22%|██▏       | 703/3213 [01:57<06:32,  6.39it/s]
 22%|██▏       | 704/3213 [01:57<06:41,  6.25it/s]
 22%|██▏       | 705/3213 [01:57<06:48,  6.14it/s]
 22%|██▏       | 706/3213 [01:57<06:38,  6.28it/s]
 22%|██▏       | 707/3213 [01:57<06:46,  6.16it/s]
 22%|██▏       | 708/3213 [01:57<06:39,  6.28it/s]
 22%|██▏       | 709/3213 [01:58<06:36,  6.31it/s]
 22%|██▏       | 710/3213 [01:58<06:22,  6.54it/s]
 22%|██▏       | 711/3213 [01:58<06:17,  6.63it/s]
 22%|██▏       | 712/3213 [01:58<05:59,  6.95it/s]
 22%|██▏       | 713/3213 [01:58<06:02,  6.90it/s]
 22%|██▏       | 714/3213 [01:58<06:17,  6.63it/s]
 22%|██▏       | 715/3213 [01:58<06:01,  6.92it/s]
 22%|██▏       | 716/3213 [01:59<06:17,  6.62it/s]
 22%|██▏       | 717/3213 [01:59<06:13,  6.67it/s]
 22%|██▏       | 718/3213 [01:59<06:01,  6.90it/s]
 22%|██▏       | 719/3213 [01:59<05:52,  7.07it/s]
 22%|██▏       | 720/3213 [01:59<06:27,  6.43it/s]
 22%|██▏       | 721/3213 [01:59<06:15,  6.64it/s]
 22%|██▏       | 722/3213 [02:00<06:04,  6.83it/s]
 23%|██▎       | 723/3213 [02:00<05:59,  6.93it/s]
 23%|██▎       | 724/3213 [02:00<05:53,  7.05it/s]
 23%|██▎       | 725/3213 [02:00<05:36,  7.39it/s]
 23%|██▎       | 726/3213 [02:00<05:44,  7.23it/s]
 23%|██▎       | 727/3213 [02:00<05:35,  7.42it/s]
 23%|██▎       | 728/3213 [02:00<05:51,  7.07it/s]
 23%|██▎       | 729/3213 [02:01<05:52,  7.05it/s]
 23%|██▎       | 730/3213 [02:01<05:45,  7.19it/s]
 23%|██▎       | 731/3213 [02:01<05:48,  7.12it/s]
 23%|██▎       | 732/3213 [02:01<05:34,  7.42it/s]
 23%|██▎       | 733/3213 [02:01<05:40,  7.29it/s]
 23%|██▎       | 734/3213 [02:01<05:49,  7.10it/s]
 23%|██▎       | 735/3213 [02:01<05:48,  7.12it/s]
 23%|██▎       | 736/3213 [02:01<05:42,  7.23it/s]
 23%|██▎       | 737/3213 [02:02<05:55,  6.97it/s]
 23%|██▎       | 738/3213 [02:02<06:07,  6.73it/s]
 23%|██▎       | 739/3213 [02:02<06:40,  6.18it/s]
 23%|██▎       | 740/3213 [02:02<06:37,  6.22it/s]
 23%|██▎       | 741/3213 [02:02<06:12,  6.64it/s]
 23%|██▎       | 742/3213 [02:02<06:38,  6.20it/s]
 23%|██▎       | 743/3213 [02:03<06:33,  6.28it/s]
 23%|██▎       | 744/3213 [02:03<06:12,  6.63it/s]
 23%|██▎       | 745/3213 [02:03<06:16,  6.55it/s]
 23%|██▎       | 746/3213 [02:03<06:18,  6.52it/s]
 23%|██▎       | 747/3213 [02:03<06:29,  6.33it/s]
 23%|██▎       | 748/3213 [02:03<06:19,  6.49it/s]
 23%|██▎       | 749/3213 [02:04<06:37,  6.19it/s]
 23%|██▎       | 750/3213 [02:04<06:52,  5.96it/s]
                                                  
{'loss': 0.2107, 'grad_norm': 0.2758983075618744, 'learning_rate': 1.5331465919701216e-05, 'epoch': 0.7}

 23%|██▎       | 750/3213 [02:04<06:52,  5.96it/s]
 23%|██▎       | 751/3213 [02:04<06:44,  6.08it/s]
 23%|██▎       | 752/3213 [02:04<06:48,  6.02it/s]
 23%|██▎       | 753/3213 [02:04<06:27,  6.35it/s]
 23%|██▎       | 754/3213 [02:04<06:33,  6.25it/s]
 23%|██▎       | 755/3213 [02:04<06:11,  6.61it/s]
 24%|██▎       | 756/3213 [02:05<06:44,  6.08it/s]
 24%|██▎       | 757/3213 [02:05<06:45,  6.06it/s]
 24%|██▎       | 758/3213 [02:05<06:38,  6.15it/s]
 24%|██▎       | 759/3213 [02:05<07:15,  5.63it/s]
 24%|██▎       | 760/3213 [02:05<06:51,  5.96it/s]
 24%|██▎       | 761/3213 [02:06<06:35,  6.20it/s]
 24%|██▎       | 762/3213 [02:06<06:33,  6.22it/s]
 24%|██▎       | 763/3213 [02:06<06:30,  6.27it/s]
 24%|██▍       | 764/3213 [02:06<06:31,  6.26it/s]
 24%|██▍       | 765/3213 [02:06<06:26,  6.34it/s]
 24%|██▍       | 766/3213 [02:06<06:15,  6.52it/s]
 24%|██▍       | 767/3213 [02:06<06:33,  6.21it/s]
 24%|██▍       | 768/3213 [02:07<06:30,  6.26it/s]
 24%|██▍       | 769/3213 [02:07<06:33,  6.21it/s]
 24%|██▍       | 770/3213 [02:07<06:27,  6.30it/s]
 24%|██▍       | 771/3213 [02:07<06:33,  6.21it/s]
 24%|██▍       | 772/3213 [02:07<06:27,  6.29it/s]
 24%|██▍       | 773/3213 [02:07<06:24,  6.35it/s]
 24%|██▍       | 774/3213 [02:08<06:30,  6.25it/s]
 24%|██▍       | 775/3213 [02:08<06:09,  6.59it/s]
 24%|██▍       | 776/3213 [02:08<06:35,  6.16it/s]
 24%|██▍       | 777/3213 [02:08<07:45,  5.24it/s]
 24%|██▍       | 778/3213 [02:08<08:11,  4.95it/s]
 24%|██▍       | 779/3213 [02:09<07:23,  5.49it/s]
 24%|██▍       | 780/3213 [02:09<07:13,  5.61it/s]
 24%|██▍       | 781/3213 [02:09<06:53,  5.88it/s]
 24%|██▍       | 782/3213 [02:09<06:44,  6.01it/s]
 24%|██▍       | 783/3213 [02:09<06:38,  6.09it/s]
 24%|██▍       | 784/3213 [02:09<06:58,  5.81it/s]
 24%|██▍       | 785/3213 [02:10<07:28,  5.42it/s]
 24%|██▍       | 786/3213 [02:10<07:11,  5.63it/s]
 24%|██▍       | 787/3213 [02:10<07:00,  5.76it/s]
 25%|██▍       | 788/3213 [02:10<07:35,  5.33it/s]
 25%|██▍       | 789/3213 [02:10<07:18,  5.53it/s]
 25%|██▍       | 790/3213 [02:10<07:21,  5.49it/s]
 25%|██▍       | 791/3213 [02:11<07:23,  5.46it/s]
 25%|██▍       | 792/3213 [02:11<06:47,  5.94it/s]
 25%|██▍       | 793/3213 [02:11<06:35,  6.12it/s]
 25%|██▍       | 794/3213 [02:11<07:01,  5.74it/s]
 25%|██▍       | 795/3213 [02:11<06:56,  5.81it/s]
 25%|██▍       | 796/3213 [02:11<06:46,  5.95it/s]
 25%|██▍       | 797/3213 [02:12<06:35,  6.11it/s]
 25%|██▍       | 798/3213 [02:12<06:33,  6.14it/s]
 25%|██▍       | 799/3213 [02:12<06:40,  6.02it/s]
 25%|██▍       | 800/3213 [02:12<06:57,  5.78it/s]
                                                  
{'loss': 0.2155, 'grad_norm': 0.45927420258522034, 'learning_rate': 1.5020230314347963e-05, 'epoch': 0.75}

 25%|██▍       | 800/3213 [02:12<06:57,  5.78it/s]
 25%|██▍       | 801/3213 [02:12<06:52,  5.84it/s]
 25%|██▍       | 802/3213 [02:12<06:33,  6.13it/s]
 25%|██▍       | 803/3213 [02:13<06:22,  6.29it/s]
 25%|██▌       | 804/3213 [02:13<06:18,  6.36it/s]
 25%|██▌       | 805/3213 [02:13<06:10,  6.50it/s]
 25%|██▌       | 806/3213 [02:13<06:12,  6.46it/s]
 25%|██▌       | 807/3213 [02:13<06:03,  6.61it/s]
 25%|██▌       | 808/3213 [02:13<05:49,  6.88it/s]
 25%|██▌       | 809/3213 [02:13<06:19,  6.34it/s]
 25%|██▌       | 810/3213 [02:14<06:12,  6.44it/s]
 25%|██▌       | 811/3213 [02:14<06:53,  5.81it/s]
 25%|██▌       | 812/3213 [02:14<06:39,  6.01it/s]
 25%|██▌       | 813/3213 [02:14<06:29,  6.16it/s]
 25%|██▌       | 814/3213 [02:14<06:16,  6.37it/s]
 25%|██▌       | 815/3213 [02:14<06:25,  6.22it/s]
 25%|██▌       | 816/3213 [02:15<06:24,  6.23it/s]
 25%|██▌       | 817/3213 [02:15<06:29,  6.15it/s]
 25%|██▌       | 818/3213 [02:15<06:47,  5.88it/s]
 25%|██▌       | 819/3213 [02:15<06:37,  6.02it/s]
 26%|██▌       | 820/3213 [02:15<06:27,  6.18it/s]
 26%|██▌       | 821/3213 [02:15<06:19,  6.30it/s]
 26%|██▌       | 822/3213 [02:16<06:03,  6.57it/s]
 26%|██▌       | 823/3213 [02:16<06:26,  6.18it/s]
 26%|██▌       | 824/3213 [02:16<06:39,  5.98it/s]
 26%|██▌       | 825/3213 [02:16<06:49,  5.84it/s]
 26%|██▌       | 826/3213 [02:16<06:22,  6.24it/s]
 26%|██▌       | 827/3213 [02:16<06:13,  6.38it/s]
 26%|██▌       | 828/3213 [02:17<06:19,  6.28it/s]
 26%|██▌       | 829/3213 [02:17<06:27,  6.15it/s]
 26%|██▌       | 830/3213 [02:17<06:36,  6.02it/s]
 26%|██▌       | 831/3213 [02:17<06:24,  6.19it/s]
 26%|██▌       | 832/3213 [02:17<06:08,  6.46it/s]
 26%|██▌       | 833/3213 [02:17<06:21,  6.23it/s]
 26%|██▌       | 834/3213 [02:18<06:14,  6.35it/s]
 26%|██▌       | 835/3213 [02:18<06:16,  6.31it/s]
 26%|██▌       | 836/3213 [02:18<06:36,  6.00it/s]
 26%|██▌       | 837/3213 [02:18<06:20,  6.24it/s]
 26%|██▌       | 838/3213 [02:18<06:08,  6.44it/s]
 26%|██▌       | 839/3213 [02:18<06:09,  6.42it/s]
 26%|██▌       | 840/3213 [02:18<06:07,  6.46it/s]
 26%|██▌       | 841/3213 [02:19<06:13,  6.35it/s]
 26%|██▌       | 842/3213 [02:19<06:04,  6.50it/s]
 26%|██▌       | 843/3213 [02:19<05:57,  6.62it/s]
 26%|██▋       | 844/3213 [02:19<06:01,  6.55it/s]
 26%|██▋       | 845/3213 [02:19<05:57,  6.62it/s]
 26%|██▋       | 846/3213 [02:19<05:49,  6.77it/s]
 26%|██▋       | 847/3213 [02:20<05:59,  6.59it/s]
 26%|██▋       | 848/3213 [02:20<05:52,  6.70it/s]
 26%|██▋       | 849/3213 [02:20<05:38,  6.99it/s]
 26%|██▋       | 850/3213 [02:20<05:34,  7.06it/s]
                                                  
{'loss': 0.2152, 'grad_norm': 0.5426818132400513, 'learning_rate': 1.470899470899471e-05, 'epoch': 0.79}

 26%|██▋       | 850/3213 [02:20<05:34,  7.06it/s]
 26%|██▋       | 851/3213 [02:20<05:33,  7.08it/s]
 27%|██▋       | 852/3213 [02:20<05:20,  7.36it/s]
 27%|██▋       | 853/3213 [02:20<05:26,  7.24it/s]
 27%|██▋       | 854/3213 [02:21<05:35,  7.03it/s]
 27%|██▋       | 855/3213 [02:21<05:43,  6.87it/s]
 27%|██▋       | 856/3213 [02:21<05:36,  6.99it/s]
 27%|██▋       | 857/3213 [02:21<05:36,  7.01it/s]
 27%|██▋       | 858/3213 [02:21<05:31,  7.10it/s]
 27%|██▋       | 859/3213 [02:21<05:57,  6.59it/s]
 27%|██▋       | 860/3213 [02:21<06:00,  6.53it/s]
 27%|██▋       | 861/3213 [02:22<05:44,  6.83it/s]
 27%|██▋       | 862/3213 [02:22<05:38,  6.95it/s]
 27%|██▋       | 863/3213 [02:22<06:09,  6.36it/s]
 27%|██▋       | 864/3213 [02:22<06:09,  6.36it/s]
 27%|██▋       | 865/3213 [02:22<06:10,  6.34it/s]
 27%|██▋       | 866/3213 [02:22<06:00,  6.51it/s]
 27%|██▋       | 867/3213 [02:22<05:58,  6.54it/s]
 27%|██▋       | 868/3213 [02:23<05:44,  6.80it/s]
 27%|██▋       | 869/3213 [02:23<05:34,  7.01it/s]
 27%|██▋       | 870/3213 [02:23<05:41,  6.86it/s]
 27%|██▋       | 871/3213 [02:23<05:36,  6.95it/s]
 27%|██▋       | 872/3213 [02:23<05:48,  6.71it/s]
 27%|██▋       | 873/3213 [02:23<05:29,  7.09it/s]
 27%|██▋       | 874/3213 [02:23<05:46,  6.74it/s]
 27%|██▋       | 875/3213 [02:24<05:40,  6.87it/s]
 27%|██▋       | 876/3213 [02:24<05:27,  7.13it/s]
 27%|██▋       | 877/3213 [02:24<05:21,  7.26it/s]
 27%|██▋       | 878/3213 [02:24<05:20,  7.30it/s]
 27%|██▋       | 879/3213 [02:24<05:28,  7.11it/s]
 27%|██▋       | 880/3213 [02:24<06:10,  6.29it/s]
 27%|██▋       | 881/3213 [02:25<06:07,  6.35it/s]
 27%|██▋       | 882/3213 [02:25<06:05,  6.37it/s]
 27%|██▋       | 883/3213 [02:25<05:56,  6.53it/s]
 28%|██▊       | 884/3213 [02:25<05:31,  7.03it/s]
 28%|██▊       | 885/3213 [02:25<05:58,  6.49it/s]
 28%|██▊       | 886/3213 [02:25<05:41,  6.81it/s]
 28%|██▊       | 887/3213 [02:25<06:03,  6.40it/s]
 28%|██▊       | 888/3213 [02:26<05:35,  6.93it/s]
 28%|██▊       | 889/3213 [02:26<05:24,  7.16it/s]
 28%|██▊       | 890/3213 [02:26<05:17,  7.31it/s]
 28%|██▊       | 891/3213 [02:26<05:31,  7.01it/s]
 28%|██▊       | 892/3213 [02:26<05:18,  7.28it/s]
 28%|██▊       | 893/3213 [02:26<05:14,  7.37it/s]
 28%|██▊       | 894/3213 [02:26<05:10,  7.47it/s]
 28%|██▊       | 895/3213 [02:27<05:16,  7.31it/s]
 28%|██▊       | 896/3213 [02:27<05:20,  7.24it/s]
 28%|██▊       | 897/3213 [02:27<05:21,  7.21it/s]
 28%|██▊       | 898/3213 [02:27<05:16,  7.33it/s]
 28%|██▊       | 899/3213 [02:27<05:15,  7.34it/s]
 28%|██▊       | 900/3213 [02:27<05:38,  6.84it/s]
                                                  
{'loss': 0.2061, 'grad_norm': 0.48577913641929626, 'learning_rate': 1.4397759103641458e-05, 'epoch': 0.84}

 28%|██▊       | 900/3213 [02:27<05:38,  6.84it/s]
 28%|██▊       | 901/3213 [02:27<05:45,  6.68it/s]
 28%|██▊       | 902/3213 [02:28<05:29,  7.01it/s]
 28%|██▊       | 903/3213 [02:28<05:31,  6.98it/s]
 28%|██▊       | 904/3213 [02:28<05:14,  7.33it/s]
 28%|██▊       | 905/3213 [02:28<05:11,  7.42it/s]
 28%|██▊       | 906/3213 [02:28<05:17,  7.26it/s]
 28%|██▊       | 907/3213 [02:28<05:21,  7.17it/s]
 28%|██▊       | 908/3213 [02:28<05:19,  7.21it/s]
 28%|██▊       | 909/3213 [02:28<05:17,  7.26it/s]
 28%|██▊       | 910/3213 [02:29<05:09,  7.44it/s]
 28%|██▊       | 911/3213 [02:29<05:10,  7.41it/s]
 28%|██▊       | 912/3213 [02:29<05:13,  7.35it/s]
 28%|██▊       | 913/3213 [02:29<05:26,  7.05it/s]
 28%|██▊       | 914/3213 [02:29<05:31,  6.93it/s]
 28%|██▊       | 915/3213 [02:29<05:47,  6.61it/s]
 29%|██▊       | 916/3213 [02:29<05:31,  6.93it/s]
 29%|██▊       | 917/3213 [02:30<05:37,  6.80it/s]
 29%|██▊       | 918/3213 [02:30<05:31,  6.93it/s]
 29%|██▊       | 919/3213 [02:30<05:17,  7.22it/s]
 29%|██▊       | 920/3213 [02:30<05:24,  7.06it/s]
 29%|██▊       | 921/3213 [02:30<05:28,  6.97it/s]
 29%|██▊       | 922/3213 [02:30<05:26,  7.01it/s]
 29%|██▊       | 923/3213 [02:30<05:35,  6.83it/s]
 29%|██▉       | 924/3213 [02:31<05:31,  6.90it/s]
 29%|██▉       | 925/3213 [02:31<05:36,  6.79it/s]
 29%|██▉       | 926/3213 [02:31<05:26,  6.99it/s]
 29%|██▉       | 927/3213 [02:31<05:49,  6.54it/s]
 29%|██▉       | 928/3213 [02:31<05:48,  6.56it/s]
 29%|██▉       | 929/3213 [02:31<06:04,  6.26it/s]
 29%|██▉       | 930/3213 [02:32<06:23,  5.96it/s]
 29%|██▉       | 931/3213 [02:32<06:17,  6.05it/s]
 29%|██▉       | 932/3213 [02:32<06:04,  6.25it/s]
 29%|██▉       | 933/3213 [02:32<06:07,  6.21it/s]
 29%|██▉       | 934/3213 [02:32<06:25,  5.92it/s]
 29%|██▉       | 935/3213 [02:32<06:15,  6.07it/s]
 29%|██▉       | 936/3213 [02:33<06:34,  5.77it/s]
 29%|██▉       | 937/3213 [02:33<06:47,  5.58it/s]
 29%|██▉       | 938/3213 [02:33<06:42,  5.66it/s]
 29%|██▉       | 939/3213 [02:33<06:41,  5.66it/s]
 29%|██▉       | 940/3213 [02:33<06:33,  5.78it/s]
 29%|██▉       | 941/3213 [02:33<06:24,  5.91it/s]
 29%|██▉       | 942/3213 [02:34<06:03,  6.24it/s]
 29%|██▉       | 943/3213 [02:34<06:30,  5.81it/s]
 29%|██▉       | 944/3213 [02:34<06:48,  5.55it/s]
 29%|██▉       | 945/3213 [02:34<06:28,  5.84it/s]
 29%|██▉       | 946/3213 [02:34<06:22,  5.93it/s]
 29%|██▉       | 947/3213 [02:34<06:29,  5.82it/s]
 30%|██▉       | 948/3213 [02:35<06:11,  6.09it/s]
 30%|██▉       | 949/3213 [02:35<06:26,  5.86it/s]
 30%|██▉       | 950/3213 [02:35<06:22,  5.92it/s]
                                                  
{'loss': 0.2113, 'grad_norm': 0.3306906223297119, 'learning_rate': 1.4086523498288205e-05, 'epoch': 0.89}

 30%|██▉       | 950/3213 [02:35<06:22,  5.92it/s]
 30%|██▉       | 951/3213 [02:35<06:05,  6.20it/s]
 30%|██▉       | 952/3213 [02:35<06:26,  5.85it/s]
 30%|██▉       | 953/3213 [02:35<06:04,  6.20it/s]
 30%|██▉       | 954/3213 [02:36<06:46,  5.56it/s]
 30%|██▉       | 955/3213 [02:36<06:13,  6.05it/s]
 30%|██▉       | 956/3213 [02:36<06:23,  5.88it/s]
 30%|██▉       | 957/3213 [02:36<06:05,  6.17it/s]
 30%|██▉       | 958/3213 [02:36<06:00,  6.26it/s]
 30%|██▉       | 959/3213 [02:36<06:13,  6.03it/s]
 30%|██▉       | 960/3213 [02:37<05:53,  6.36it/s]
 30%|██▉       | 961/3213 [02:37<06:09,  6.10it/s]
 30%|██▉       | 962/3213 [02:37<06:12,  6.05it/s]
 30%|██▉       | 963/3213 [02:37<06:08,  6.10it/s]
 30%|███       | 964/3213 [02:37<06:21,  5.90it/s]
 30%|███       | 965/3213 [02:37<06:05,  6.16it/s]
 30%|███       | 966/3213 [02:38<05:53,  6.36it/s]
 30%|███       | 967/3213 [02:38<05:58,  6.26it/s]
 30%|███       | 968/3213 [02:38<06:02,  6.20it/s]
 30%|███       | 969/3213 [02:38<06:31,  5.73it/s]
 30%|███       | 970/3213 [02:38<06:23,  5.85it/s]
 30%|███       | 971/3213 [02:38<06:20,  5.89it/s]
 30%|███       | 972/3213 [02:39<06:40,  5.60it/s]
 30%|███       | 973/3213 [02:39<06:13,  5.99it/s]
 30%|███       | 974/3213 [02:39<06:34,  5.67it/s]
 30%|███       | 975/3213 [02:39<07:12,  5.18it/s]
 30%|███       | 976/3213 [02:39<07:34,  4.92it/s]
 30%|███       | 977/3213 [02:40<07:27,  5.00it/s]
 30%|███       | 978/3213 [02:40<07:09,  5.21it/s]
 30%|███       | 979/3213 [02:40<06:45,  5.51it/s]
 31%|███       | 980/3213 [02:40<07:23,  5.03it/s]
 31%|███       | 981/3213 [02:41<08:19,  4.47it/s]
 31%|███       | 982/3213 [02:41<07:44,  4.81it/s]
 31%|███       | 983/3213 [02:41<07:28,  4.98it/s]
 31%|███       | 984/3213 [02:41<07:05,  5.24it/s]
 31%|███       | 985/3213 [02:41<06:55,  5.36it/s]
 31%|███       | 986/3213 [02:41<06:51,  5.41it/s]
 31%|███       | 987/3213 [02:42<06:44,  5.50it/s]
 31%|███       | 988/3213 [02:42<06:55,  5.35it/s]
 31%|███       | 989/3213 [02:42<06:20,  5.84it/s]
 31%|███       | 990/3213 [02:42<06:36,  5.60it/s]
 31%|███       | 991/3213 [02:42<06:24,  5.78it/s]
 31%|███       | 992/3213 [02:42<06:21,  5.82it/s]
 31%|███       | 993/3213 [02:43<06:25,  5.76it/s]
 31%|███       | 994/3213 [02:43<06:30,  5.68it/s]
 31%|███       | 995/3213 [02:43<06:29,  5.69it/s]
 31%|███       | 996/3213 [02:43<06:10,  5.99it/s]
 31%|███       | 997/3213 [02:43<06:01,  6.13it/s]
 31%|███       | 998/3213 [02:43<05:45,  6.42it/s]
 31%|███       | 999/3213 [02:44<05:57,  6.20it/s]
 31%|███       | 1000/3213 [02:44<05:56,  6.20it/s]
                                                   
{'loss': 0.2035, 'grad_norm': 0.32991740107536316, 'learning_rate': 1.3775287892934951e-05, 'epoch': 0.93}

 31%|███       | 1000/3213 [02:44<05:56,  6.20it/s]
 31%|███       | 1001/3213 [02:44<05:46,  6.39it/s]
 31%|███       | 1002/3213 [02:44<06:05,  6.05it/s]
 31%|███       | 1003/3213 [02:44<05:46,  6.37it/s]
 31%|███       | 1004/3213 [02:44<05:59,  6.15it/s]
 31%|███▏      | 1005/3213 [02:44<05:36,  6.57it/s]
 31%|███▏      | 1006/3213 [02:45<05:19,  6.92it/s]
 31%|███▏      | 1007/3213 [02:45<05:32,  6.64it/s]
 31%|███▏      | 1008/3213 [02:45<05:19,  6.89it/s]
 31%|███▏      | 1009/3213 [02:45<05:24,  6.79it/s]
 31%|███▏      | 1010/3213 [02:45<05:20,  6.86it/s]
 31%|███▏      | 1011/3213 [02:45<05:28,  6.70it/s]
 31%|███▏      | 1012/3213 [02:46<05:52,  6.24it/s]
 32%|███▏      | 1013/3213 [02:46<05:37,  6.52it/s]
 32%|███▏      | 1014/3213 [02:46<05:29,  6.68it/s]
 32%|███▏      | 1015/3213 [02:46<05:48,  6.31it/s]
 32%|███▏      | 1016/3213 [02:46<06:33,  5.58it/s]
 32%|███▏      | 1017/3213 [02:46<06:08,  5.96it/s]
 32%|███▏      | 1018/3213 [02:47<05:54,  6.20it/s]
 32%|███▏      | 1019/3213 [02:47<05:43,  6.39it/s]
 32%|███▏      | 1020/3213 [02:47<05:43,  6.38it/s]
 32%|███▏      | 1021/3213 [02:47<05:40,  6.44it/s]
 32%|███▏      | 1022/3213 [02:47<05:38,  6.47it/s]
 32%|███▏      | 1023/3213 [02:47<05:23,  6.78it/s]
 32%|███▏      | 1024/3213 [02:47<05:16,  6.91it/s]
 32%|███▏      | 1025/3213 [02:48<05:31,  6.59it/s]
 32%|███▏      | 1026/3213 [02:48<05:39,  6.44it/s]
 32%|███▏      | 1027/3213 [02:48<05:30,  6.61it/s]
 32%|███▏      | 1028/3213 [02:48<05:34,  6.53it/s]
 32%|███▏      | 1029/3213 [02:48<05:29,  6.64it/s]
 32%|███▏      | 1030/3213 [02:48<05:34,  6.53it/s]
 32%|███▏      | 1031/3213 [02:48<05:23,  6.74it/s]
 32%|███▏      | 1032/3213 [02:49<05:59,  6.07it/s]
 32%|███▏      | 1033/3213 [02:49<06:08,  5.91it/s]
 32%|███▏      | 1034/3213 [02:49<06:13,  5.84it/s]
 32%|███▏      | 1035/3213 [02:49<06:40,  5.44it/s]
 32%|███▏      | 1036/3213 [02:49<06:26,  5.63it/s]
 32%|███▏      | 1037/3213 [02:50<06:14,  5.81it/s]
 32%|███▏      | 1038/3213 [02:50<06:23,  5.67it/s]
 32%|███▏      | 1039/3213 [02:50<06:45,  5.36it/s]
 32%|███▏      | 1040/3213 [02:50<06:50,  5.29it/s]
 32%|███▏      | 1041/3213 [02:50<06:48,  5.31it/s]
 32%|███▏      | 1042/3213 [02:51<07:02,  5.13it/s]
 32%|███▏      | 1043/3213 [02:51<06:32,  5.53it/s]
 32%|███▏      | 1044/3213 [02:51<06:26,  5.61it/s]
 33%|███▎      | 1045/3213 [02:51<07:08,  5.06it/s]
 33%|███▎      | 1046/3213 [02:51<06:36,  5.46it/s]
 33%|███▎      | 1047/3213 [02:51<06:24,  5.64it/s]
 33%|███▎      | 1048/3213 [02:52<07:01,  5.14it/s]
 33%|███▎      | 1049/3213 [02:52<09:13,  3.91it/s]
 33%|███▎      | 1050/3213 [02:52<08:54,  4.04it/s]
                                                   
{'loss': 0.2029, 'grad_norm': 0.3792386054992676, 'learning_rate': 1.3464052287581701e-05, 'epoch': 0.98}

 33%|███▎      | 1050/3213 [02:52<08:54,  4.04it/s]
 33%|███▎      | 1051/3213 [02:53<08:31,  4.23it/s]
 33%|███▎      | 1052/3213 [02:53<07:56,  4.53it/s]
 33%|███▎      | 1053/3213 [02:53<07:07,  5.05it/s]
 33%|███▎      | 1054/3213 [02:53<06:52,  5.24it/s]
 33%|███▎      | 1055/3213 [02:53<07:01,  5.12it/s]
 33%|███▎      | 1056/3213 [02:53<07:06,  5.06it/s]
 33%|███▎      | 1057/3213 [02:54<06:45,  5.32it/s]
 33%|███▎      | 1058/3213 [02:54<06:38,  5.41it/s]
 33%|███▎      | 1059/3213 [02:54<06:24,  5.60it/s]
 33%|███▎      | 1060/3213 [02:54<06:25,  5.59it/s]
 33%|███▎      | 1061/3213 [02:54<06:23,  5.62it/s]
 33%|███▎      | 1062/3213 [02:54<06:00,  5.97it/s]
 33%|███▎      | 1063/3213 [02:55<05:38,  6.35it/s]
 33%|███▎      | 1064/3213 [02:55<05:30,  6.49it/s]
 33%|███▎      | 1065/3213 [02:55<06:32,  5.48it/s]
 33%|███▎      | 1066/3213 [02:55<06:49,  5.25it/s]
 33%|███▎      | 1067/3213 [02:55<06:34,  5.43it/s]
 33%|███▎      | 1068/3213 [02:56<06:44,  5.31it/s]
 33%|███▎      | 1069/3213 [02:56<06:22,  5.61it/s]
 33%|███▎      | 1070/3213 [02:56<06:09,  5.80it/s]
 33%|███▎      | 1071/3213 [02:56<06:08,  5.82it/s]

  0%|          | 0/95 [00:00<?, ?it/s][A

  4%|▍         | 4/95 [00:00<00:03, 27.68it/s][A

  7%|▋         | 7/95 [00:00<00:03, 22.92it/s][A

 11%|█         | 10/95 [00:00<00:03, 21.61it/s][A

 14%|█▎        | 13/95 [00:00<00:03, 20.99it/s][A

 17%|█▋        | 16/95 [00:00<00:03, 20.47it/s][A

 20%|██        | 19/95 [00:00<00:03, 20.40it/s][A

 23%|██▎       | 22/95 [00:01<00:03, 20.31it/s][A

 26%|██▋       | 25/95 [00:01<00:03, 20.20it/s][A

 29%|██▉       | 28/95 [00:01<00:03, 20.08it/s][A

 33%|███▎      | 31/95 [00:01<00:03, 20.24it/s][A

 36%|███▌      | 34/95 [00:01<00:03, 20.31it/s][A

 39%|███▉      | 37/95 [00:01<00:02, 20.28it/s][A

 42%|████▏     | 40/95 [00:01<00:02, 20.20it/s][A

 45%|████▌     | 43/95 [00:02<00:02, 20.36it/s][A

 48%|████▊     | 46/95 [00:02<00:02, 20.31it/s][A

 52%|█████▏    | 49/95 [00:02<00:02, 20.26it/s][A

 55%|█████▍    | 52/95 [00:02<00:02, 20.22it/s][A

 58%|█████▊    | 55/95 [00:02<00:01, 20.27it/s][A

 61%|██████    | 58/95 [00:02<00:01, 19.77it/s][A

 63%|██████▎   | 60/95 [00:02<00:01, 19.76it/s][A

 65%|██████▌   | 62/95 [00:03<00:01, 19.68it/s][A

 68%|██████▊   | 65/95 [00:03<00:01, 20.04it/s][A

 72%|███████▏  | 68/95 [00:03<00:01, 19.97it/s][A

 75%|███████▍  | 71/95 [00:03<00:01, 19.36it/s][A

 78%|███████▊  | 74/95 [00:03<00:01, 19.69it/s][A

 81%|████████  | 77/95 [00:03<00:00, 19.79it/s][A

 83%|████████▎ | 79/95 [00:03<00:00, 19.68it/s][A

 85%|████████▌ | 81/95 [00:04<00:00, 19.58it/s][A

 88%|████████▊ | 84/95 [00:04<00:00, 19.81it/s][A

 92%|█████████▏| 87/95 [00:04<00:00, 19.95it/s][A

 95%|█████████▍| 90/95 [00:04<00:00, 19.98it/s][A

 97%|█████████▋| 92/95 [00:04<00:00, 19.84it/s][A

100%|██████████| 95/95 [00:04<00:00, 21.30it/s][A
                                                   

                                               
[A{'eval_loss': 0.20131321251392365, 'eval_tactics_precision_macro': 0.7468850041999342, 'eval_tactics_recall_macro': 0.36867446090648986, 'eval_tactics_f1_macro': 0.4877152156024397, 'eval_micro_f1': 0.4963511844616594, 'eval_runtime': 4.804, 'eval_samples_per_second': 2517.693, 'eval_steps_per_second': 19.775, 'epoch': 1.0}

 33%|███▎      | 1071/3213 [03:01<06:08,  5.82it/s]

100%|██████████| 95/95 [00:04<00:00, 21.30it/s][A

                                               [A
 33%|███▎      | 1072/3213 [03:05<1:37:02,  2.72s/it]
 33%|███▎      | 1073/3213 [03:05<1:10:03,  1.96s/it]
 33%|███▎      | 1074/3213 [03:05<50:40,  1.42s/it]  
 33%|███▎      | 1075/3213 [03:05<37:13,  1.04s/it]
 33%|███▎      | 1076/3213 [03:05<27:54,  1.28it/s]
 34%|███▎      | 1077/3213 [03:06<20:58,  1.70it/s]
 34%|███▎      | 1078/3213 [03:06<16:52,  2.11it/s]
 34%|███▎      | 1079/3213 [03:06<13:28,  2.64it/s]
 34%|███▎      | 1080/3213 [03:06<11:24,  3.11it/s]
 34%|███▎      | 1081/3213 [03:06<09:44,  3.65it/s]
 34%|███▎      | 1082/3213 [03:06<08:32,  4.16it/s]
 34%|███▎      | 1083/3213 [03:07<07:56,  4.47it/s]
 34%|███▎      | 1084/3213 [03:07<07:25,  4.78it/s]
 34%|███▍      | 1085/3213 [03:07<06:50,  5.19it/s]
 34%|███▍      | 1086/3213 [03:07<06:40,  5.31it/s]
 34%|███▍      | 1087/3213 [03:07<06:06,  5.79it/s]
 34%|███▍      | 1088/3213 [03:07<05:58,  5.93it/s]
 34%|███▍      | 1089/3213 [03:08<05:40,  6.24it/s]
 34%|███▍      | 1090/3213 [03:08<05:18,  6.66it/s]
 34%|███▍      | 1091/3213 [03:08<05:17,  6.69it/s]
 34%|███▍      | 1092/3213 [03:08<05:02,  7.01it/s]
 34%|███▍      | 1093/3213 [03:08<05:19,  6.63it/s]
 34%|███▍      | 1094/3213 [03:08<05:38,  6.26it/s]
 34%|███▍      | 1095/3213 [03:08<05:27,  6.48it/s]
 34%|███▍      | 1096/3213 [03:09<05:42,  6.17it/s]
 34%|███▍      | 1097/3213 [03:09<05:16,  6.68it/s]
 34%|███▍      | 1098/3213 [03:09<05:15,  6.71it/s]
 34%|███▍      | 1099/3213 [03:09<05:32,  6.35it/s]
 34%|███▍      | 1100/3213 [03:09<05:33,  6.34it/s]
                                                   
{'loss': 0.2059, 'grad_norm': 0.30978938937187195, 'learning_rate': 1.3152816682228448e-05, 'epoch': 1.03}

 34%|███▍      | 1100/3213 [03:09<05:33,  6.34it/s]
 34%|███▍      | 1101/3213 [03:09<05:25,  6.48it/s]
 34%|███▍      | 1102/3213 [03:10<05:38,  6.25it/s]
 34%|███▍      | 1103/3213 [03:10<05:27,  6.44it/s]
 34%|███▍      | 1104/3213 [03:10<05:02,  6.96it/s]
 34%|███▍      | 1105/3213 [03:10<04:50,  7.26it/s]
 34%|███▍      | 1106/3213 [03:10<04:58,  7.06it/s]
 34%|███▍      | 1107/3213 [03:10<05:20,  6.57it/s]
 34%|███▍      | 1108/3213 [03:10<05:01,  6.98it/s]
 35%|███▍      | 1109/3213 [03:10<05:00,  7.00it/s]
 35%|███▍      | 1110/3213 [03:11<04:46,  7.35it/s]
 35%|███▍      | 1111/3213 [03:11<05:40,  6.18it/s]
 35%|███▍      | 1112/3213 [03:11<05:15,  6.66it/s]
 35%|███▍      | 1113/3213 [03:11<05:02,  6.94it/s]
 35%|███▍      | 1114/3213 [03:11<05:06,  6.85it/s]
 35%|███▍      | 1115/3213 [03:11<04:51,  7.21it/s]
 35%|███▍      | 1116/3213 [03:12<04:54,  7.12it/s]
 35%|███▍      | 1117/3213 [03:12<04:58,  7.02it/s]
 35%|███▍      | 1118/3213 [03:12<04:54,  7.11it/s]
 35%|███▍      | 1119/3213 [03:12<04:54,  7.11it/s]
 35%|███▍      | 1120/3213 [03:12<05:07,  6.81it/s]
 35%|███▍      | 1121/3213 [03:12<05:21,  6.51it/s]
 35%|███▍      | 1122/3213 [03:12<05:17,  6.59it/s]
 35%|███▍      | 1123/3213 [03:13<05:09,  6.76it/s]
 35%|███▍      | 1124/3213 [03:13<05:02,  6.90it/s]
 35%|███▌      | 1125/3213 [03:13<05:07,  6.79it/s]
 35%|███▌      | 1126/3213 [03:13<05:07,  6.80it/s]
 35%|███▌      | 1127/3213 [03:13<04:50,  7.18it/s]
 35%|███▌      | 1128/3213 [03:13<04:42,  7.38it/s]
 35%|███▌      | 1129/3213 [03:13<04:41,  7.41it/s]
 35%|███▌      | 1130/3213 [03:13<04:37,  7.49it/s]
 35%|███▌      | 1131/3213 [03:14<04:40,  7.42it/s]
 35%|███▌      | 1132/3213 [03:14<04:29,  7.71it/s]
 35%|███▌      | 1133/3213 [03:14<04:33,  7.61it/s]
 35%|███▌      | 1134/3213 [03:14<04:35,  7.56it/s]
 35%|███▌      | 1135/3213 [03:14<04:48,  7.20it/s]
 35%|███▌      | 1136/3213 [03:14<04:56,  7.01it/s]
 35%|███▌      | 1137/3213 [03:14<04:54,  7.06it/s]
 35%|███▌      | 1138/3213 [03:15<05:17,  6.53it/s]
 35%|███▌      | 1139/3213 [03:15<05:31,  6.26it/s]
 35%|███▌      | 1140/3213 [03:15<05:04,  6.80it/s]
 36%|███▌      | 1141/3213 [03:15<05:11,  6.65it/s]
 36%|███▌      | 1142/3213 [03:15<05:10,  6.67it/s]
 36%|███▌      | 1143/3213 [03:15<04:52,  7.07it/s]
 36%|███▌      | 1144/3213 [03:15<04:45,  7.25it/s]
 36%|███▌      | 1145/3213 [03:16<04:44,  7.26it/s]
 36%|███▌      | 1146/3213 [03:16<04:46,  7.22it/s]
 36%|███▌      | 1147/3213 [03:16<04:42,  7.31it/s]
 36%|███▌      | 1148/3213 [03:16<04:48,  7.17it/s]
 36%|███▌      | 1149/3213 [03:16<07:08,  4.82it/s]
 36%|███▌      | 1150/3213 [03:17<06:32,  5.26it/s]
                                                   
{'loss': 0.1997, 'grad_norm': 0.4155732989311218, 'learning_rate': 1.2841581076875196e-05, 'epoch': 1.07}

 36%|███▌      | 1150/3213 [03:17<06:32,  5.26it/s]
 36%|███▌      | 1151/3213 [03:17<06:01,  5.71it/s]
 36%|███▌      | 1152/3213 [03:17<06:02,  5.69it/s]
 36%|███▌      | 1153/3213 [03:17<05:58,  5.75it/s]
 36%|███▌      | 1154/3213 [03:17<05:37,  6.10it/s]
 36%|███▌      | 1155/3213 [03:17<05:13,  6.56it/s]
 36%|███▌      | 1156/3213 [03:18<05:30,  6.22it/s]
 36%|███▌      | 1157/3213 [03:18<05:08,  6.66it/s]
 36%|███▌      | 1158/3213 [03:18<05:04,  6.75it/s]
 36%|███▌      | 1159/3213 [03:18<05:03,  6.76it/s]
 36%|███▌      | 1160/3213 [03:18<05:09,  6.63it/s]
 36%|███▌      | 1161/3213 [03:18<05:05,  6.71it/s]
 36%|███▌      | 1162/3213 [03:18<05:04,  6.74it/s]
 36%|███▌      | 1163/3213 [03:18<04:53,  6.99it/s]
 36%|███▌      | 1164/3213 [03:19<04:58,  6.86it/s]
 36%|███▋      | 1165/3213 [03:19<04:55,  6.94it/s]
 36%|███▋      | 1166/3213 [03:19<04:51,  7.02it/s]
 36%|███▋      | 1167/3213 [03:19<04:50,  7.05it/s]
 36%|███▋      | 1168/3213 [03:19<04:58,  6.85it/s]
 36%|███▋      | 1169/3213 [03:19<04:54,  6.94it/s]
 36%|███▋      | 1170/3213 [03:19<04:34,  7.44it/s]
 36%|███▋      | 1171/3213 [03:20<04:38,  7.32it/s]
 36%|███▋      | 1172/3213 [03:20<04:33,  7.47it/s]
 37%|███▋      | 1173/3213 [03:20<04:37,  7.35it/s]
 37%|███▋      | 1174/3213 [03:20<04:34,  7.42it/s]
 37%|███▋      | 1175/3213 [03:20<05:03,  6.70it/s]
 37%|███▋      | 1176/3213 [03:20<04:59,  6.80it/s]
 37%|███▋      | 1177/3213 [03:21<05:07,  6.62it/s]
 37%|███▋      | 1178/3213 [03:21<04:53,  6.94it/s]
 37%|███▋      | 1179/3213 [03:21<05:18,  6.38it/s]
 37%|███▋      | 1180/3213 [03:21<05:43,  5.92it/s]
 37%|███▋      | 1181/3213 [03:21<05:27,  6.21it/s]
 37%|███▋      | 1182/3213 [03:21<05:12,  6.49it/s]
 37%|███▋      | 1183/3213 [03:21<05:05,  6.64it/s]
 37%|███▋      | 1184/3213 [03:22<05:09,  6.55it/s]
 37%|███▋      | 1185/3213 [03:22<04:59,  6.78it/s]
 37%|███▋      | 1186/3213 [03:22<04:55,  6.85it/s]
 37%|███▋      | 1187/3213 [03:22<04:51,  6.94it/s]
 37%|███▋      | 1188/3213 [03:22<05:01,  6.72it/s]
 37%|███▋      | 1189/3213 [03:22<05:03,  6.66it/s]
 37%|███▋      | 1190/3213 [03:22<04:59,  6.75it/s]
 37%|███▋      | 1191/3213 [03:23<05:06,  6.59it/s]
 37%|███▋      | 1192/3213 [03:23<04:51,  6.93it/s]
 37%|███▋      | 1193/3213 [03:23<05:26,  6.19it/s]
 37%|███▋      | 1194/3213 [03:23<05:01,  6.70it/s]
 37%|███▋      | 1195/3213 [03:23<05:05,  6.62it/s]
 37%|███▋      | 1196/3213 [03:23<04:52,  6.90it/s]
 37%|███▋      | 1197/3213 [03:24<04:49,  6.96it/s]
 37%|███▋      | 1198/3213 [03:24<04:57,  6.77it/s]
 37%|███▋      | 1199/3213 [03:24<04:39,  7.19it/s]
 37%|███▋      | 1200/3213 [03:24<04:39,  7.21it/s]
                                                   
{'loss': 0.203, 'grad_norm': 0.336494505405426, 'learning_rate': 1.2530345471521943e-05, 'epoch': 1.12}

 37%|███▋      | 1200/3213 [03:24<04:39,  7.21it/s]
 37%|███▋      | 1201/3213 [03:24<04:52,  6.87it/s]
 37%|███▋      | 1202/3213 [03:24<04:46,  7.03it/s]
 37%|███▋      | 1203/3213 [03:24<04:42,  7.10it/s]
 37%|███▋      | 1204/3213 [03:25<04:50,  6.91it/s]
 38%|███▊      | 1205/3213 [03:25<04:44,  7.05it/s]
 38%|███▊      | 1206/3213 [03:25<04:58,  6.72it/s]
 38%|███▊      | 1207/3213 [03:25<04:51,  6.88it/s]
 38%|███▊      | 1208/3213 [03:25<04:59,  6.69it/s]
 38%|███▊      | 1209/3213 [03:25<05:17,  6.32it/s]
 38%|███▊      | 1210/3213 [03:25<05:15,  6.34it/s]
 38%|███▊      | 1211/3213 [03:26<05:09,  6.47it/s]
 38%|███▊      | 1212/3213 [03:26<05:14,  6.37it/s]
 38%|███▊      | 1213/3213 [03:26<05:07,  6.50it/s]
 38%|███▊      | 1214/3213 [03:26<05:16,  6.33it/s]
 38%|███▊      | 1215/3213 [03:26<05:04,  6.56it/s]
 38%|███▊      | 1216/3213 [03:26<05:05,  6.54it/s]
 38%|███▊      | 1217/3213 [03:27<05:05,  6.53it/s]
 38%|███▊      | 1218/3213 [03:27<05:15,  6.31it/s]
 38%|███▊      | 1219/3213 [03:27<05:31,  6.01it/s]
 38%|███▊      | 1220/3213 [03:27<05:26,  6.10it/s]
 38%|███▊      | 1221/3213 [03:27<05:23,  6.16it/s]
 38%|███▊      | 1222/3213 [03:27<05:11,  6.39it/s]
 38%|███▊      | 1223/3213 [03:28<05:31,  6.00it/s]
 38%|███▊      | 1224/3213 [03:28<05:52,  5.65it/s]
 38%|███▊      | 1225/3213 [03:28<05:37,  5.89it/s]
 38%|███▊      | 1226/3213 [03:28<05:36,  5.91it/s]
 38%|███▊      | 1227/3213 [03:28<05:30,  6.01it/s]
 38%|███▊      | 1228/3213 [03:28<05:54,  5.60it/s]
 38%|███▊      | 1229/3213 [03:29<05:54,  5.60it/s]
 38%|███▊      | 1230/3213 [03:29<05:38,  5.86it/s]
 38%|███▊      | 1231/3213 [03:29<05:32,  5.97it/s]
 38%|███▊      | 1232/3213 [03:29<05:49,  5.67it/s]
 38%|███▊      | 1233/3213 [03:29<05:33,  5.95it/s]
 38%|███▊      | 1234/3213 [03:29<05:29,  6.00it/s]
 38%|███▊      | 1235/3213 [03:30<05:21,  6.15it/s]
 38%|███▊      | 1236/3213 [03:30<05:19,  6.20it/s]
 38%|███▊      | 1237/3213 [03:30<05:25,  6.07it/s]
 39%|███▊      | 1238/3213 [03:30<05:14,  6.27it/s]
 39%|███▊      | 1239/3213 [03:30<05:05,  6.45it/s]
 39%|███▊      | 1240/3213 [03:30<05:03,  6.49it/s]
 39%|███▊      | 1241/3213 [03:30<04:58,  6.60it/s]
 39%|███▊      | 1242/3213 [03:31<04:58,  6.60it/s]
 39%|███▊      | 1243/3213 [03:31<05:06,  6.42it/s]
 39%|███▊      | 1244/3213 [03:31<05:02,  6.51it/s]
 39%|███▊      | 1245/3213 [03:31<04:51,  6.75it/s]
 39%|███▉      | 1246/3213 [03:31<04:43,  6.93it/s]
 39%|███▉      | 1247/3213 [03:31<04:36,  7.12it/s]
 39%|███▉      | 1248/3213 [03:32<05:16,  6.21it/s]
 39%|███▉      | 1249/3213 [03:32<05:20,  6.13it/s]
 39%|███▉      | 1250/3213 [03:32<05:06,  6.40it/s]
                                                   
{'loss': 0.1993, 'grad_norm': 0.36617311835289, 'learning_rate': 1.221910986616869e-05, 'epoch': 1.17}

 39%|███▉      | 1250/3213 [03:32<05:06,  6.40it/s]
 39%|███▉      | 1251/3213 [03:32<04:51,  6.73it/s]
 39%|███▉      | 1252/3213 [03:32<05:04,  6.44it/s]
 39%|███▉      | 1253/3213 [03:32<04:59,  6.55it/s]
 39%|███▉      | 1254/3213 [03:32<04:49,  6.77it/s]
 39%|███▉      | 1255/3213 [03:33<05:14,  6.24it/s]
 39%|███▉      | 1256/3213 [03:33<05:00,  6.51it/s]
 39%|███▉      | 1257/3213 [03:33<05:10,  6.30it/s]
 39%|███▉      | 1258/3213 [03:33<05:14,  6.22it/s]
 39%|███▉      | 1259/3213 [03:33<05:03,  6.43it/s]
 39%|███▉      | 1260/3213 [03:33<05:09,  6.32it/s]
 39%|███▉      | 1261/3213 [03:34<04:56,  6.59it/s]
 39%|███▉      | 1262/3213 [03:34<06:05,  5.34it/s]
 39%|███▉      | 1263/3213 [03:34<05:38,  5.76it/s]
 39%|███▉      | 1264/3213 [03:34<05:19,  6.10it/s]
 39%|███▉      | 1265/3213 [03:34<05:27,  5.95it/s]
 39%|███▉      | 1266/3213 [03:34<05:35,  5.80it/s]
 39%|███▉      | 1267/3213 [03:35<05:33,  5.84it/s]
 39%|███▉      | 1268/3213 [03:35<05:31,  5.87it/s]
 39%|███▉      | 1269/3213 [03:35<05:50,  5.55it/s]
 40%|███▉      | 1270/3213 [03:35<05:48,  5.58it/s]
 40%|███▉      | 1271/3213 [03:35<05:42,  5.67it/s]
 40%|███▉      | 1272/3213 [03:36<05:27,  5.93it/s]
 40%|███▉      | 1273/3213 [03:36<05:43,  5.65it/s]
 40%|███▉      | 1274/3213 [03:36<05:40,  5.70it/s]
 40%|███▉      | 1275/3213 [03:36<06:48,  4.74it/s]
 40%|███▉      | 1276/3213 [03:36<06:41,  4.82it/s]
 40%|███▉      | 1277/3213 [03:37<06:47,  4.75it/s]
 40%|███▉      | 1278/3213 [03:37<06:49,  4.73it/s]
 40%|███▉      | 1279/3213 [03:37<06:45,  4.77it/s]
 40%|███▉      | 1280/3213 [03:37<06:45,  4.77it/s]
 40%|███▉      | 1281/3213 [03:37<06:31,  4.94it/s]
 40%|███▉      | 1282/3213 [03:38<06:08,  5.24it/s]
 40%|███▉      | 1283/3213 [03:38<05:59,  5.36it/s]
 40%|███▉      | 1284/3213 [03:38<05:49,  5.52it/s]
 40%|███▉      | 1285/3213 [03:38<05:25,  5.93it/s]
 40%|████      | 1286/3213 [03:38<05:39,  5.67it/s]
 40%|████      | 1287/3213 [03:38<05:36,  5.73it/s]
 40%|████      | 1288/3213 [03:39<05:17,  6.06it/s]
 40%|████      | 1289/3213 [03:39<05:16,  6.08it/s]
 40%|████      | 1290/3213 [03:39<05:26,  5.88it/s]
 40%|████      | 1291/3213 [03:39<05:50,  5.49it/s]
 40%|████      | 1292/3213 [03:39<05:40,  5.65it/s]
 40%|████      | 1293/3213 [03:39<05:32,  5.77it/s]
 40%|████      | 1294/3213 [03:40<05:47,  5.53it/s]
 40%|████      | 1295/3213 [03:40<05:25,  5.90it/s]
 40%|████      | 1296/3213 [03:40<05:13,  6.12it/s]
 40%|████      | 1297/3213 [03:40<05:24,  5.91it/s]
 40%|████      | 1298/3213 [03:40<05:29,  5.80it/s]
 40%|████      | 1299/3213 [03:40<05:20,  5.97it/s]
 40%|████      | 1300/3213 [03:41<05:47,  5.50it/s]
                                                   
{'loss': 0.2014, 'grad_norm': 0.4598560333251953, 'learning_rate': 1.1907874260815438e-05, 'epoch': 1.21}

 40%|████      | 1300/3213 [03:41<05:47,  5.50it/s]
 40%|████      | 1301/3213 [03:41<05:58,  5.34it/s]
 41%|████      | 1302/3213 [03:41<05:39,  5.63it/s]
 41%|████      | 1303/3213 [03:41<05:49,  5.46it/s]
 41%|████      | 1304/3213 [03:41<05:57,  5.34it/s]
 41%|████      | 1305/3213 [03:42<05:33,  5.71it/s]
 41%|████      | 1306/3213 [03:42<05:49,  5.46it/s]
 41%|████      | 1307/3213 [03:42<05:42,  5.57it/s]
 41%|████      | 1308/3213 [03:42<06:10,  5.15it/s]
 41%|████      | 1309/3213 [03:42<06:00,  5.29it/s]
 41%|████      | 1310/3213 [03:43<05:53,  5.38it/s]
 41%|████      | 1311/3213 [03:43<06:18,  5.03it/s]
 41%|████      | 1312/3213 [03:43<05:52,  5.40it/s]
 41%|████      | 1313/3213 [03:43<05:39,  5.59it/s]
 41%|████      | 1314/3213 [03:43<06:00,  5.27it/s]
 41%|████      | 1315/3213 [03:43<05:51,  5.39it/s]
 41%|████      | 1316/3213 [03:44<06:06,  5.18it/s]
 41%|████      | 1317/3213 [03:44<06:11,  5.11it/s]
 41%|████      | 1318/3213 [03:44<05:42,  5.54it/s]
 41%|████      | 1319/3213 [03:44<05:32,  5.69it/s]
 41%|████      | 1320/3213 [03:44<05:20,  5.90it/s]
 41%|████      | 1321/3213 [03:45<05:21,  5.89it/s]
 41%|████      | 1322/3213 [03:45<05:36,  5.62it/s]
 41%|████      | 1323/3213 [03:45<05:33,  5.66it/s]
 41%|████      | 1324/3213 [03:45<05:16,  5.97it/s]
 41%|████      | 1325/3213 [03:45<05:08,  6.13it/s]
 41%|████▏     | 1326/3213 [03:45<05:04,  6.20it/s]
 41%|████▏     | 1327/3213 [03:45<04:57,  6.33it/s]
 41%|████▏     | 1328/3213 [03:46<04:55,  6.39it/s]
 41%|████▏     | 1329/3213 [03:46<04:42,  6.66it/s]
 41%|████▏     | 1330/3213 [03:46<05:03,  6.20it/s]
 41%|████▏     | 1331/3213 [03:46<04:50,  6.48it/s]
 41%|████▏     | 1332/3213 [03:46<04:48,  6.53it/s]
 41%|████▏     | 1333/3213 [03:46<05:06,  6.14it/s]
 42%|████▏     | 1334/3213 [03:47<04:45,  6.59it/s]
 42%|████▏     | 1335/3213 [03:47<05:11,  6.03it/s]
 42%|████▏     | 1336/3213 [03:47<04:53,  6.39it/s]
 42%|████▏     | 1337/3213 [03:47<05:09,  6.07it/s]
 42%|████▏     | 1338/3213 [03:47<04:48,  6.49it/s]
 42%|████▏     | 1339/3213 [03:47<04:54,  6.36it/s]
 42%|████▏     | 1340/3213 [03:47<04:31,  6.89it/s]
 42%|████▏     | 1341/3213 [03:48<04:25,  7.06it/s]
 42%|████▏     | 1342/3213 [03:48<04:30,  6.91it/s]
 42%|████▏     | 1343/3213 [03:48<04:38,  6.72it/s]
 42%|████▏     | 1344/3213 [03:48<04:31,  6.88it/s]
 42%|████▏     | 1345/3213 [03:48<04:32,  6.86it/s]
 42%|████▏     | 1346/3213 [03:48<04:25,  7.04it/s]
 42%|████▏     | 1347/3213 [03:48<04:24,  7.07it/s]
 42%|████▏     | 1348/3213 [03:49<04:20,  7.15it/s]
 42%|████▏     | 1349/3213 [03:49<04:20,  7.15it/s]
 42%|████▏     | 1350/3213 [03:49<04:11,  7.40it/s]
                                                   
{'loss': 0.2057, 'grad_norm': 0.348280131816864, 'learning_rate': 1.1596638655462186e-05, 'epoch': 1.26}

 42%|████▏     | 1350/3213 [03:49<04:11,  7.40it/s]
 42%|████▏     | 1351/3213 [03:49<04:17,  7.22it/s]
 42%|████▏     | 1352/3213 [03:49<04:21,  7.11it/s]
 42%|████▏     | 1353/3213 [03:49<04:32,  6.82it/s]
 42%|████▏     | 1354/3213 [03:49<04:16,  7.26it/s]
 42%|████▏     | 1355/3213 [03:50<04:10,  7.42it/s]
 42%|████▏     | 1356/3213 [03:50<04:10,  7.41it/s]
 42%|████▏     | 1357/3213 [03:50<04:20,  7.12it/s]
 42%|████▏     | 1358/3213 [03:50<04:21,  7.09it/s]
 42%|████▏     | 1359/3213 [03:50<04:37,  6.68it/s]
 42%|████▏     | 1360/3213 [03:50<04:44,  6.52it/s]
 42%|████▏     | 1361/3213 [03:50<04:40,  6.60it/s]
 42%|████▏     | 1362/3213 [03:51<04:31,  6.81it/s]
 42%|████▏     | 1363/3213 [03:51<04:22,  7.05it/s]
 42%|████▏     | 1364/3213 [03:51<04:24,  6.99it/s]
 42%|████▏     | 1365/3213 [03:51<04:39,  6.60it/s]
 43%|████▎     | 1366/3213 [03:51<04:25,  6.97it/s]
 43%|████▎     | 1367/3213 [03:51<04:10,  7.37it/s]
 43%|████▎     | 1368/3213 [03:51<04:17,  7.17it/s]
 43%|████▎     | 1369/3213 [03:52<04:24,  6.98it/s]
 43%|████▎     | 1370/3213 [03:52<04:14,  7.25it/s]
 43%|████▎     | 1371/3213 [03:52<04:18,  7.12it/s]
 43%|████▎     | 1372/3213 [03:52<04:30,  6.80it/s]
 43%|████▎     | 1373/3213 [03:52<04:27,  6.87it/s]
 43%|████▎     | 1374/3213 [03:52<04:57,  6.18it/s]
 43%|████▎     | 1375/3213 [03:53<04:46,  6.41it/s]
 43%|████▎     | 1376/3213 [03:53<04:57,  6.18it/s]
 43%|████▎     | 1377/3213 [03:53<04:50,  6.32it/s]
 43%|████▎     | 1378/3213 [03:53<04:46,  6.42it/s]
 43%|████▎     | 1379/3213 [03:53<04:59,  6.13it/s]
 43%|████▎     | 1380/3213 [03:53<04:50,  6.31it/s]
 43%|████▎     | 1381/3213 [03:53<04:45,  6.43it/s]
 43%|████▎     | 1382/3213 [03:54<04:37,  6.60it/s]
 43%|████▎     | 1383/3213 [03:54<04:37,  6.59it/s]
 43%|████▎     | 1384/3213 [03:54<04:43,  6.44it/s]
 43%|████▎     | 1385/3213 [03:54<04:39,  6.53it/s]
 43%|████▎     | 1386/3213 [03:54<05:05,  5.99it/s]
 43%|████▎     | 1387/3213 [03:54<04:49,  6.30it/s]
 43%|████▎     | 1388/3213 [03:55<04:42,  6.45it/s]
 43%|████▎     | 1389/3213 [03:55<04:35,  6.62it/s]
 43%|████▎     | 1390/3213 [03:55<04:27,  6.82it/s]
 43%|████▎     | 1391/3213 [03:55<04:33,  6.67it/s]
 43%|████▎     | 1392/3213 [03:55<04:19,  7.03it/s]
 43%|████▎     | 1393/3213 [03:55<04:38,  6.54it/s]
 43%|████▎     | 1394/3213 [03:55<04:31,  6.71it/s]
 43%|████▎     | 1395/3213 [03:56<04:36,  6.57it/s]
 43%|████▎     | 1396/3213 [03:56<04:30,  6.71it/s]
 43%|████▎     | 1397/3213 [03:56<04:29,  6.73it/s]
 44%|████▎     | 1398/3213 [03:56<04:26,  6.80it/s]
 44%|████▎     | 1399/3213 [03:56<04:20,  6.96it/s]
 44%|████▎     | 1400/3213 [03:56<04:16,  7.08it/s]
                                                   
{'loss': 0.1875, 'grad_norm': 0.4307329058647156, 'learning_rate': 1.1285403050108935e-05, 'epoch': 1.31}

 44%|████▎     | 1400/3213 [03:56<04:16,  7.08it/s]
 44%|████▎     | 1401/3213 [03:56<04:31,  6.66it/s]
 44%|████▎     | 1402/3213 [03:57<04:25,  6.82it/s]
 44%|████▎     | 1403/3213 [03:57<04:40,  6.45it/s]
 44%|████▎     | 1404/3213 [03:57<04:27,  6.77it/s]
 44%|████▎     | 1405/3213 [03:57<04:30,  6.69it/s]
 44%|████▍     | 1406/3213 [03:57<04:27,  6.75it/s]
 44%|████▍     | 1407/3213 [03:57<04:26,  6.79it/s]
 44%|████▍     | 1408/3213 [03:58<04:14,  7.10it/s]
 44%|████▍     | 1409/3213 [03:58<04:10,  7.21it/s]
 44%|████▍     | 1410/3213 [03:58<04:13,  7.12it/s]
 44%|████▍     | 1411/3213 [03:58<04:06,  7.31it/s]
 44%|████▍     | 1412/3213 [03:58<04:09,  7.23it/s]
 44%|████▍     | 1413/3213 [03:58<04:14,  7.08it/s]
 44%|████▍     | 1414/3213 [03:58<04:23,  6.84it/s]
 44%|████▍     | 1415/3213 [03:59<04:21,  6.87it/s]
 44%|████▍     | 1416/3213 [03:59<04:36,  6.50it/s]
 44%|████▍     | 1417/3213 [03:59<04:31,  6.61it/s]
 44%|████▍     | 1418/3213 [03:59<04:27,  6.72it/s]
 44%|████▍     | 1419/3213 [03:59<04:31,  6.60it/s]
 44%|████▍     | 1420/3213 [03:59<04:41,  6.37it/s]
 44%|████▍     | 1421/3213 [03:59<04:31,  6.60it/s]
 44%|████▍     | 1422/3213 [04:00<04:27,  6.69it/s]
 44%|████▍     | 1423/3213 [04:00<04:45,  6.27it/s]
 44%|████▍     | 1424/3213 [04:00<04:39,  6.40it/s]
 44%|████▍     | 1425/3213 [04:00<04:37,  6.43it/s]
 44%|████▍     | 1426/3213 [04:00<04:29,  6.62it/s]
 44%|████▍     | 1427/3213 [04:00<04:35,  6.47it/s]
 44%|████▍     | 1428/3213 [04:01<04:39,  6.39it/s]
 44%|████▍     | 1429/3213 [04:01<04:34,  6.50it/s]
 45%|████▍     | 1430/3213 [04:01<04:32,  6.54it/s]
 45%|████▍     | 1431/3213 [04:01<04:34,  6.49it/s]
 45%|████▍     | 1432/3213 [04:01<04:32,  6.53it/s]
 45%|████▍     | 1433/3213 [04:01<04:31,  6.56it/s]
 45%|████▍     | 1434/3213 [04:01<04:27,  6.64it/s]
 45%|████▍     | 1435/3213 [04:02<04:54,  6.03it/s]
 45%|████▍     | 1436/3213 [04:02<04:49,  6.14it/s]
 45%|████▍     | 1437/3213 [04:02<05:01,  5.88it/s]
 45%|████▍     | 1438/3213 [04:02<04:44,  6.25it/s]
 45%|████▍     | 1439/3213 [04:02<05:41,  5.20it/s]
 45%|████▍     | 1440/3213 [04:03<05:23,  5.48it/s]
 45%|████▍     | 1441/3213 [04:03<05:27,  5.41it/s]
 45%|████▍     | 1442/3213 [04:03<05:14,  5.63it/s]
 45%|████▍     | 1443/3213 [04:03<05:19,  5.53it/s]
 45%|████▍     | 1444/3213 [04:03<05:19,  5.54it/s]
 45%|████▍     | 1445/3213 [04:03<05:08,  5.73it/s]
 45%|████▌     | 1446/3213 [04:04<05:04,  5.81it/s]
 45%|████▌     | 1447/3213 [04:04<04:47,  6.14it/s]
 45%|████▌     | 1448/3213 [04:04<05:12,  5.65it/s]
 45%|████▌     | 1449/3213 [04:04<05:00,  5.87it/s]
 45%|████▌     | 1450/3213 [04:04<04:45,  6.17it/s]
                                                   
{'loss': 0.199, 'grad_norm': 0.3706144094467163, 'learning_rate': 1.0974167444755681e-05, 'epoch': 1.35}

 45%|████▌     | 1450/3213 [04:04<04:45,  6.17it/s]
 45%|████▌     | 1451/3213 [04:04<04:40,  6.28it/s]
 45%|████▌     | 1452/3213 [04:05<04:42,  6.23it/s]
 45%|████▌     | 1453/3213 [04:05<05:00,  5.85it/s]
 45%|████▌     | 1454/3213 [04:05<05:07,  5.73it/s]
 45%|████▌     | 1455/3213 [04:05<04:59,  5.88it/s]
 45%|████▌     | 1456/3213 [04:05<04:42,  6.21it/s]
 45%|████▌     | 1457/3213 [04:05<04:35,  6.37it/s]
 45%|████▌     | 1458/3213 [04:06<04:30,  6.48it/s]
 45%|████▌     | 1459/3213 [04:06<04:26,  6.59it/s]
 45%|████▌     | 1460/3213 [04:06<04:29,  6.52it/s]
 45%|████▌     | 1461/3213 [04:06<04:27,  6.55it/s]
 46%|████▌     | 1462/3213 [04:06<04:19,  6.75it/s]
 46%|████▌     | 1463/3213 [04:06<04:24,  6.61it/s]
 46%|████▌     | 1464/3213 [04:06<04:43,  6.18it/s]
 46%|████▌     | 1465/3213 [04:07<04:39,  6.25it/s]
 46%|████▌     | 1466/3213 [04:07<04:55,  5.90it/s]
 46%|████▌     | 1467/3213 [04:07<04:54,  5.92it/s]
 46%|████▌     | 1468/3213 [04:07<04:45,  6.11it/s]
 46%|████▌     | 1469/3213 [04:07<05:03,  5.75it/s]
 46%|████▌     | 1470/3213 [04:07<04:51,  5.99it/s]
 46%|████▌     | 1471/3213 [04:08<04:55,  5.90it/s]
 46%|████▌     | 1472/3213 [04:08<04:53,  5.94it/s]
 46%|████▌     | 1473/3213 [04:08<04:41,  6.18it/s]
 46%|████▌     | 1474/3213 [04:08<05:04,  5.72it/s]
 46%|████▌     | 1475/3213 [04:08<04:57,  5.83it/s]
 46%|████▌     | 1476/3213 [04:09<05:08,  5.64it/s]
 46%|████▌     | 1477/3213 [04:09<04:52,  5.94it/s]
 46%|████▌     | 1478/3213 [04:09<04:44,  6.11it/s]
 46%|████▌     | 1479/3213 [04:09<04:42,  6.15it/s]
 46%|████▌     | 1480/3213 [04:09<04:47,  6.02it/s]
 46%|████▌     | 1481/3213 [04:09<04:34,  6.30it/s]
 46%|████▌     | 1482/3213 [04:09<04:23,  6.57it/s]
 46%|████▌     | 1483/3213 [04:10<04:27,  6.47it/s]
 46%|████▌     | 1484/3213 [04:10<04:24,  6.55it/s]
 46%|████▌     | 1485/3213 [04:10<04:27,  6.45it/s]
 46%|████▌     | 1486/3213 [04:10<06:05,  4.72it/s]
 46%|████▋     | 1487/3213 [04:10<05:28,  5.26it/s]
 46%|████▋     | 1488/3213 [04:11<05:41,  5.05it/s]
 46%|████▋     | 1489/3213 [04:11<07:31,  3.82it/s]
 46%|████▋     | 1490/3213 [04:11<07:26,  3.86it/s]
 46%|████▋     | 1491/3213 [04:11<06:56,  4.14it/s]
 46%|████▋     | 1492/3213 [04:12<06:05,  4.71it/s]
 46%|████▋     | 1493/3213 [04:12<05:42,  5.02it/s]
 46%|████▋     | 1494/3213 [04:12<05:15,  5.44it/s]
 47%|████▋     | 1495/3213 [04:12<05:35,  5.12it/s]
 47%|████▋     | 1496/3213 [04:12<05:22,  5.33it/s]
 47%|████▋     | 1497/3213 [04:13<05:45,  4.96it/s]
 47%|████▋     | 1498/3213 [04:13<05:25,  5.27it/s]
 47%|████▋     | 1499/3213 [04:13<05:16,  5.41it/s]
 47%|████▋     | 1500/3213 [04:13<05:05,  5.60it/s]
                                                   
{'loss': 0.2015, 'grad_norm': 0.4972718060016632, 'learning_rate': 1.0662931839402428e-05, 'epoch': 1.4}

 47%|████▋     | 1500/3213 [04:13<05:05,  5.60it/s]
 47%|████▋     | 1501/3213 [04:13<05:16,  5.40it/s]
 47%|████▋     | 1502/3213 [04:14<06:30,  4.38it/s]
 47%|████▋     | 1503/3213 [04:14<06:11,  4.60it/s]
 47%|████▋     | 1504/3213 [04:14<05:29,  5.19it/s]
 47%|████▋     | 1505/3213 [04:14<05:11,  5.49it/s]
 47%|████▋     | 1506/3213 [04:14<05:12,  5.47it/s]
 47%|████▋     | 1507/3213 [04:14<05:20,  5.33it/s]
 47%|████▋     | 1508/3213 [04:15<05:06,  5.56it/s]
 47%|████▋     | 1509/3213 [04:15<05:05,  5.58it/s]
 47%|████▋     | 1510/3213 [04:15<04:53,  5.80it/s]
 47%|████▋     | 1511/3213 [04:15<04:38,  6.10it/s]
 47%|████▋     | 1512/3213 [04:15<04:22,  6.48it/s]
 47%|████▋     | 1513/3213 [04:15<04:10,  6.78it/s]
 47%|████▋     | 1514/3213 [04:16<04:21,  6.49it/s]
 47%|████▋     | 1515/3213 [04:16<04:07,  6.85it/s]
 47%|████▋     | 1516/3213 [04:16<04:18,  6.58it/s]
 47%|████▋     | 1517/3213 [04:16<04:01,  7.03it/s]
 47%|████▋     | 1518/3213 [04:16<04:27,  6.33it/s]
 47%|████▋     | 1519/3213 [04:16<04:17,  6.59it/s]
 47%|████▋     | 1520/3213 [04:16<04:35,  6.15it/s]
 47%|████▋     | 1521/3213 [04:17<04:16,  6.60it/s]
 47%|████▋     | 1522/3213 [04:17<04:31,  6.22it/s]
 47%|████▋     | 1523/3213 [04:17<04:31,  6.22it/s]
 47%|████▋     | 1524/3213 [04:17<04:20,  6.47it/s]
 47%|████▋     | 1525/3213 [04:17<04:29,  6.26it/s]
 47%|████▋     | 1526/3213 [04:17<04:21,  6.45it/s]
 48%|████▊     | 1527/3213 [04:18<04:14,  6.62it/s]
 48%|████▊     | 1528/3213 [04:18<04:23,  6.39it/s]
 48%|████▊     | 1529/3213 [04:18<04:33,  6.16it/s]
 48%|████▊     | 1530/3213 [04:18<04:20,  6.45it/s]
 48%|████▊     | 1531/3213 [04:18<04:26,  6.30it/s]
 48%|████▊     | 1532/3213 [04:18<04:38,  6.04it/s]
 48%|████▊     | 1533/3213 [04:19<04:41,  5.96it/s]
 48%|████▊     | 1534/3213 [04:19<04:31,  6.18it/s]
 48%|████▊     | 1535/3213 [04:19<04:08,  6.74it/s]
 48%|████▊     | 1536/3213 [04:19<04:12,  6.64it/s]
 48%|████▊     | 1537/3213 [04:19<03:54,  7.15it/s]
 48%|████▊     | 1538/3213 [04:19<03:48,  7.33it/s]
 48%|████▊     | 1539/3213 [04:19<03:49,  7.29it/s]
 48%|████▊     | 1540/3213 [04:19<03:38,  7.65it/s]
 48%|████▊     | 1541/3213 [04:20<04:04,  6.85it/s]
 48%|████▊     | 1542/3213 [04:20<04:00,  6.95it/s]
 48%|████▊     | 1543/3213 [04:20<03:53,  7.14it/s]
 48%|████▊     | 1544/3213 [04:20<04:01,  6.90it/s]
 48%|████▊     | 1545/3213 [04:20<04:10,  6.67it/s]
 48%|████▊     | 1546/3213 [04:20<03:59,  6.95it/s]
 48%|████▊     | 1547/3213 [04:20<04:02,  6.88it/s]
 48%|████▊     | 1548/3213 [04:21<04:02,  6.87it/s]
 48%|████▊     | 1549/3213 [04:21<03:55,  7.08it/s]
 48%|████▊     | 1550/3213 [04:21<04:10,  6.63it/s]
                                                   
{'loss': 0.2006, 'grad_norm': 0.41072678565979004, 'learning_rate': 1.0351696234049176e-05, 'epoch': 1.45}

 48%|████▊     | 1550/3213 [04:21<04:10,  6.63it/s]
 48%|████▊     | 1551/3213 [04:21<03:58,  6.97it/s]
 48%|████▊     | 1552/3213 [04:21<03:50,  7.20it/s]
 48%|████▊     | 1553/3213 [04:21<03:58,  6.96it/s]
 48%|████▊     | 1554/3213 [04:22<04:02,  6.83it/s]
 48%|████▊     | 1555/3213 [04:22<03:58,  6.96it/s]
 48%|████▊     | 1556/3213 [04:22<04:07,  6.70it/s]
 48%|████▊     | 1557/3213 [04:22<03:54,  7.08it/s]
 48%|████▊     | 1558/3213 [04:22<04:21,  6.33it/s]
 49%|████▊     | 1559/3213 [04:22<04:16,  6.44it/s]
 49%|████▊     | 1560/3213 [04:22<04:15,  6.46it/s]
 49%|████▊     | 1561/3213 [04:23<04:19,  6.36it/s]
 49%|████▊     | 1562/3213 [04:23<04:15,  6.47it/s]
 49%|████▊     | 1563/3213 [04:23<04:17,  6.41it/s]
 49%|████▊     | 1564/3213 [04:23<04:18,  6.38it/s]
 49%|████▊     | 1565/3213 [04:23<04:01,  6.81it/s]
 49%|████▊     | 1566/3213 [04:23<03:52,  7.09it/s]
 49%|████▉     | 1567/3213 [04:23<03:50,  7.13it/s]
 49%|████▉     | 1568/3213 [04:24<04:00,  6.84it/s]
 49%|████▉     | 1569/3213 [04:24<04:34,  5.99it/s]
 49%|████▉     | 1570/3213 [04:24<04:20,  6.30it/s]
 49%|████▉     | 1571/3213 [04:24<04:09,  6.58it/s]
 49%|████▉     | 1572/3213 [04:24<04:13,  6.48it/s]
 49%|████▉     | 1573/3213 [04:24<04:08,  6.61it/s]
 49%|████▉     | 1574/3213 [04:25<04:07,  6.63it/s]
 49%|████▉     | 1575/3213 [04:25<04:09,  6.55it/s]
 49%|████▉     | 1576/3213 [04:25<03:58,  6.85it/s]
 49%|████▉     | 1577/3213 [04:25<03:57,  6.89it/s]
 49%|████▉     | 1578/3213 [04:25<03:49,  7.12it/s]
 49%|████▉     | 1579/3213 [04:25<03:54,  6.95it/s]
 49%|████▉     | 1580/3213 [04:25<03:47,  7.19it/s]
 49%|████▉     | 1581/3213 [04:26<04:03,  6.70it/s]
 49%|████▉     | 1582/3213 [04:26<03:46,  7.21it/s]
 49%|████▉     | 1583/3213 [04:26<03:50,  7.07it/s]
 49%|████▉     | 1584/3213 [04:26<03:58,  6.83it/s]
 49%|████▉     | 1585/3213 [04:26<04:08,  6.54it/s]
 49%|████▉     | 1586/3213 [04:26<04:06,  6.60it/s]
 49%|████▉     | 1587/3213 [04:26<04:03,  6.68it/s]
 49%|████▉     | 1588/3213 [04:27<04:01,  6.72it/s]
 49%|████▉     | 1589/3213 [04:27<03:50,  7.06it/s]
 49%|████▉     | 1590/3213 [04:27<04:01,  6.73it/s]
 50%|████▉     | 1591/3213 [04:27<04:00,  6.76it/s]
 50%|████▉     | 1592/3213 [04:27<03:50,  7.03it/s]
 50%|████▉     | 1593/3213 [04:27<03:43,  7.26it/s]
 50%|████▉     | 1594/3213 [04:27<03:37,  7.44it/s]
 50%|████▉     | 1595/3213 [04:28<03:45,  7.18it/s]
 50%|████▉     | 1596/3213 [04:28<03:44,  7.21it/s]
 50%|████▉     | 1597/3213 [04:28<03:44,  7.20it/s]
 50%|████▉     | 1598/3213 [04:28<03:55,  6.85it/s]
 50%|████▉     | 1599/3213 [04:28<03:48,  7.06it/s]
 50%|████▉     | 1600/3213 [04:28<04:00,  6.71it/s]
                                                   
{'loss': 0.1955, 'grad_norm': 0.41085508465766907, 'learning_rate': 1.0040460628695923e-05, 'epoch': 1.49}

 50%|████▉     | 1600/3213 [04:28<04:00,  6.71it/s]
 50%|████▉     | 1601/3213 [04:28<04:03,  6.62it/s]
 50%|████▉     | 1602/3213 [04:29<04:01,  6.68it/s]
 50%|████▉     | 1603/3213 [04:29<03:56,  6.81it/s]
 50%|████▉     | 1604/3213 [04:29<03:41,  7.26it/s]
 50%|████▉     | 1605/3213 [04:29<03:38,  7.37it/s]
 50%|████▉     | 1606/3213 [04:29<03:33,  7.53it/s]
 50%|█████     | 1607/3213 [04:29<03:29,  7.65it/s]
 50%|█████     | 1608/3213 [04:29<03:33,  7.51it/s]
 50%|█████     | 1609/3213 [04:30<03:32,  7.57it/s]
 50%|█████     | 1610/3213 [04:30<03:34,  7.46it/s]
 50%|█████     | 1611/3213 [04:30<03:28,  7.67it/s]
 50%|█████     | 1612/3213 [04:30<03:38,  7.32it/s]
 50%|█████     | 1613/3213 [04:30<04:02,  6.61it/s]
 50%|█████     | 1614/3213 [04:30<03:54,  6.82it/s]
 50%|█████     | 1615/3213 [04:30<03:52,  6.88it/s]
 50%|█████     | 1616/3213 [04:31<03:41,  7.21it/s]
 50%|█████     | 1617/3213 [04:31<03:57,  6.72it/s]
 50%|█████     | 1618/3213 [04:31<03:56,  6.74it/s]
 50%|█████     | 1619/3213 [04:31<03:56,  6.75it/s]
 50%|█████     | 1620/3213 [04:31<03:51,  6.87it/s]
 50%|█████     | 1621/3213 [04:31<03:36,  7.35it/s]
 50%|█████     | 1622/3213 [04:31<03:35,  7.40it/s]
 51%|█████     | 1623/3213 [04:32<03:49,  6.94it/s]
 51%|█████     | 1624/3213 [04:32<03:32,  7.49it/s]
 51%|█████     | 1625/3213 [04:32<03:32,  7.47it/s]
 51%|█████     | 1626/3213 [04:32<03:42,  7.12it/s]
 51%|█████     | 1627/3213 [04:32<03:33,  7.43it/s]
 51%|█████     | 1628/3213 [04:32<03:40,  7.20it/s]
 51%|█████     | 1629/3213 [04:32<03:52,  6.80it/s]
 51%|█████     | 1630/3213 [04:33<03:53,  6.77it/s]
 51%|█████     | 1631/3213 [04:33<03:52,  6.81it/s]
 51%|█████     | 1632/3213 [04:33<04:06,  6.43it/s]
 51%|█████     | 1633/3213 [04:33<03:43,  7.07it/s]
 51%|█████     | 1634/3213 [04:33<03:41,  7.12it/s]
 51%|█████     | 1635/3213 [04:33<03:38,  7.21it/s]
 51%|█████     | 1636/3213 [04:33<03:29,  7.53it/s]
 51%|█████     | 1637/3213 [04:33<03:30,  7.50it/s]
 51%|█████     | 1638/3213 [04:34<03:25,  7.67it/s]
 51%|█████     | 1639/3213 [04:34<03:29,  7.52it/s]
 51%|█████     | 1640/3213 [04:34<03:40,  7.15it/s]
 51%|█████     | 1641/3213 [04:34<03:41,  7.10it/s]
 51%|█████     | 1642/3213 [04:34<03:59,  6.56it/s]
 51%|█████     | 1643/3213 [04:34<03:53,  6.73it/s]
 51%|█████     | 1644/3213 [04:34<03:37,  7.21it/s]
 51%|█████     | 1645/3213 [04:35<03:40,  7.12it/s]
 51%|█████     | 1646/3213 [04:35<03:37,  7.22it/s]
 51%|█████▏    | 1647/3213 [04:35<03:30,  7.44it/s]
 51%|█████▏    | 1648/3213 [04:35<03:22,  7.74it/s]
 51%|█████▏    | 1649/3213 [04:35<03:20,  7.80it/s]
 51%|█████▏    | 1650/3213 [04:35<03:19,  7.84it/s]
                                                   
{'loss': 0.1999, 'grad_norm': 0.41104656457901, 'learning_rate': 9.729225023342671e-06, 'epoch': 1.54}

 51%|█████▏    | 1650/3213 [04:35<03:19,  7.84it/s]
 51%|█████▏    | 1651/3213 [04:35<03:24,  7.64it/s]
 51%|█████▏    | 1652/3213 [04:36<03:21,  7.76it/s]
 51%|█████▏    | 1653/3213 [04:36<03:20,  7.76it/s]
 51%|█████▏    | 1654/3213 [04:36<03:28,  7.46it/s]
 52%|█████▏    | 1655/3213 [04:36<03:39,  7.11it/s]
 52%|█████▏    | 1656/3213 [04:36<03:45,  6.91it/s]
 52%|█████▏    | 1657/3213 [04:36<04:07,  6.29it/s]
 52%|█████▏    | 1658/3213 [04:36<03:58,  6.51it/s]
 52%|█████▏    | 1659/3213 [04:37<03:58,  6.51it/s]
 52%|█████▏    | 1660/3213 [04:37<04:03,  6.37it/s]
 52%|█████▏    | 1661/3213 [04:37<04:04,  6.36it/s]
 52%|█████▏    | 1662/3213 [04:37<04:00,  6.44it/s]
 52%|█████▏    | 1663/3213 [04:37<03:49,  6.75it/s]
 52%|█████▏    | 1664/3213 [04:37<03:39,  7.07it/s]
 52%|█████▏    | 1665/3213 [04:37<03:33,  7.26it/s]
 52%|█████▏    | 1666/3213 [04:38<03:35,  7.18it/s]
 52%|█████▏    | 1667/3213 [04:38<03:42,  6.95it/s]
 52%|█████▏    | 1668/3213 [04:38<03:54,  6.60it/s]
 52%|█████▏    | 1669/3213 [04:38<03:40,  7.02it/s]
 52%|█████▏    | 1670/3213 [04:38<03:59,  6.44it/s]
 52%|█████▏    | 1671/3213 [04:38<03:50,  6.69it/s]
 52%|█████▏    | 1672/3213 [04:38<03:52,  6.63it/s]
 52%|█████▏    | 1673/3213 [04:39<03:46,  6.81it/s]
 52%|█████▏    | 1674/3213 [04:39<03:47,  6.77it/s]
 52%|█████▏    | 1675/3213 [04:39<03:41,  6.93it/s]
 52%|█████▏    | 1676/3213 [04:39<03:26,  7.43it/s]
 52%|█████▏    | 1677/3213 [04:39<03:33,  7.21it/s]
 52%|█████▏    | 1678/3213 [04:39<03:27,  7.39it/s]
 52%|█████▏    | 1679/3213 [04:39<03:27,  7.39it/s]
 52%|█████▏    | 1680/3213 [04:40<03:34,  7.14it/s]
 52%|█████▏    | 1681/3213 [04:40<03:29,  7.32it/s]
 52%|█████▏    | 1682/3213 [04:40<03:28,  7.34it/s]
 52%|█████▏    | 1683/3213 [04:40<03:37,  7.02it/s]
 52%|█████▏    | 1684/3213 [04:40<03:44,  6.81it/s]
 52%|█████▏    | 1685/3213 [04:40<03:53,  6.55it/s]
 52%|█████▏    | 1686/3213 [04:40<03:36,  7.07it/s]
 53%|█████▎    | 1687/3213 [04:41<03:31,  7.21it/s]
 53%|█████▎    | 1688/3213 [04:41<03:25,  7.44it/s]
 53%|█████▎    | 1689/3213 [04:41<03:35,  7.07it/s]
 53%|█████▎    | 1690/3213 [04:41<03:27,  7.34it/s]
 53%|█████▎    | 1691/3213 [04:41<03:23,  7.50it/s]
 53%|█████▎    | 1692/3213 [04:41<03:18,  7.66it/s]
 53%|█████▎    | 1693/3213 [04:41<03:19,  7.64it/s]
 53%|█████▎    | 1694/3213 [04:42<03:17,  7.71it/s]
 53%|█████▎    | 1695/3213 [04:42<03:24,  7.41it/s]
 53%|█████▎    | 1696/3213 [04:42<03:27,  7.31it/s]
 53%|█████▎    | 1697/3213 [04:42<03:41,  6.84it/s]
 53%|█████▎    | 1698/3213 [04:42<03:27,  7.30it/s]
 53%|█████▎    | 1699/3213 [04:42<03:47,  6.64it/s]
 53%|█████▎    | 1700/3213 [04:42<03:46,  6.68it/s]
                                                   
{'loss': 0.1962, 'grad_norm': 0.43083885312080383, 'learning_rate': 9.417989417989418e-06, 'epoch': 1.59}

 53%|█████▎    | 1700/3213 [04:42<03:46,  6.68it/s]
 53%|█████▎    | 1701/3213 [04:43<03:35,  7.02it/s]
 53%|█████▎    | 1702/3213 [04:43<03:38,  6.93it/s]
 53%|█████▎    | 1703/3213 [04:43<03:39,  6.89it/s]
 53%|█████▎    | 1704/3213 [04:43<03:30,  7.18it/s]
 53%|█████▎    | 1705/3213 [04:43<03:37,  6.93it/s]
 53%|█████▎    | 1706/3213 [04:43<03:40,  6.84it/s]
 53%|█████▎    | 1707/3213 [04:43<03:22,  7.43it/s]
 53%|█████▎    | 1708/3213 [04:44<03:31,  7.12it/s]
 53%|█████▎    | 1709/3213 [04:44<03:17,  7.63it/s]
 53%|█████▎    | 1710/3213 [04:44<03:15,  7.69it/s]
 53%|█████▎    | 1711/3213 [04:44<03:18,  7.57it/s]
 53%|█████▎    | 1712/3213 [04:44<03:30,  7.12it/s]
 53%|█████▎    | 1713/3213 [04:44<03:48,  6.56it/s]
 53%|█████▎    | 1714/3213 [04:44<03:48,  6.55it/s]
 53%|█████▎    | 1715/3213 [04:45<03:34,  6.98it/s]
 53%|█████▎    | 1716/3213 [04:45<03:38,  6.87it/s]
 53%|█████▎    | 1717/3213 [04:45<03:33,  7.02it/s]
 53%|█████▎    | 1718/3213 [04:45<03:25,  7.26it/s]
 54%|█████▎    | 1719/3213 [04:45<03:21,  7.42it/s]
 54%|█████▎    | 1720/3213 [04:45<03:17,  7.56it/s]
 54%|█████▎    | 1721/3213 [04:45<03:15,  7.64it/s]
 54%|█████▎    | 1722/3213 [04:45<03:16,  7.58it/s]
 54%|█████▎    | 1723/3213 [04:46<03:21,  7.41it/s]
 54%|█████▎    | 1724/3213 [04:46<03:34,  6.93it/s]
 54%|█████▎    | 1725/3213 [04:46<03:49,  6.48it/s]
 54%|█████▎    | 1726/3213 [04:46<03:42,  6.69it/s]
 54%|█████▍    | 1727/3213 [04:46<03:57,  6.27it/s]
 54%|█████▍    | 1728/3213 [04:46<03:49,  6.48it/s]
 54%|█████▍    | 1729/3213 [04:47<03:46,  6.54it/s]
 54%|█████▍    | 1730/3213 [04:47<03:34,  6.91it/s]
 54%|█████▍    | 1731/3213 [04:47<03:37,  6.82it/s]
 54%|█████▍    | 1732/3213 [04:47<03:40,  6.71it/s]
 54%|█████▍    | 1733/3213 [04:47<03:30,  7.03it/s]
 54%|█████▍    | 1734/3213 [04:47<03:24,  7.25it/s]
 54%|█████▍    | 1735/3213 [04:47<03:21,  7.32it/s]
 54%|█████▍    | 1736/3213 [04:47<03:15,  7.56it/s]
 54%|█████▍    | 1737/3213 [04:48<03:26,  7.15it/s]
 54%|█████▍    | 1738/3213 [04:48<03:17,  7.47it/s]
 54%|█████▍    | 1739/3213 [04:48<03:28,  7.08it/s]
 54%|█████▍    | 1740/3213 [04:48<03:51,  6.37it/s]
 54%|█████▍    | 1741/3213 [04:48<03:40,  6.68it/s]
 54%|█████▍    | 1742/3213 [04:48<03:38,  6.73it/s]
 54%|█████▍    | 1743/3213 [04:49<03:31,  6.95it/s]
 54%|█████▍    | 1744/3213 [04:49<03:41,  6.63it/s]
 54%|█████▍    | 1745/3213 [04:49<03:41,  6.64it/s]
 54%|█████▍    | 1746/3213 [04:49<03:26,  7.09it/s]
 54%|█████▍    | 1747/3213 [04:49<03:19,  7.34it/s]
 54%|█████▍    | 1748/3213 [04:49<03:28,  7.03it/s]
 54%|█████▍    | 1749/3213 [04:49<03:21,  7.28it/s]
 54%|█████▍    | 1750/3213 [04:49<03:21,  7.27it/s]
                                                   
{'loss': 0.1969, 'grad_norm': 0.48093917965888977, 'learning_rate': 9.106753812636166e-06, 'epoch': 1.63}

 54%|█████▍    | 1750/3213 [04:50<03:21,  7.27it/s]
 54%|█████▍    | 1751/3213 [04:50<03:10,  7.69it/s]
 55%|█████▍    | 1752/3213 [04:50<03:08,  7.74it/s]
 55%|█████▍    | 1753/3213 [04:50<03:14,  7.52it/s]
 55%|█████▍    | 1754/3213 [04:50<03:17,  7.37it/s]
 55%|█████▍    | 1755/3213 [04:50<03:45,  6.48it/s]
 55%|█████▍    | 1756/3213 [04:50<03:31,  6.90it/s]
 55%|█████▍    | 1757/3213 [04:50<03:30,  6.93it/s]
 55%|█████▍    | 1758/3213 [04:51<03:35,  6.75it/s]
 55%|█████▍    | 1759/3213 [04:51<03:28,  6.98it/s]
 55%|█████▍    | 1760/3213 [04:51<03:31,  6.86it/s]
 55%|█████▍    | 1761/3213 [04:51<03:23,  7.14it/s]
 55%|█████▍    | 1762/3213 [04:51<03:28,  6.95it/s]
 55%|█████▍    | 1763/3213 [04:51<03:20,  7.22it/s]
 55%|█████▍    | 1764/3213 [04:51<03:20,  7.24it/s]
 55%|█████▍    | 1765/3213 [04:52<03:19,  7.27it/s]
 55%|█████▍    | 1766/3213 [04:52<03:18,  7.29it/s]
 55%|█████▍    | 1767/3213 [04:52<03:17,  7.33it/s]
 55%|█████▌    | 1768/3213 [04:52<03:23,  7.09it/s]
 55%|█████▌    | 1769/3213 [04:52<03:21,  7.16it/s]
 55%|█████▌    | 1770/3213 [04:52<03:37,  6.63it/s]
 55%|█████▌    | 1771/3213 [04:52<03:27,  6.95it/s]
 55%|█████▌    | 1772/3213 [04:53<03:27,  6.94it/s]
 55%|█████▌    | 1773/3213 [04:53<03:26,  6.97it/s]
 55%|█████▌    | 1774/3213 [04:53<03:12,  7.49it/s]
 55%|█████▌    | 1775/3213 [04:53<03:09,  7.59it/s]
 55%|█████▌    | 1776/3213 [04:53<03:07,  7.68it/s]
 55%|█████▌    | 1777/3213 [04:53<03:05,  7.76it/s]
 55%|█████▌    | 1778/3213 [04:53<03:08,  7.61it/s]
 55%|█████▌    | 1779/3213 [04:54<03:06,  7.70it/s]
 55%|█████▌    | 1780/3213 [04:54<03:08,  7.59it/s]
 55%|█████▌    | 1781/3213 [04:54<02:59,  7.96it/s]
 55%|█████▌    | 1782/3213 [04:54<03:13,  7.41it/s]
 55%|█████▌    | 1783/3213 [04:54<03:24,  7.01it/s]
 56%|█████▌    | 1784/3213 [04:54<03:29,  6.84it/s]
 56%|█████▌    | 1785/3213 [04:54<03:20,  7.13it/s]
 56%|█████▌    | 1786/3213 [04:54<03:12,  7.43it/s]
 56%|█████▌    | 1787/3213 [04:55<03:26,  6.91it/s]
 56%|█████▌    | 1788/3213 [04:55<03:15,  7.28it/s]
 56%|█████▌    | 1789/3213 [04:55<03:06,  7.63it/s]
 56%|█████▌    | 1790/3213 [04:55<03:07,  7.59it/s]
 56%|█████▌    | 1791/3213 [04:55<03:03,  7.77it/s]
 56%|█████▌    | 1792/3213 [04:55<03:02,  7.81it/s]
 56%|█████▌    | 1793/3213 [04:55<03:03,  7.72it/s]
 56%|█████▌    | 1794/3213 [04:56<03:09,  7.50it/s]
 56%|█████▌    | 1795/3213 [04:56<03:14,  7.28it/s]
 56%|█████▌    | 1796/3213 [04:56<03:14,  7.28it/s]
 56%|█████▌    | 1797/3213 [04:56<03:07,  7.57it/s]
 56%|█████▌    | 1798/3213 [04:56<03:23,  6.97it/s]
 56%|█████▌    | 1799/3213 [04:56<03:19,  7.10it/s]
 56%|█████▌    | 1800/3213 [04:56<03:20,  7.04it/s]
                                                   
{'loss': 0.2007, 'grad_norm': 0.4638751745223999, 'learning_rate': 8.795518207282914e-06, 'epoch': 1.68}

 56%|█████▌    | 1800/3213 [04:56<03:20,  7.04it/s]
 56%|█████▌    | 1801/3213 [04:57<03:16,  7.20it/s]
 56%|█████▌    | 1802/3213 [04:57<03:10,  7.39it/s]
 56%|█████▌    | 1803/3213 [04:57<03:15,  7.20it/s]
 56%|█████▌    | 1804/3213 [04:57<03:07,  7.53it/s]
 56%|█████▌    | 1805/3213 [04:57<03:22,  6.94it/s]
 56%|█████▌    | 1806/3213 [04:57<03:23,  6.91it/s]
 56%|█████▌    | 1807/3213 [04:57<03:14,  7.23it/s]
 56%|█████▋    | 1808/3213 [04:57<03:09,  7.42it/s]
 56%|█████▋    | 1809/3213 [04:58<03:08,  7.44it/s]
 56%|█████▋    | 1810/3213 [04:58<03:05,  7.56it/s]
 56%|█████▋    | 1811/3213 [04:58<03:06,  7.51it/s]
 56%|█████▋    | 1812/3213 [04:58<03:21,  6.94it/s]
 56%|█████▋    | 1813/3213 [04:58<03:37,  6.43it/s]
 56%|█████▋    | 1814/3213 [04:58<03:37,  6.45it/s]
 56%|█████▋    | 1815/3213 [04:58<03:18,  7.03it/s]
 57%|█████▋    | 1816/3213 [04:59<03:20,  6.98it/s]
 57%|█████▋    | 1817/3213 [04:59<03:25,  6.80it/s]
 57%|█████▋    | 1818/3213 [04:59<03:16,  7.10it/s]
 57%|█████▋    | 1819/3213 [04:59<03:09,  7.34it/s]
 57%|█████▋    | 1820/3213 [04:59<03:06,  7.47it/s]
 57%|█████▋    | 1821/3213 [04:59<03:03,  7.58it/s]
 57%|█████▋    | 1822/3213 [04:59<03:06,  7.47it/s]
 57%|█████▋    | 1823/3213 [05:00<03:03,  7.57it/s]
 57%|█████▋    | 1824/3213 [05:00<03:00,  7.68it/s]
 57%|█████▋    | 1825/3213 [05:00<02:58,  7.76it/s]
 57%|█████▋    | 1826/3213 [05:00<03:08,  7.36it/s]
 57%|█████▋    | 1827/3213 [05:00<03:08,  7.35it/s]
 57%|█████▋    | 1828/3213 [05:00<03:16,  7.04it/s]
 57%|█████▋    | 1829/3213 [05:00<03:16,  7.04it/s]
 57%|█████▋    | 1830/3213 [05:01<03:24,  6.78it/s]
 57%|█████▋    | 1831/3213 [05:01<03:27,  6.66it/s]
 57%|█████▋    | 1832/3213 [05:01<03:28,  6.63it/s]
 57%|█████▋    | 1833/3213 [05:01<03:25,  6.73it/s]
 57%|█████▋    | 1834/3213 [05:01<03:08,  7.30it/s]
 57%|█████▋    | 1835/3213 [05:01<03:06,  7.40it/s]
 57%|█████▋    | 1836/3213 [05:01<03:09,  7.26it/s]
 57%|█████▋    | 1837/3213 [05:02<03:07,  7.34it/s]
 57%|█████▋    | 1838/3213 [05:02<03:10,  7.24it/s]
 57%|█████▋    | 1839/3213 [05:02<03:00,  7.62it/s]
 57%|█████▋    | 1840/3213 [05:02<03:16,  6.97it/s]
 57%|█████▋    | 1841/3213 [05:02<03:28,  6.59it/s]
 57%|█████▋    | 1842/3213 [05:02<03:27,  6.61it/s]
 57%|█████▋    | 1843/3213 [05:02<03:33,  6.43it/s]
 57%|█████▋    | 1844/3213 [05:03<03:27,  6.58it/s]
 57%|█████▋    | 1845/3213 [05:03<03:28,  6.57it/s]
 57%|█████▋    | 1846/3213 [05:03<03:10,  7.17it/s]
 57%|█████▋    | 1847/3213 [05:03<03:05,  7.37it/s]
 58%|█████▊    | 1848/3213 [05:03<03:01,  7.53it/s]
 58%|█████▊    | 1849/3213 [05:03<02:58,  7.66it/s]
 58%|█████▊    | 1850/3213 [05:03<02:56,  7.71it/s]
                                                   
{'loss': 0.1886, 'grad_norm': 0.30107179284095764, 'learning_rate': 8.484282601929661e-06, 'epoch': 1.73}

 58%|█████▊    | 1850/3213 [05:03<02:56,  7.71it/s]
 58%|█████▊    | 1851/3213 [05:03<02:55,  7.75it/s]
 58%|█████▊    | 1852/3213 [05:04<02:54,  7.80it/s]
 58%|█████▊    | 1853/3213 [05:04<02:54,  7.78it/s]
 58%|█████▊    | 1854/3213 [05:04<02:58,  7.62it/s]
 58%|█████▊    | 1855/3213 [05:04<03:14,  7.00it/s]
 58%|█████▊    | 1856/3213 [05:04<03:06,  7.26it/s]
 58%|█████▊    | 1857/3213 [05:04<03:28,  6.49it/s]
 58%|█████▊    | 1858/3213 [05:04<03:12,  7.03it/s]
 58%|█████▊    | 1859/3213 [05:05<03:17,  6.87it/s]
 58%|█████▊    | 1860/3213 [05:05<03:25,  6.60it/s]
 58%|█████▊    | 1861/3213 [05:05<03:15,  6.93it/s]
 58%|█████▊    | 1862/3213 [05:05<03:08,  7.19it/s]
 58%|█████▊    | 1863/3213 [05:05<03:02,  7.39it/s]
 58%|█████▊    | 1864/3213 [05:05<03:01,  7.44it/s]
 58%|█████▊    | 1865/3213 [05:05<02:59,  7.53it/s]
 58%|█████▊    | 1866/3213 [05:06<02:55,  7.65it/s]
 58%|█████▊    | 1867/3213 [05:06<03:02,  7.37it/s]
 58%|█████▊    | 1868/3213 [05:06<03:00,  7.44it/s]
 58%|█████▊    | 1869/3213 [05:06<03:02,  7.37it/s]
 58%|█████▊    | 1870/3213 [05:06<03:09,  7.07it/s]
 58%|█████▊    | 1871/3213 [05:06<03:09,  7.10it/s]
 58%|█████▊    | 1872/3213 [05:06<03:08,  7.11it/s]
 58%|█████▊    | 1873/3213 [05:07<03:17,  6.77it/s]
 58%|█████▊    | 1874/3213 [05:07<03:02,  7.32it/s]
 58%|█████▊    | 1875/3213 [05:07<03:23,  6.57it/s]
 58%|█████▊    | 1876/3213 [05:07<03:26,  6.47it/s]
 58%|█████▊    | 1877/3213 [05:07<03:08,  7.10it/s]
 58%|█████▊    | 1878/3213 [05:07<03:06,  7.16it/s]
 58%|█████▊    | 1879/3213 [05:07<03:01,  7.36it/s]
 59%|█████▊    | 1880/3213 [05:08<02:56,  7.53it/s]
 59%|█████▊    | 1881/3213 [05:08<03:01,  7.33it/s]
 59%|█████▊    | 1882/3213 [05:08<02:51,  7.77it/s]
 59%|█████▊    | 1883/3213 [05:08<02:58,  7.46it/s]
 59%|█████▊    | 1884/3213 [05:08<02:51,  7.76it/s]
 59%|█████▊    | 1885/3213 [05:08<03:09,  7.00it/s]
 59%|█████▊    | 1886/3213 [05:08<03:12,  6.90it/s]
 59%|█████▊    | 1887/3213 [05:09<03:05,  7.15it/s]
 59%|█████▉    | 1888/3213 [05:09<03:07,  7.05it/s]
 59%|█████▉    | 1889/3213 [05:09<03:07,  7.07it/s]
 59%|█████▉    | 1890/3213 [05:09<02:58,  7.41it/s]
 59%|█████▉    | 1891/3213 [05:09<02:58,  7.41it/s]
 59%|█████▉    | 1892/3213 [05:09<02:55,  7.55it/s]
 59%|█████▉    | 1893/3213 [05:09<02:52,  7.66it/s]
 59%|█████▉    | 1894/3213 [05:09<02:50,  7.75it/s]
 59%|█████▉    | 1895/3213 [05:10<02:52,  7.66it/s]
 59%|█████▉    | 1896/3213 [05:10<02:51,  7.70it/s]
 59%|█████▉    | 1897/3213 [05:10<03:02,  7.20it/s]
 59%|█████▉    | 1898/3213 [05:10<03:16,  6.70it/s]
 59%|█████▉    | 1899/3213 [05:10<03:10,  6.90it/s]
 59%|█████▉    | 1900/3213 [05:10<03:17,  6.65it/s]
                                                   
{'loss': 0.1946, 'grad_norm': 0.48298418521881104, 'learning_rate': 8.17304699657641e-06, 'epoch': 1.77}

 59%|█████▉    | 1900/3213 [05:10<03:17,  6.65it/s]
 59%|█████▉    | 1901/3213 [05:10<03:17,  6.66it/s]
 59%|█████▉    | 1902/3213 [05:11<03:24,  6.42it/s]
 59%|█████▉    | 1903/3213 [05:11<03:10,  6.87it/s]
 59%|█████▉    | 1904/3213 [05:11<03:22,  6.45it/s]
 59%|█████▉    | 1905/3213 [05:11<03:04,  7.09it/s]
 59%|█████▉    | 1906/3213 [05:11<02:59,  7.30it/s]
 59%|█████▉    | 1907/3213 [05:11<02:59,  7.28it/s]
 59%|█████▉    | 1908/3213 [05:11<03:04,  7.06it/s]
 59%|█████▉    | 1909/3213 [05:12<03:01,  7.17it/s]
 59%|█████▉    | 1910/3213 [05:12<02:58,  7.28it/s]
 59%|█████▉    | 1911/3213 [05:12<02:54,  7.48it/s]
 60%|█████▉    | 1912/3213 [05:12<03:05,  7.03it/s]
 60%|█████▉    | 1913/3213 [05:12<03:01,  7.18it/s]
 60%|█████▉    | 1914/3213 [05:12<02:50,  7.64it/s]
 60%|█████▉    | 1915/3213 [05:12<02:48,  7.72it/s]
 60%|█████▉    | 1916/3213 [05:13<02:48,  7.69it/s]
 60%|█████▉    | 1917/3213 [05:13<03:04,  7.03it/s]
 60%|█████▉    | 1918/3213 [05:13<03:07,  6.90it/s]
 60%|█████▉    | 1919/3213 [05:13<03:08,  6.88it/s]
 60%|█████▉    | 1920/3213 [05:13<02:56,  7.34it/s]
 60%|█████▉    | 1921/3213 [05:13<02:54,  7.39it/s]
 60%|█████▉    | 1922/3213 [05:13<02:57,  7.28it/s]
 60%|█████▉    | 1923/3213 [05:14<02:52,  7.47it/s]
 60%|█████▉    | 1924/3213 [05:14<02:49,  7.60it/s]
 60%|█████▉    | 1925/3213 [05:14<02:48,  7.66it/s]
 60%|█████▉    | 1926/3213 [05:14<02:51,  7.51it/s]
 60%|█████▉    | 1927/3213 [05:14<03:04,  6.98it/s]
 60%|██████    | 1928/3213 [05:14<03:08,  6.81it/s]
 60%|██████    | 1929/3213 [05:14<02:57,  7.23it/s]
 60%|██████    | 1930/3213 [05:14<02:52,  7.45it/s]
 60%|██████    | 1931/3213 [05:15<03:03,  6.99it/s]
 60%|██████    | 1932/3213 [05:15<02:52,  7.44it/s]
 60%|██████    | 1933/3213 [05:15<03:01,  7.06it/s]
 60%|██████    | 1934/3213 [05:15<03:03,  6.97it/s]
 60%|██████    | 1935/3213 [05:15<02:50,  7.49it/s]
 60%|██████    | 1936/3213 [05:15<02:51,  7.46it/s]
 60%|██████    | 1937/3213 [05:15<02:56,  7.25it/s]
 60%|██████    | 1938/3213 [05:16<02:44,  7.75it/s]
 60%|██████    | 1939/3213 [05:16<02:54,  7.30it/s]
 60%|██████    | 1940/3213 [05:16<02:56,  7.21it/s]
 60%|██████    | 1941/3213 [05:16<02:55,  7.26it/s]
 60%|██████    | 1942/3213 [05:16<02:57,  7.15it/s]
 60%|██████    | 1943/3213 [05:16<02:53,  7.31it/s]
 61%|██████    | 1944/3213 [05:16<02:50,  7.46it/s]
 61%|██████    | 1945/3213 [05:17<02:50,  7.46it/s]
 61%|██████    | 1946/3213 [05:17<02:48,  7.54it/s]
 61%|██████    | 1947/3213 [05:17<02:51,  7.39it/s]
 61%|██████    | 1948/3213 [05:17<02:54,  7.26it/s]
 61%|██████    | 1949/3213 [05:17<02:49,  7.46it/s]
 61%|██████    | 1950/3213 [05:17<02:46,  7.60it/s]
                                                   
{'loss': 0.1962, 'grad_norm': 0.48923203349113464, 'learning_rate': 7.861811391223156e-06, 'epoch': 1.82}

 61%|██████    | 1950/3213 [05:17<02:46,  7.60it/s]
 61%|██████    | 1951/3213 [05:17<02:47,  7.53it/s]
 61%|██████    | 1952/3213 [05:17<02:45,  7.63it/s]
 61%|██████    | 1953/3213 [05:18<02:43,  7.70it/s]
 61%|██████    | 1954/3213 [05:18<02:42,  7.76it/s]
 61%|██████    | 1955/3213 [05:18<02:43,  7.72it/s]
 61%|██████    | 1956/3213 [05:18<02:47,  7.49it/s]
 61%|██████    | 1957/3213 [05:18<02:44,  7.63it/s]
 61%|██████    | 1958/3213 [05:18<02:39,  7.85it/s]
 61%|██████    | 1959/3213 [05:18<02:39,  7.86it/s]
 61%|██████    | 1960/3213 [05:18<02:40,  7.83it/s]
 61%|██████    | 1961/3213 [05:19<02:45,  7.56it/s]
 61%|██████    | 1962/3213 [05:19<02:45,  7.55it/s]
 61%|██████    | 1963/3213 [05:19<02:43,  7.63it/s]
 61%|██████    | 1964/3213 [05:19<02:44,  7.60it/s]
 61%|██████    | 1965/3213 [05:19<02:38,  7.85it/s]
 61%|██████    | 1966/3213 [05:19<02:41,  7.73it/s]
 61%|██████    | 1967/3213 [05:19<02:39,  7.79it/s]
 61%|██████▏   | 1968/3213 [05:20<02:39,  7.80it/s]
 61%|██████▏   | 1969/3213 [05:20<02:38,  7.83it/s]
 61%|██████▏   | 1970/3213 [05:20<02:38,  7.84it/s]
 61%|██████▏   | 1971/3213 [05:20<02:43,  7.58it/s]
 61%|██████▏   | 1972/3213 [05:20<02:39,  7.80it/s]
 61%|██████▏   | 1973/3213 [05:20<02:40,  7.73it/s]
 61%|██████▏   | 1974/3213 [05:20<02:38,  7.81it/s]
 61%|██████▏   | 1975/3213 [05:20<02:43,  7.56it/s]
 62%|██████▏   | 1976/3213 [05:21<02:48,  7.35it/s]
 62%|██████▏   | 1977/3213 [05:21<02:43,  7.56it/s]
 62%|██████▏   | 1978/3213 [05:21<02:49,  7.28it/s]
 62%|██████▏   | 1979/3213 [05:21<02:45,  7.46it/s]
 62%|██████▏   | 1980/3213 [05:21<02:44,  7.49it/s]
 62%|██████▏   | 1981/3213 [05:21<02:41,  7.63it/s]
 62%|██████▏   | 1982/3213 [05:21<02:39,  7.70it/s]
 62%|██████▏   | 1983/3213 [05:22<02:38,  7.75it/s]
 62%|██████▏   | 1984/3213 [05:22<02:40,  7.65it/s]
 62%|██████▏   | 1985/3213 [05:22<02:36,  7.85it/s]
 62%|██████▏   | 1986/3213 [05:22<02:53,  7.07it/s]
 62%|██████▏   | 1987/3213 [05:22<02:47,  7.32it/s]
 62%|██████▏   | 1988/3213 [05:22<02:59,  6.82it/s]
 62%|██████▏   | 1989/3213 [05:22<02:47,  7.31it/s]
 62%|██████▏   | 1990/3213 [05:22<02:43,  7.48it/s]
 62%|██████▏   | 1991/3213 [05:23<02:49,  7.19it/s]
 62%|██████▏   | 1992/3213 [05:23<02:55,  6.95it/s]
 62%|██████▏   | 1993/3213 [05:23<02:42,  7.52it/s]
 62%|██████▏   | 1994/3213 [05:23<02:39,  7.66it/s]
 62%|██████▏   | 1995/3213 [05:23<02:37,  7.74it/s]
 62%|██████▏   | 1996/3213 [05:23<02:36,  7.77it/s]
 62%|██████▏   | 1997/3213 [05:23<02:41,  7.54it/s]
 62%|██████▏   | 1998/3213 [05:24<02:39,  7.63it/s]
 62%|██████▏   | 1999/3213 [05:24<02:48,  7.20it/s]
 62%|██████▏   | 2000/3213 [05:24<02:52,  7.04it/s]
                                                   
{'loss': 0.1917, 'grad_norm': 0.6298078894615173, 'learning_rate': 7.550575785869904e-06, 'epoch': 1.87}

 62%|██████▏   | 2000/3213 [05:24<02:52,  7.04it/s]
 62%|██████▏   | 2001/3213 [05:24<02:44,  7.36it/s]
 62%|██████▏   | 2002/3213 [05:24<02:58,  6.78it/s]
 62%|██████▏   | 2003/3213 [05:24<02:49,  7.14it/s]
 62%|██████▏   | 2004/3213 [05:24<02:46,  7.26it/s]
 62%|██████▏   | 2005/3213 [05:25<02:44,  7.33it/s]
 62%|██████▏   | 2006/3213 [05:25<02:57,  6.79it/s]
 62%|██████▏   | 2007/3213 [05:25<02:56,  6.83it/s]
 62%|██████▏   | 2008/3213 [05:25<02:44,  7.33it/s]
 63%|██████▎   | 2009/3213 [05:25<02:49,  7.09it/s]
 63%|██████▎   | 2010/3213 [05:25<02:57,  6.78it/s]
 63%|██████▎   | 2011/3213 [05:25<02:49,  7.07it/s]
 63%|██████▎   | 2012/3213 [05:26<02:44,  7.31it/s]
 63%|██████▎   | 2013/3213 [05:26<02:41,  7.43it/s]
 63%|██████▎   | 2014/3213 [05:26<02:38,  7.55it/s]
 63%|██████▎   | 2015/3213 [05:26<02:37,  7.62it/s]
 63%|██████▎   | 2016/3213 [05:26<03:03,  6.54it/s]
 63%|██████▎   | 2017/3213 [05:26<02:53,  6.89it/s]
 63%|██████▎   | 2018/3213 [05:26<02:53,  6.91it/s]
 63%|██████▎   | 2019/3213 [05:26<02:39,  7.47it/s]
 63%|██████▎   | 2020/3213 [05:27<02:47,  7.14it/s]
 63%|██████▎   | 2021/3213 [05:27<02:51,  6.97it/s]
 63%|██████▎   | 2022/3213 [05:27<02:45,  7.20it/s]
 63%|██████▎   | 2023/3213 [05:27<02:52,  6.91it/s]
 63%|██████▎   | 2024/3213 [05:27<02:45,  7.16it/s]
 63%|██████▎   | 2025/3213 [05:27<02:41,  7.36it/s]
 63%|██████▎   | 2026/3213 [05:27<02:38,  7.51it/s]
 63%|██████▎   | 2027/3213 [05:28<02:37,  7.52it/s]
 63%|██████▎   | 2028/3213 [05:28<02:37,  7.52it/s]
 63%|██████▎   | 2029/3213 [05:28<02:37,  7.52it/s]
 63%|██████▎   | 2030/3213 [05:28<02:51,  6.90it/s]
 63%|██████▎   | 2031/3213 [05:28<02:42,  7.27it/s]
 63%|██████▎   | 2032/3213 [05:28<02:39,  7.38it/s]
 63%|██████▎   | 2033/3213 [05:28<02:32,  7.74it/s]
 63%|██████▎   | 2034/3213 [05:29<02:33,  7.68it/s]
 63%|██████▎   | 2035/3213 [05:29<02:33,  7.66it/s]
 63%|██████▎   | 2036/3213 [05:29<02:41,  7.28it/s]
 63%|██████▎   | 2037/3213 [05:29<02:38,  7.44it/s]
 63%|██████▎   | 2038/3213 [05:29<02:35,  7.56it/s]
 63%|██████▎   | 2039/3213 [05:29<02:33,  7.65it/s]
 63%|██████▎   | 2040/3213 [05:29<02:35,  7.54it/s]
 64%|██████▎   | 2041/3213 [05:29<02:33,  7.65it/s]
 64%|██████▎   | 2042/3213 [05:30<02:31,  7.72it/s]
 64%|██████▎   | 2043/3213 [05:30<02:31,  7.75it/s]
 64%|██████▎   | 2044/3213 [05:30<02:33,  7.62it/s]
 64%|██████▎   | 2045/3213 [05:30<02:32,  7.63it/s]
 64%|██████▎   | 2046/3213 [05:30<02:48,  6.94it/s]
 64%|██████▎   | 2047/3213 [05:30<02:42,  7.19it/s]
 64%|██████▎   | 2048/3213 [05:30<02:37,  7.38it/s]
 64%|██████▍   | 2049/3213 [05:31<02:36,  7.42it/s]
 64%|██████▍   | 2050/3213 [05:31<02:45,  7.02it/s]
                                                   
{'loss': 0.195, 'grad_norm': 0.7195715308189392, 'learning_rate': 7.239340180516652e-06, 'epoch': 1.91}

 64%|██████▍   | 2050/3213 [05:31<02:45,  7.02it/s]
 64%|██████▍   | 2051/3213 [05:31<02:57,  6.53it/s]
 64%|██████▍   | 2052/3213 [05:31<02:48,  6.90it/s]
 64%|██████▍   | 2053/3213 [05:31<02:47,  6.92it/s]
 64%|██████▍   | 2054/3213 [05:31<02:41,  7.19it/s]
 64%|██████▍   | 2055/3213 [05:31<02:36,  7.39it/s]
 64%|██████▍   | 2056/3213 [05:32<02:33,  7.56it/s]
 64%|██████▍   | 2057/3213 [05:32<02:30,  7.70it/s]
 64%|██████▍   | 2058/3213 [05:32<02:29,  7.75it/s]
 64%|██████▍   | 2059/3213 [05:32<02:42,  7.11it/s]
 64%|██████▍   | 2060/3213 [05:32<02:54,  6.61it/s]
 64%|██████▍   | 2061/3213 [05:32<02:45,  6.97it/s]
 64%|██████▍   | 2062/3213 [05:32<02:44,  7.00it/s]
 64%|██████▍   | 2063/3213 [05:33<02:36,  7.33it/s]
 64%|██████▍   | 2064/3213 [05:33<02:45,  6.96it/s]
 64%|██████▍   | 2065/3213 [05:33<02:47,  6.86it/s]
 64%|██████▍   | 2066/3213 [05:33<02:36,  7.32it/s]
 64%|██████▍   | 2067/3213 [05:33<02:35,  7.37it/s]
 64%|██████▍   | 2068/3213 [05:33<02:30,  7.60it/s]
 64%|██████▍   | 2069/3213 [05:33<02:28,  7.69it/s]
 64%|██████▍   | 2070/3213 [05:33<02:29,  7.63it/s]
 64%|██████▍   | 2071/3213 [05:34<02:25,  7.85it/s]
 64%|██████▍   | 2072/3213 [05:34<02:33,  7.45it/s]
 65%|██████▍   | 2073/3213 [05:34<02:37,  7.26it/s]
 65%|██████▍   | 2074/3213 [05:34<02:35,  7.34it/s]
 65%|██████▍   | 2075/3213 [05:34<02:40,  7.09it/s]
 65%|██████▍   | 2076/3213 [05:34<02:34,  7.37it/s]
 65%|██████▍   | 2077/3213 [05:34<02:31,  7.51it/s]
 65%|██████▍   | 2078/3213 [05:35<02:28,  7.62it/s]
 65%|██████▍   | 2079/3213 [05:35<02:32,  7.45it/s]
 65%|██████▍   | 2080/3213 [05:35<02:34,  7.34it/s]
 65%|██████▍   | 2081/3213 [05:35<02:31,  7.49it/s]
 65%|██████▍   | 2082/3213 [05:35<02:28,  7.59it/s]
 65%|██████▍   | 2083/3213 [05:35<02:27,  7.65it/s]
 65%|██████▍   | 2084/3213 [05:35<02:29,  7.56it/s]
 65%|██████▍   | 2085/3213 [05:35<02:28,  7.59it/s]
 65%|██████▍   | 2086/3213 [05:36<02:30,  7.49it/s]
 65%|██████▍   | 2087/3213 [05:36<02:37,  7.17it/s]
 65%|██████▍   | 2088/3213 [05:36<02:47,  6.71it/s]
 65%|██████▌   | 2089/3213 [05:36<02:51,  6.56it/s]
 65%|██████▌   | 2090/3213 [05:36<03:16,  5.70it/s]
 65%|██████▌   | 2091/3213 [05:36<03:07,  5.98it/s]
 65%|██████▌   | 2092/3213 [05:37<03:02,  6.14it/s]
 65%|██████▌   | 2093/3213 [05:37<03:05,  6.05it/s]
 65%|██████▌   | 2094/3213 [05:37<03:00,  6.22it/s]
 65%|██████▌   | 2095/3213 [05:37<02:59,  6.21it/s]
 65%|██████▌   | 2096/3213 [05:37<02:58,  6.24it/s]
 65%|██████▌   | 2097/3213 [05:37<02:54,  6.38it/s]
 65%|██████▌   | 2098/3213 [05:38<02:38,  7.02it/s]
 65%|██████▌   | 2099/3213 [05:38<02:38,  7.02it/s]
 65%|██████▌   | 2100/3213 [05:38<02:41,  6.89it/s]
                                                   
{'loss': 0.1973, 'grad_norm': 0.5130206346511841, 'learning_rate': 6.928104575163399e-06, 'epoch': 1.96}

 65%|██████▌   | 2100/3213 [05:38<02:41,  6.89it/s]
 65%|██████▌   | 2101/3213 [05:38<02:39,  6.98it/s]
 65%|██████▌   | 2102/3213 [05:38<02:37,  7.07it/s]
 65%|██████▌   | 2103/3213 [05:38<02:47,  6.61it/s]
 65%|██████▌   | 2104/3213 [05:38<02:56,  6.29it/s]
 66%|██████▌   | 2105/3213 [05:39<03:10,  5.83it/s]
 66%|██████▌   | 2106/3213 [05:39<03:15,  5.67it/s]
 66%|██████▌   | 2107/3213 [05:39<03:03,  6.03it/s]
 66%|██████▌   | 2108/3213 [05:39<03:05,  5.97it/s]
 66%|██████▌   | 2109/3213 [05:39<02:51,  6.43it/s]
 66%|██████▌   | 2110/3213 [05:39<02:38,  6.96it/s]
 66%|██████▌   | 2111/3213 [05:40<02:36,  7.05it/s]
 66%|██████▌   | 2112/3213 [05:40<02:39,  6.92it/s]
 66%|██████▌   | 2113/3213 [05:40<02:31,  7.24it/s]
 66%|██████▌   | 2114/3213 [05:40<02:39,  6.90it/s]
 66%|██████▌   | 2115/3213 [05:40<02:39,  6.89it/s]
 66%|██████▌   | 2116/3213 [05:40<02:46,  6.60it/s]
 66%|██████▌   | 2117/3213 [05:40<02:45,  6.63it/s]
 66%|██████▌   | 2118/3213 [05:41<02:54,  6.28it/s]
 66%|██████▌   | 2119/3213 [05:41<03:05,  5.91it/s]
 66%|██████▌   | 2120/3213 [05:41<03:03,  5.95it/s]
 66%|██████▌   | 2121/3213 [05:41<02:53,  6.30it/s]
 66%|██████▌   | 2122/3213 [05:41<02:49,  6.43it/s]
 66%|██████▌   | 2123/3213 [05:41<02:34,  7.07it/s]
 66%|██████▌   | 2124/3213 [05:41<02:29,  7.28it/s]
 66%|██████▌   | 2125/3213 [05:42<02:26,  7.43it/s]
 66%|██████▌   | 2126/3213 [05:42<02:29,  7.28it/s]
 66%|██████▌   | 2127/3213 [05:42<02:30,  7.23it/s]
 66%|██████▌   | 2128/3213 [05:42<02:40,  6.74it/s]
 66%|██████▋   | 2129/3213 [05:42<02:38,  6.82it/s]
 66%|██████▋   | 2130/3213 [05:42<02:47,  6.46it/s]
 66%|██████▋   | 2131/3213 [05:43<02:49,  6.40it/s]
 66%|██████▋   | 2132/3213 [05:43<02:38,  6.81it/s]
 66%|██████▋   | 2133/3213 [05:43<02:38,  6.80it/s]
 66%|██████▋   | 2134/3213 [05:43<02:47,  6.46it/s]
 66%|██████▋   | 2135/3213 [05:43<02:40,  6.73it/s]
 66%|██████▋   | 2136/3213 [05:43<02:41,  6.67it/s]
 67%|██████▋   | 2137/3213 [05:43<02:29,  7.19it/s]
 67%|██████▋   | 2138/3213 [05:44<02:26,  7.34it/s]
 67%|██████▋   | 2139/3213 [05:44<02:24,  7.44it/s]
 67%|██████▋   | 2140/3213 [05:44<02:33,  7.01it/s]
 67%|██████▋   | 2141/3213 [05:44<02:34,  6.92it/s]
 67%|██████▋   | 2142/3213 [05:44<02:30,  7.10it/s]

  0%|          | 0/95 [00:00<?, ?it/s][A

  4%|▍         | 4/95 [00:00<00:03, 27.37it/s][A

  7%|▋         | 7/95 [00:00<00:03, 23.42it/s][A

 11%|█         | 10/95 [00:00<00:03, 21.93it/s][A

 14%|█▎        | 13/95 [00:00<00:03, 21.40it/s][A

 17%|█▋        | 16/95 [00:00<00:03, 21.13it/s][A

 20%|██        | 19/95 [00:00<00:03, 20.77it/s][A

 23%|██▎       | 22/95 [00:01<00:03, 20.57it/s][A

 26%|██▋       | 25/95 [00:01<00:03, 20.59it/s][A

 29%|██▉       | 28/95 [00:01<00:03, 20.43it/s][A

 33%|███▎      | 31/95 [00:01<00:03, 20.46it/s][A

 36%|███▌      | 34/95 [00:01<00:02, 20.61it/s][A

 39%|███▉      | 37/95 [00:01<00:02, 20.40it/s][A

 42%|████▏     | 40/95 [00:01<00:02, 20.47it/s][A

 45%|████▌     | 43/95 [00:02<00:02, 20.53it/s][A

 48%|████▊     | 46/95 [00:02<00:02, 20.44it/s][A

 52%|█████▏    | 49/95 [00:02<00:02, 20.36it/s][A

 55%|█████▍    | 52/95 [00:02<00:02, 20.27it/s][A

 58%|█████▊    | 55/95 [00:02<00:01, 20.16it/s][A

 61%|██████    | 58/95 [00:02<00:01, 20.19it/s][A

 64%|██████▍   | 61/95 [00:02<00:01, 20.24it/s][A

 67%|██████▋   | 64/95 [00:03<00:01, 20.42it/s][A

 71%|███████   | 67/95 [00:03<00:01, 20.44it/s][A

 74%|███████▎  | 70/95 [00:03<00:01, 20.59it/s][A

 77%|███████▋  | 73/95 [00:03<00:01, 20.62it/s][A

 80%|████████  | 76/95 [00:03<00:00, 20.16it/s][A

 83%|████████▎ | 79/95 [00:03<00:00, 20.27it/s][A

 86%|████████▋ | 82/95 [00:03<00:00, 20.23it/s][A

 89%|████████▉ | 85/95 [00:04<00:00, 20.28it/s][A

 93%|█████████▎| 88/95 [00:04<00:00, 20.31it/s][A

 96%|█████████▌| 91/95 [00:04<00:00, 20.39it/s][A

 99%|█████████▉| 94/95 [00:04<00:00, 20.44it/s][A
                                                   

                                               
[A{'eval_loss': 0.1913871169090271, 'eval_tactics_precision_macro': 0.7701832201714598, 'eval_tactics_recall_macro': 0.39228234961220204, 'eval_tactics_f1_macro': 0.511989634834577, 'eval_micro_f1': 0.5211509674557854, 'eval_runtime': 4.7097, 'eval_samples_per_second': 2568.099, 'eval_steps_per_second': 20.171, 'epoch': 2.0}

 67%|██████▋   | 2142/3213 [05:49<02:30,  7.10it/s]

100%|██████████| 95/95 [00:04<00:00, 20.44it/s][A

                                               [A
 67%|██████▋   | 2143/3213 [05:51<41:17,  2.32s/it]
 67%|██████▋   | 2144/3213 [05:52<29:34,  1.66s/it]
 67%|██████▋   | 2145/3213 [05:52<21:34,  1.21s/it]
 67%|██████▋   | 2146/3213 [05:52<15:57,  1.11it/s]
 67%|██████▋   | 2147/3213 [05:52<12:07,  1.46it/s]
 67%|██████▋   | 2148/3213 [05:52<09:22,  1.89it/s]
 67%|██████▋   | 2149/3213 [05:52<07:36,  2.33it/s]
 67%|██████▋   | 2150/3213 [05:53<06:08,  2.89it/s]
                                                   
{'loss': 0.1908, 'grad_norm': 0.5872516632080078, 'learning_rate': 6.616868969810148e-06, 'epoch': 2.01}

 67%|██████▋   | 2150/3213 [05:53<06:08,  2.89it/s]
 67%|██████▋   | 2151/3213 [05:53<05:11,  3.40it/s]
 67%|██████▋   | 2152/3213 [05:53<04:21,  4.06it/s]
 67%|██████▋   | 2153/3213 [05:53<03:39,  4.82it/s]
 67%|██████▋   | 2154/3213 [05:53<03:15,  5.42it/s]
 67%|██████▋   | 2155/3213 [05:53<03:01,  5.83it/s]
 67%|██████▋   | 2156/3213 [05:53<02:48,  6.26it/s]
 67%|██████▋   | 2157/3213 [05:54<02:41,  6.56it/s]
 67%|██████▋   | 2158/3213 [05:54<02:41,  6.53it/s]
 67%|██████▋   | 2159/3213 [05:54<02:43,  6.46it/s]
 67%|██████▋   | 2160/3213 [05:54<02:47,  6.28it/s]
 67%|██████▋   | 2161/3213 [05:54<02:50,  6.16it/s]
 67%|██████▋   | 2162/3213 [05:54<02:45,  6.34it/s]
 67%|██████▋   | 2163/3213 [05:55<02:51,  6.11it/s]
 67%|██████▋   | 2164/3213 [05:55<02:45,  6.35it/s]
 67%|██████▋   | 2165/3213 [05:55<03:11,  5.46it/s]
 67%|██████▋   | 2166/3213 [05:55<03:07,  5.59it/s]
 67%|██████▋   | 2167/3213 [05:55<03:17,  5.29it/s]
 67%|██████▋   | 2168/3213 [05:56<03:15,  5.35it/s]
 68%|██████▊   | 2169/3213 [05:56<03:11,  5.44it/s]
 68%|██████▊   | 2170/3213 [05:56<03:00,  5.78it/s]
 68%|██████▊   | 2171/3213 [05:56<03:03,  5.67it/s]
 68%|██████▊   | 2172/3213 [05:56<03:52,  4.48it/s]
 68%|██████▊   | 2173/3213 [05:57<03:42,  4.67it/s]
 68%|██████▊   | 2174/3213 [05:57<04:28,  3.86it/s]
 68%|██████▊   | 2175/3213 [05:57<04:53,  3.53it/s]
 68%|██████▊   | 2176/3213 [05:58<05:21,  3.23it/s]
 68%|██████▊   | 2177/3213 [05:58<05:59,  2.88it/s]
 68%|██████▊   | 2178/3213 [05:58<05:48,  2.97it/s]
 68%|██████▊   | 2179/3213 [05:59<05:31,  3.12it/s]
 68%|██████▊   | 2180/3213 [05:59<05:11,  3.31it/s]
 68%|██████▊   | 2181/3213 [05:59<05:20,  3.22it/s]
 68%|██████▊   | 2182/3213 [06:00<05:11,  3.31it/s]
 68%|██████▊   | 2183/3213 [06:00<06:20,  2.71it/s]
 68%|██████▊   | 2184/3213 [06:00<05:37,  3.05it/s]
 68%|██████▊   | 2185/3213 [06:01<05:07,  3.34it/s]
 68%|██████▊   | 2186/3213 [06:01<04:41,  3.64it/s]
 68%|██████▊   | 2187/3213 [06:01<05:17,  3.24it/s]
 68%|██████▊   | 2188/3213 [06:01<04:56,  3.46it/s]
 68%|██████▊   | 2189/3213 [06:02<04:20,  3.93it/s]
 68%|██████▊   | 2190/3213 [06:02<04:21,  3.91it/s]
 68%|██████▊   | 2191/3213 [06:02<04:33,  3.73it/s]
 68%|██████▊   | 2192/3213 [06:02<04:19,  3.94it/s]
 68%|██████▊   | 2193/3213 [06:03<04:04,  4.17it/s]
 68%|██████▊   | 2194/3213 [06:03<03:34,  4.74it/s]
 68%|██████▊   | 2195/3213 [06:03<03:19,  5.10it/s]
 68%|██████▊   | 2196/3213 [06:03<03:23,  5.01it/s]
 68%|██████▊   | 2197/3213 [06:03<03:35,  4.71it/s]
 68%|██████▊   | 2198/3213 [06:03<03:18,  5.12it/s]
 68%|██████▊   | 2199/3213 [06:04<03:07,  5.41it/s]
 68%|██████▊   | 2200/3213 [06:04<03:06,  5.43it/s]
                                                   
{'loss': 0.1783, 'grad_norm': 0.5348904728889465, 'learning_rate': 6.305633364456894e-06, 'epoch': 2.05}

 68%|██████▊   | 2200/3213 [06:04<03:06,  5.43it/s]
 69%|██████▊   | 2201/3213 [06:04<03:03,  5.51it/s]
 69%|██████▊   | 2202/3213 [06:04<02:48,  6.01it/s]
 69%|██████▊   | 2203/3213 [06:04<03:06,  5.43it/s]
 69%|██████▊   | 2204/3213 [06:05<03:07,  5.39it/s]
 69%|██████▊   | 2205/3213 [06:05<02:55,  5.74it/s]
 69%|██████▊   | 2206/3213 [06:05<02:49,  5.93it/s]
 69%|██████▊   | 2207/3213 [06:05<02:56,  5.70it/s]
 69%|██████▊   | 2208/3213 [06:05<02:40,  6.28it/s]
 69%|██████▉   | 2209/3213 [06:05<02:38,  6.34it/s]
 69%|██████▉   | 2210/3213 [06:05<02:38,  6.35it/s]
 69%|██████▉   | 2211/3213 [06:06<02:41,  6.21it/s]
 69%|██████▉   | 2212/3213 [06:06<02:47,  5.98it/s]
 69%|██████▉   | 2213/3213 [06:06<02:46,  6.00it/s]
 69%|██████▉   | 2214/3213 [06:06<03:00,  5.52it/s]
 69%|██████▉   | 2215/3213 [06:06<03:00,  5.54it/s]
 69%|██████▉   | 2216/3213 [06:06<02:49,  5.88it/s]
 69%|██████▉   | 2217/3213 [06:07<02:46,  5.97it/s]
 69%|██████▉   | 2218/3213 [06:07<02:56,  5.65it/s]
 69%|██████▉   | 2219/3213 [06:07<02:42,  6.10it/s]
 69%|██████▉   | 2220/3213 [06:07<02:38,  6.26it/s]
 69%|██████▉   | 2221/3213 [06:07<03:06,  5.31it/s]
 69%|██████▉   | 2222/3213 [06:08<02:59,  5.52it/s]
 69%|██████▉   | 2223/3213 [06:08<03:05,  5.34it/s]
 69%|██████▉   | 2224/3213 [06:08<03:04,  5.37it/s]
 69%|██████▉   | 2225/3213 [06:08<02:58,  5.53it/s]
 69%|██████▉   | 2226/3213 [06:08<03:03,  5.38it/s]
 69%|██████▉   | 2227/3213 [06:08<02:56,  5.58it/s]
 69%|██████▉   | 2228/3213 [06:09<02:57,  5.56it/s]
 69%|██████▉   | 2229/3213 [06:09<02:58,  5.50it/s]
 69%|██████▉   | 2230/3213 [06:09<03:12,  5.10it/s]
 69%|██████▉   | 2231/3213 [06:09<03:28,  4.72it/s]
 69%|██████▉   | 2232/3213 [06:10<03:23,  4.82it/s]
 69%|██████▉   | 2233/3213 [06:10<03:01,  5.40it/s]
 70%|██████▉   | 2234/3213 [06:10<02:56,  5.55it/s]
 70%|██████▉   | 2235/3213 [06:10<02:57,  5.52it/s]
 70%|██████▉   | 2236/3213 [06:10<03:19,  4.90it/s]
 70%|██████▉   | 2237/3213 [06:10<03:16,  4.96it/s]
 70%|██████▉   | 2238/3213 [06:11<03:13,  5.05it/s]
 70%|██████▉   | 2239/3213 [06:11<03:05,  5.26it/s]
 70%|██████▉   | 2240/3213 [06:11<02:50,  5.70it/s]
 70%|██████▉   | 2241/3213 [06:11<02:56,  5.50it/s]
 70%|██████▉   | 2242/3213 [06:11<03:20,  4.84it/s]
 70%|██████▉   | 2243/3213 [06:12<03:08,  5.15it/s]
 70%|██████▉   | 2244/3213 [06:12<03:09,  5.12it/s]
 70%|██████▉   | 2245/3213 [06:12<02:59,  5.39it/s]
 70%|██████▉   | 2246/3213 [06:12<02:59,  5.39it/s]
 70%|██████▉   | 2247/3213 [06:12<03:02,  5.29it/s]
 70%|██████▉   | 2248/3213 [06:13<03:10,  5.06it/s]
 70%|██████▉   | 2249/3213 [06:13<03:26,  4.66it/s]
 70%|███████   | 2250/3213 [06:13<03:19,  4.84it/s]
                                                   
{'loss': 0.1871, 'grad_norm': 0.5118251442909241, 'learning_rate': 5.994397759103642e-06, 'epoch': 2.1}

 70%|███████   | 2250/3213 [06:13<03:19,  4.84it/s]
 70%|███████   | 2251/3213 [06:13<03:08,  5.11it/s]
 70%|███████   | 2252/3213 [06:13<03:08,  5.10it/s]
 70%|███████   | 2253/3213 [06:14<03:24,  4.69it/s]
 70%|███████   | 2254/3213 [06:14<03:16,  4.89it/s]
 70%|███████   | 2255/3213 [06:14<03:03,  5.22it/s]
 70%|███████   | 2256/3213 [06:14<02:54,  5.49it/s]
 70%|███████   | 2257/3213 [06:14<02:56,  5.42it/s]
 70%|███████   | 2258/3213 [06:15<03:39,  4.35it/s]
 70%|███████   | 2259/3213 [06:15<03:34,  4.45it/s]
 70%|███████   | 2260/3213 [06:15<03:11,  4.96it/s]
 70%|███████   | 2261/3213 [06:15<03:08,  5.06it/s]
 70%|███████   | 2262/3213 [06:15<02:55,  5.43it/s]
 70%|███████   | 2263/3213 [06:16<03:17,  4.81it/s]
 70%|███████   | 2264/3213 [06:16<03:15,  4.85it/s]
 70%|███████   | 2265/3213 [06:16<03:12,  4.93it/s]
 71%|███████   | 2266/3213 [06:16<02:53,  5.47it/s]
 71%|███████   | 2267/3213 [06:16<02:47,  5.64it/s]
 71%|███████   | 2268/3213 [06:16<02:48,  5.62it/s]
 71%|███████   | 2269/3213 [06:17<03:11,  4.94it/s]
 71%|███████   | 2270/3213 [06:17<03:17,  4.78it/s]
 71%|███████   | 2271/3213 [06:17<03:13,  4.87it/s]
 71%|███████   | 2272/3213 [06:17<03:01,  5.17it/s]
 71%|███████   | 2273/3213 [06:17<02:52,  5.44it/s]
 71%|███████   | 2274/3213 [06:18<02:43,  5.76it/s]
 71%|███████   | 2275/3213 [06:18<02:36,  6.01it/s]
 71%|███████   | 2276/3213 [06:18<02:53,  5.41it/s]
 71%|███████   | 2277/3213 [06:18<02:56,  5.31it/s]
 71%|███████   | 2278/3213 [06:18<02:58,  5.25it/s]
 71%|███████   | 2279/3213 [06:19<03:02,  5.11it/s]
 71%|███████   | 2280/3213 [06:19<03:09,  4.92it/s]
 71%|███████   | 2281/3213 [06:19<03:08,  4.95it/s]
 71%|███████   | 2282/3213 [06:19<03:55,  3.95it/s]
 71%|███████   | 2283/3213 [06:20<03:38,  4.25it/s]
 71%|███████   | 2284/3213 [06:20<03:32,  4.37it/s]
 71%|███████   | 2285/3213 [06:20<03:33,  4.35it/s]
 71%|███████   | 2286/3213 [06:20<03:07,  4.93it/s]
 71%|███████   | 2287/3213 [06:20<03:04,  5.01it/s]
 71%|███████   | 2288/3213 [06:21<03:31,  4.38it/s]
 71%|███████   | 2289/3213 [06:21<03:16,  4.71it/s]
 71%|███████▏  | 2290/3213 [06:21<03:04,  5.00it/s]
 71%|███████▏  | 2291/3213 [06:21<03:58,  3.87it/s]
 71%|███████▏  | 2292/3213 [06:22<04:06,  3.73it/s]
 71%|███████▏  | 2293/3213 [06:22<04:28,  3.42it/s]
 71%|███████▏  | 2294/3213 [06:22<04:10,  3.67it/s]
 71%|███████▏  | 2295/3213 [06:22<03:45,  4.07it/s]
 71%|███████▏  | 2296/3213 [06:23<03:35,  4.26it/s]
 71%|███████▏  | 2297/3213 [06:23<04:08,  3.69it/s]
 72%|███████▏  | 2298/3213 [06:23<04:22,  3.48it/s]
 72%|███████▏  | 2299/3213 [06:24<03:51,  3.94it/s]
 72%|███████▏  | 2300/3213 [06:24<03:37,  4.20it/s]
                                                   
{'loss': 0.1883, 'grad_norm': 0.5632153749465942, 'learning_rate': 5.68316215375039e-06, 'epoch': 2.15}

 72%|███████▏  | 2300/3213 [06:24<03:37,  4.20it/s]
 72%|███████▏  | 2301/3213 [06:24<03:32,  4.29it/s]
 72%|███████▏  | 2302/3213 [06:24<03:23,  4.47it/s]
 72%|███████▏  | 2303/3213 [06:24<03:53,  3.90it/s]
 72%|███████▏  | 2304/3213 [06:25<03:56,  3.85it/s]
 72%|███████▏  | 2305/3213 [06:25<03:33,  4.25it/s]
 72%|███████▏  | 2306/3213 [06:25<03:18,  4.56it/s]
 72%|███████▏  | 2307/3213 [06:25<03:53,  3.88it/s]
 72%|███████▏  | 2308/3213 [06:26<03:33,  4.24it/s]
 72%|███████▏  | 2309/3213 [06:26<03:20,  4.50it/s]
 72%|███████▏  | 2310/3213 [06:26<03:28,  4.33it/s]
 72%|███████▏  | 2311/3213 [06:26<03:26,  4.37it/s]
 72%|███████▏  | 2312/3213 [06:27<03:25,  4.38it/s]
 72%|███████▏  | 2313/3213 [06:27<03:11,  4.69it/s]
 72%|███████▏  | 2314/3213 [06:27<03:12,  4.68it/s]
 72%|███████▏  | 2315/3213 [06:27<03:07,  4.78it/s]
 72%|███████▏  | 2316/3213 [06:27<03:07,  4.79it/s]
 72%|███████▏  | 2317/3213 [06:28<03:12,  4.66it/s]
 72%|███████▏  | 2318/3213 [06:28<02:58,  5.02it/s]
 72%|███████▏  | 2319/3213 [06:28<02:48,  5.29it/s]
 72%|███████▏  | 2320/3213 [06:28<02:48,  5.29it/s]
 72%|███████▏  | 2321/3213 [06:28<03:01,  4.91it/s]
 72%|███████▏  | 2322/3213 [06:28<02:47,  5.32it/s]
 72%|███████▏  | 2323/3213 [06:29<02:50,  5.21it/s]
 72%|███████▏  | 2324/3213 [06:29<02:39,  5.57it/s]
 72%|███████▏  | 2325/3213 [06:29<02:47,  5.32it/s]
 72%|███████▏  | 2326/3213 [06:29<02:49,  5.22it/s]
 72%|███████▏  | 2327/3213 [06:29<02:47,  5.30it/s]
 72%|███████▏  | 2328/3213 [06:30<02:37,  5.61it/s]
 72%|███████▏  | 2329/3213 [06:30<02:38,  5.58it/s]
 73%|███████▎  | 2330/3213 [06:30<02:46,  5.30it/s]
 73%|███████▎  | 2331/3213 [06:30<02:39,  5.55it/s]
 73%|███████▎  | 2332/3213 [06:30<02:40,  5.49it/s]
 73%|███████▎  | 2333/3213 [06:30<02:37,  5.60it/s]
 73%|███████▎  | 2334/3213 [06:31<02:38,  5.55it/s]
 73%|███████▎  | 2335/3213 [06:31<02:47,  5.24it/s]
 73%|███████▎  | 2336/3213 [06:31<02:46,  5.26it/s]
 73%|███████▎  | 2337/3213 [06:31<02:47,  5.24it/s]
 73%|███████▎  | 2338/3213 [06:31<02:48,  5.19it/s]
 73%|███████▎  | 2339/3213 [06:32<02:39,  5.48it/s]
 73%|███████▎  | 2340/3213 [06:32<02:35,  5.63it/s]
 73%|███████▎  | 2341/3213 [06:32<02:26,  5.94it/s]
 73%|███████▎  | 2342/3213 [06:32<02:34,  5.63it/s]
 73%|███████▎  | 2343/3213 [06:32<02:40,  5.43it/s]
 73%|███████▎  | 2344/3213 [06:33<03:04,  4.71it/s]
 73%|███████▎  | 2345/3213 [06:33<02:53,  5.00it/s]
 73%|███████▎  | 2346/3213 [06:33<02:50,  5.08it/s]
 73%|███████▎  | 2347/3213 [06:33<02:45,  5.25it/s]
 73%|███████▎  | 2348/3213 [06:33<02:36,  5.54it/s]
 73%|███████▎  | 2349/3213 [06:34<02:52,  5.01it/s]
 73%|███████▎  | 2350/3213 [06:34<02:37,  5.48it/s]
                                                   
{'loss': 0.191, 'grad_norm': 0.462047278881073, 'learning_rate': 5.371926548397137e-06, 'epoch': 2.19}

 73%|███████▎  | 2350/3213 [06:34<02:37,  5.48it/s]
 73%|███████▎  | 2351/3213 [06:34<02:41,  5.34it/s]
 73%|███████▎  | 2352/3213 [06:34<02:45,  5.21it/s]
 73%|███████▎  | 2353/3213 [06:34<02:48,  5.11it/s]
 73%|███████▎  | 2354/3213 [06:34<02:48,  5.11it/s]
 73%|███████▎  | 2355/3213 [06:35<02:40,  5.33it/s]
 73%|███████▎  | 2356/3213 [06:35<02:34,  5.55it/s]
 73%|███████▎  | 2357/3213 [06:35<02:56,  4.86it/s]
 73%|███████▎  | 2358/3213 [06:35<02:43,  5.23it/s]
 73%|███████▎  | 2359/3213 [06:36<03:10,  4.49it/s]
 73%|███████▎  | 2360/3213 [06:36<03:05,  4.60it/s]
 73%|███████▎  | 2361/3213 [06:36<02:51,  4.97it/s]
 74%|███████▎  | 2362/3213 [06:36<02:45,  5.15it/s]
 74%|███████▎  | 2363/3213 [06:37<04:29,  3.15it/s]
 74%|███████▎  | 2364/3213 [06:37<04:04,  3.47it/s]
 74%|███████▎  | 2365/3213 [06:37<03:52,  3.65it/s]
 74%|███████▎  | 2366/3213 [06:37<03:28,  4.05it/s]
 74%|███████▎  | 2367/3213 [06:37<03:03,  4.60it/s]
 74%|███████▎  | 2368/3213 [06:38<02:52,  4.91it/s]
 74%|███████▎  | 2369/3213 [06:38<02:41,  5.24it/s]
 74%|███████▍  | 2370/3213 [06:38<02:32,  5.53it/s]
 74%|███████▍  | 2371/3213 [06:38<02:27,  5.69it/s]
 74%|███████▍  | 2372/3213 [06:38<02:29,  5.64it/s]
 74%|███████▍  | 2373/3213 [06:38<02:16,  6.16it/s]
 74%|███████▍  | 2374/3213 [06:39<02:21,  5.94it/s]
 74%|███████▍  | 2375/3213 [06:39<02:30,  5.58it/s]
 74%|███████▍  | 2376/3213 [06:39<02:25,  5.77it/s]
 74%|███████▍  | 2377/3213 [06:39<02:20,  5.94it/s]
 74%|███████▍  | 2378/3213 [06:39<02:15,  6.15it/s]
 74%|███████▍  | 2379/3213 [06:40<02:33,  5.42it/s]
 74%|███████▍  | 2380/3213 [06:40<02:25,  5.73it/s]
 74%|███████▍  | 2381/3213 [06:40<02:22,  5.83it/s]
 74%|███████▍  | 2382/3213 [06:40<02:21,  5.85it/s]
 74%|███████▍  | 2383/3213 [06:40<02:29,  5.55it/s]
 74%|███████▍  | 2384/3213 [06:40<02:26,  5.65it/s]
 74%|███████▍  | 2385/3213 [06:41<02:34,  5.35it/s]
 74%|███████▍  | 2386/3213 [06:41<02:20,  5.87it/s]
 74%|███████▍  | 2387/3213 [06:41<02:12,  6.24it/s]
 74%|███████▍  | 2388/3213 [06:41<02:18,  5.94it/s]
 74%|███████▍  | 2389/3213 [06:41<02:21,  5.84it/s]
 74%|███████▍  | 2390/3213 [06:41<02:26,  5.62it/s]
 74%|███████▍  | 2391/3213 [06:42<02:12,  6.21it/s]
 74%|███████▍  | 2392/3213 [06:42<02:10,  6.29it/s]
 74%|███████▍  | 2393/3213 [06:42<02:12,  6.17it/s]
 75%|███████▍  | 2394/3213 [06:42<02:12,  6.20it/s]
 75%|███████▍  | 2395/3213 [06:42<02:17,  5.96it/s]
 75%|███████▍  | 2396/3213 [06:42<02:28,  5.50it/s]
 75%|███████▍  | 2397/3213 [06:43<02:32,  5.35it/s]
 75%|███████▍  | 2398/3213 [06:43<02:29,  5.44it/s]
 75%|███████▍  | 2399/3213 [06:43<02:22,  5.71it/s]
 75%|███████▍  | 2400/3213 [06:43<02:19,  5.81it/s]
                                                   
{'loss': 0.1845, 'grad_norm': 0.47698989510536194, 'learning_rate': 5.060690943043884e-06, 'epoch': 2.24}

 75%|███████▍  | 2400/3213 [06:43<02:19,  5.81it/s]
 75%|███████▍  | 2401/3213 [06:43<02:17,  5.92it/s]
 75%|███████▍  | 2402/3213 [06:43<02:08,  6.32it/s]
 75%|███████▍  | 2403/3213 [06:44<02:09,  6.23it/s]
 75%|███████▍  | 2404/3213 [06:44<02:03,  6.55it/s]
 75%|███████▍  | 2405/3213 [06:44<02:14,  6.02it/s]
 75%|███████▍  | 2406/3213 [06:44<02:16,  5.90it/s]
 75%|███████▍  | 2407/3213 [06:44<02:21,  5.72it/s]
 75%|███████▍  | 2408/3213 [06:44<02:22,  5.66it/s]
 75%|███████▍  | 2409/3213 [06:45<02:10,  6.18it/s]
 75%|███████▌  | 2410/3213 [06:45<02:13,  6.01it/s]
 75%|███████▌  | 2411/3213 [06:45<02:03,  6.52it/s]
 75%|███████▌  | 2412/3213 [06:45<02:28,  5.40it/s]
 75%|███████▌  | 2413/3213 [06:45<02:32,  5.26it/s]
 75%|███████▌  | 2414/3213 [06:45<02:15,  5.90it/s]
 75%|███████▌  | 2415/3213 [06:46<02:10,  6.10it/s]
 75%|███████▌  | 2416/3213 [06:46<02:13,  5.98it/s]
 75%|███████▌  | 2417/3213 [06:46<02:04,  6.37it/s]
 75%|███████▌  | 2418/3213 [06:46<02:03,  6.41it/s]
 75%|███████▌  | 2419/3213 [06:46<02:09,  6.11it/s]
 75%|███████▌  | 2420/3213 [06:46<02:15,  5.86it/s]
 75%|███████▌  | 2421/3213 [06:47<02:15,  5.84it/s]
 75%|███████▌  | 2422/3213 [06:47<02:03,  6.40it/s]
 75%|███████▌  | 2423/3213 [06:47<02:04,  6.33it/s]
 75%|███████▌  | 2424/3213 [06:47<01:58,  6.68it/s]
 75%|███████▌  | 2425/3213 [06:47<01:57,  6.69it/s]
 76%|███████▌  | 2426/3213 [06:47<02:12,  5.92it/s]
 76%|███████▌  | 2427/3213 [06:48<02:08,  6.11it/s]
 76%|███████▌  | 2428/3213 [06:48<02:15,  5.81it/s]
 76%|███████▌  | 2429/3213 [06:48<02:11,  5.96it/s]
 76%|███████▌  | 2430/3213 [06:48<02:08,  6.08it/s]
 76%|███████▌  | 2431/3213 [06:48<02:10,  6.00it/s]
 76%|███████▌  | 2432/3213 [06:48<02:14,  5.82it/s]
 76%|███████▌  | 2433/3213 [06:49<02:16,  5.73it/s]
 76%|███████▌  | 2434/3213 [06:49<02:18,  5.61it/s]
 76%|███████▌  | 2435/3213 [06:49<02:07,  6.08it/s]
 76%|███████▌  | 2436/3213 [06:49<02:05,  6.17it/s]
 76%|███████▌  | 2437/3213 [06:49<02:07,  6.07it/s]
 76%|███████▌  | 2438/3213 [06:49<02:08,  6.04it/s]
 76%|███████▌  | 2439/3213 [06:50<02:13,  5.81it/s]
 76%|███████▌  | 2440/3213 [06:50<02:04,  6.23it/s]
 76%|███████▌  | 2441/3213 [06:50<01:58,  6.52it/s]
 76%|███████▌  | 2442/3213 [06:50<02:00,  6.39it/s]
 76%|███████▌  | 2443/3213 [06:50<02:16,  5.66it/s]
 76%|███████▌  | 2444/3213 [06:50<02:26,  5.24it/s]
 76%|███████▌  | 2445/3213 [06:51<02:28,  5.18it/s]
 76%|███████▌  | 2446/3213 [06:51<02:20,  5.47it/s]
 76%|███████▌  | 2447/3213 [06:51<02:12,  5.79it/s]
 76%|███████▌  | 2448/3213 [06:51<02:03,  6.19it/s]
 76%|███████▌  | 2449/3213 [06:51<02:04,  6.16it/s]
 76%|███████▋  | 2450/3213 [06:51<01:59,  6.40it/s]
                                                   
{'loss': 0.1829, 'grad_norm': 0.4061387777328491, 'learning_rate': 4.749455337690632e-06, 'epoch': 2.29}

 76%|███████▋  | 2450/3213 [06:51<01:59,  6.40it/s]
 76%|███████▋  | 2451/3213 [06:52<02:08,  5.94it/s]
 76%|███████▋  | 2452/3213 [06:52<02:07,  5.96it/s]
 76%|███████▋  | 2453/3213 [06:52<02:17,  5.53it/s]
 76%|███████▋  | 2454/3213 [06:52<02:06,  5.99it/s]
 76%|███████▋  | 2455/3213 [06:52<02:06,  5.99it/s]
 76%|███████▋  | 2456/3213 [06:52<02:01,  6.24it/s]
 76%|███████▋  | 2457/3213 [06:53<02:03,  6.11it/s]
 77%|███████▋  | 2458/3213 [06:53<01:59,  6.31it/s]
 77%|███████▋  | 2459/3213 [06:53<01:54,  6.61it/s]
 77%|███████▋  | 2460/3213 [06:53<01:51,  6.75it/s]
 77%|███████▋  | 2461/3213 [06:53<02:06,  5.94it/s]
 77%|███████▋  | 2462/3213 [06:53<02:02,  6.14it/s]
 77%|███████▋  | 2463/3213 [06:54<01:56,  6.44it/s]
 77%|███████▋  | 2464/3213 [06:54<01:56,  6.44it/s]
 77%|███████▋  | 2465/3213 [06:54<02:02,  6.09it/s]
 77%|███████▋  | 2466/3213 [06:54<02:09,  5.79it/s]
 77%|███████▋  | 2467/3213 [06:54<02:03,  6.02it/s]
 77%|███████▋  | 2468/3213 [06:54<02:00,  6.20it/s]
 77%|███████▋  | 2469/3213 [06:55<02:19,  5.32it/s]
 77%|███████▋  | 2470/3213 [06:55<02:07,  5.82it/s]
 77%|███████▋  | 2471/3213 [06:55<02:22,  5.22it/s]
 77%|███████▋  | 2472/3213 [06:55<02:08,  5.76it/s]
 77%|███████▋  | 2473/3213 [06:55<02:09,  5.70it/s]
 77%|███████▋  | 2474/3213 [06:55<02:13,  5.56it/s]
 77%|███████▋  | 2475/3213 [06:56<02:04,  5.93it/s]
 77%|███████▋  | 2476/3213 [06:56<02:02,  6.00it/s]
 77%|███████▋  | 2477/3213 [06:56<02:09,  5.70it/s]
 77%|███████▋  | 2478/3213 [06:56<02:21,  5.20it/s]
 77%|███████▋  | 2479/3213 [06:56<02:15,  5.41it/s]
 77%|███████▋  | 2480/3213 [06:57<02:13,  5.47it/s]
 77%|███████▋  | 2481/3213 [06:57<02:02,  5.96it/s]
 77%|███████▋  | 2482/3213 [06:57<01:59,  6.14it/s]
 77%|███████▋  | 2483/3213 [06:57<01:57,  6.19it/s]
 77%|███████▋  | 2484/3213 [06:57<01:57,  6.21it/s]
 77%|███████▋  | 2485/3213 [06:57<01:59,  6.11it/s]
 77%|███████▋  | 2486/3213 [06:58<02:00,  6.04it/s]
 77%|███████▋  | 2487/3213 [06:58<01:55,  6.26it/s]
 77%|███████▋  | 2488/3213 [06:58<01:53,  6.40it/s]
 77%|███████▋  | 2489/3213 [06:58<01:49,  6.59it/s]
 77%|███████▋  | 2490/3213 [06:58<01:53,  6.38it/s]
 78%|███████▊  | 2491/3213 [06:58<02:10,  5.53it/s]
 78%|███████▊  | 2492/3213 [06:59<02:04,  5.81it/s]
 78%|███████▊  | 2493/3213 [06:59<02:05,  5.76it/s]
 78%|███████▊  | 2494/3213 [06:59<02:08,  5.61it/s]
 78%|███████▊  | 2495/3213 [06:59<02:02,  5.88it/s]
 78%|███████▊  | 2496/3213 [06:59<02:21,  5.06it/s]
 78%|███████▊  | 2497/3213 [06:59<02:13,  5.36it/s]
 78%|███████▊  | 2498/3213 [07:00<02:08,  5.55it/s]
 78%|███████▊  | 2499/3213 [07:00<02:10,  5.48it/s]
 78%|███████▊  | 2500/3213 [07:00<02:10,  5.45it/s]
                                                   
{'loss': 0.196, 'grad_norm': 0.5717038512229919, 'learning_rate': 4.43821973233738e-06, 'epoch': 2.33}

 78%|███████▊  | 2500/3213 [07:00<02:10,  5.45it/s]
 78%|███████▊  | 2501/3213 [07:00<02:06,  5.64it/s]
 78%|███████▊  | 2502/3213 [07:00<02:22,  5.01it/s]
 78%|███████▊  | 2503/3213 [07:01<02:16,  5.20it/s]
 78%|███████▊  | 2504/3213 [07:01<02:15,  5.24it/s]
 78%|███████▊  | 2505/3213 [07:01<02:15,  5.22it/s]
 78%|███████▊  | 2506/3213 [07:01<02:09,  5.44it/s]
 78%|███████▊  | 2507/3213 [07:01<02:05,  5.60it/s]
 78%|███████▊  | 2508/3213 [07:01<02:07,  5.55it/s]
 78%|███████▊  | 2509/3213 [07:02<02:17,  5.10it/s]
 78%|███████▊  | 2510/3213 [07:02<02:24,  4.86it/s]
 78%|███████▊  | 2511/3213 [07:02<02:08,  5.44it/s]
 78%|███████▊  | 2512/3213 [07:02<02:14,  5.21it/s]
 78%|███████▊  | 2513/3213 [07:03<02:28,  4.70it/s]
 78%|███████▊  | 2514/3213 [07:03<02:18,  5.04it/s]
 78%|███████▊  | 2515/3213 [07:03<02:20,  4.97it/s]
 78%|███████▊  | 2516/3213 [07:03<02:21,  4.94it/s]
 78%|███████▊  | 2517/3213 [07:03<02:20,  4.95it/s]
 78%|███████▊  | 2518/3213 [07:04<02:18,  5.02it/s]
 78%|███████▊  | 2519/3213 [07:04<02:27,  4.70it/s]
 78%|███████▊  | 2520/3213 [07:04<02:27,  4.71it/s]
 78%|███████▊  | 2521/3213 [07:04<02:14,  5.14it/s]
 78%|███████▊  | 2522/3213 [07:04<02:29,  4.63it/s]
 79%|███████▊  | 2523/3213 [07:05<02:22,  4.83it/s]
 79%|███████▊  | 2524/3213 [07:05<02:28,  4.64it/s]
 79%|███████▊  | 2525/3213 [07:05<02:35,  4.41it/s]
 79%|███████▊  | 2526/3213 [07:05<02:21,  4.87it/s]
 79%|███████▊  | 2527/3213 [07:05<02:37,  4.37it/s]
 79%|███████▊  | 2528/3213 [07:06<02:34,  4.44it/s]
 79%|███████▊  | 2529/3213 [07:06<02:49,  4.03it/s]
 79%|███████▊  | 2530/3213 [07:06<03:07,  3.65it/s]
 79%|███████▉  | 2531/3213 [07:07<03:00,  3.77it/s]
 79%|███████▉  | 2532/3213 [07:07<02:57,  3.83it/s]
 79%|███████▉  | 2533/3213 [07:07<02:50,  3.99it/s]
 79%|███████▉  | 2534/3213 [07:07<02:59,  3.79it/s]
 79%|███████▉  | 2535/3213 [07:08<02:59,  3.77it/s]
 79%|███████▉  | 2536/3213 [07:08<03:03,  3.69it/s]
 79%|███████▉  | 2537/3213 [07:08<02:56,  3.83it/s]
 79%|███████▉  | 2538/3213 [07:08<02:45,  4.08it/s]
 79%|███████▉  | 2539/3213 [07:09<02:41,  4.16it/s]
 79%|███████▉  | 2540/3213 [07:09<02:42,  4.14it/s]
 79%|███████▉  | 2541/3213 [07:09<02:28,  4.53it/s]
 79%|███████▉  | 2542/3213 [07:09<02:16,  4.93it/s]
 79%|███████▉  | 2543/3213 [07:09<02:16,  4.91it/s]
 79%|███████▉  | 2544/3213 [07:10<02:17,  4.88it/s]
 79%|███████▉  | 2545/3213 [07:10<02:15,  4.94it/s]
 79%|███████▉  | 2546/3213 [07:10<02:14,  4.97it/s]
 79%|███████▉  | 2547/3213 [07:10<02:16,  4.89it/s]
 79%|███████▉  | 2548/3213 [07:10<02:09,  5.13it/s]
 79%|███████▉  | 2549/3213 [07:11<02:00,  5.52it/s]
 79%|███████▉  | 2550/3213 [07:11<02:01,  5.47it/s]
                                                   
{'loss': 0.1829, 'grad_norm': 0.47801342606544495, 'learning_rate': 4.126984126984127e-06, 'epoch': 2.38}

 79%|███████▉  | 2550/3213 [07:11<02:01,  5.47it/s]
 79%|███████▉  | 2551/3213 [07:11<02:28,  4.46it/s]
 79%|███████▉  | 2552/3213 [07:11<02:27,  4.49it/s]
 79%|███████▉  | 2553/3213 [07:11<02:19,  4.73it/s]
 79%|███████▉  | 2554/3213 [07:12<02:26,  4.50it/s]
 80%|███████▉  | 2555/3213 [07:12<02:14,  4.90it/s]
 80%|███████▉  | 2556/3213 [07:12<02:07,  5.13it/s]
 80%|███████▉  | 2557/3213 [07:12<02:36,  4.19it/s]
 80%|███████▉  | 2558/3213 [07:13<02:42,  4.02it/s]
 80%|███████▉  | 2559/3213 [07:13<02:37,  4.16it/s]
 80%|███████▉  | 2560/3213 [07:13<02:30,  4.35it/s]
 80%|███████▉  | 2561/3213 [07:13<02:33,  4.25it/s]
 80%|███████▉  | 2562/3213 [07:14<02:36,  4.16it/s]
 80%|███████▉  | 2563/3213 [07:14<02:48,  3.85it/s]
 80%|███████▉  | 2564/3213 [07:14<02:46,  3.90it/s]
 80%|███████▉  | 2565/3213 [07:14<02:43,  3.96it/s]
 80%|███████▉  | 2566/3213 [07:15<02:34,  4.19it/s]
 80%|███████▉  | 2567/3213 [07:15<02:40,  4.02it/s]
 80%|███████▉  | 2568/3213 [07:15<02:29,  4.33it/s]
 80%|███████▉  | 2569/3213 [07:15<02:21,  4.55it/s]
 80%|███████▉  | 2570/3213 [07:15<02:16,  4.69it/s]
 80%|████████  | 2571/3213 [07:16<02:13,  4.81it/s]
 80%|████████  | 2572/3213 [07:16<02:09,  4.93it/s]
 80%|████████  | 2573/3213 [07:16<02:10,  4.91it/s]
 80%|████████  | 2574/3213 [07:16<02:18,  4.62it/s]
 80%|████████  | 2575/3213 [07:16<02:12,  4.80it/s]
 80%|████████  | 2576/3213 [07:17<02:32,  4.18it/s]
 80%|████████  | 2577/3213 [07:17<02:31,  4.20it/s]
 80%|████████  | 2578/3213 [07:17<02:15,  4.68it/s]
 80%|████████  | 2579/3213 [07:17<02:10,  4.85it/s]
 80%|████████  | 2580/3213 [07:18<02:09,  4.87it/s]
 80%|████████  | 2581/3213 [07:18<02:15,  4.65it/s]
 80%|████████  | 2582/3213 [07:18<02:13,  4.71it/s]
 80%|████████  | 2583/3213 [07:18<02:14,  4.69it/s]
 80%|████████  | 2584/3213 [07:18<02:25,  4.33it/s]
 80%|████████  | 2585/3213 [07:19<02:19,  4.51it/s]
 80%|████████  | 2586/3213 [07:19<02:11,  4.75it/s]
 81%|████████  | 2587/3213 [07:19<02:28,  4.20it/s]
 81%|████████  | 2588/3213 [07:19<02:21,  4.43it/s]
 81%|████████  | 2589/3213 [07:20<02:09,  4.83it/s]
 81%|████████  | 2590/3213 [07:20<02:00,  5.18it/s]
 81%|████████  | 2591/3213 [07:20<02:10,  4.76it/s]
 81%|████████  | 2592/3213 [07:20<02:02,  5.08it/s]
 81%|████████  | 2593/3213 [07:21<03:08,  3.29it/s]
 81%|████████  | 2594/3213 [07:21<02:49,  3.66it/s]
 81%|████████  | 2595/3213 [07:21<02:33,  4.02it/s]
 81%|████████  | 2596/3213 [07:21<02:38,  3.90it/s]
 81%|████████  | 2597/3213 [07:22<02:45,  3.72it/s]
 81%|████████  | 2598/3213 [07:22<02:42,  3.79it/s]
 81%|████████  | 2599/3213 [07:22<02:26,  4.19it/s]
 81%|████████  | 2600/3213 [07:22<02:19,  4.39it/s]
                                                   
{'loss': 0.1874, 'grad_norm': 0.5715683698654175, 'learning_rate': 3.815748521630875e-06, 'epoch': 2.43}

 81%|████████  | 2600/3213 [07:22<02:19,  4.39it/s]
 81%|████████  | 2601/3213 [07:22<02:11,  4.64it/s]
 81%|████████  | 2602/3213 [07:23<02:04,  4.90it/s]
 81%|████████  | 2603/3213 [07:23<01:57,  5.21it/s]
 81%|████████  | 2604/3213 [07:23<01:53,  5.38it/s]
 81%|████████  | 2605/3213 [07:23<01:53,  5.34it/s]
 81%|████████  | 2606/3213 [07:23<01:54,  5.32it/s]
 81%|████████  | 2607/3213 [07:23<01:47,  5.63it/s]
 81%|████████  | 2608/3213 [07:24<01:48,  5.58it/s]
 81%|████████  | 2609/3213 [07:24<01:48,  5.57it/s]
 81%|████████  | 2610/3213 [07:24<01:50,  5.44it/s]
 81%|████████▏ | 2611/3213 [07:24<01:49,  5.50it/s]
 81%|████████▏ | 2612/3213 [07:24<01:43,  5.79it/s]
 81%|████████▏ | 2613/3213 [07:25<01:53,  5.28it/s]
 81%|████████▏ | 2614/3213 [07:25<01:52,  5.31it/s]
 81%|████████▏ | 2615/3213 [07:25<01:50,  5.40it/s]
 81%|████████▏ | 2616/3213 [07:25<01:49,  5.44it/s]
 81%|████████▏ | 2617/3213 [07:25<02:06,  4.72it/s]
 81%|████████▏ | 2618/3213 [07:26<02:07,  4.66it/s]
 82%|████████▏ | 2619/3213 [07:26<02:01,  4.91it/s]
 82%|████████▏ | 2620/3213 [07:26<02:05,  4.72it/s]
 82%|████████▏ | 2621/3213 [07:26<02:00,  4.92it/s]
 82%|████████▏ | 2622/3213 [07:26<01:58,  5.00it/s]
 82%|████████▏ | 2623/3213 [07:27<02:11,  4.48it/s]
 82%|████████▏ | 2624/3213 [07:27<02:04,  4.75it/s]
 82%|████████▏ | 2625/3213 [07:27<01:52,  5.20it/s]
 82%|████████▏ | 2626/3213 [07:27<02:06,  4.63it/s]
 82%|████████▏ | 2627/3213 [07:27<02:01,  4.81it/s]
 82%|████████▏ | 2628/3213 [07:28<01:54,  5.11it/s]
 82%|████████▏ | 2629/3213 [07:28<01:52,  5.21it/s]
 82%|████████▏ | 2630/3213 [07:28<02:18,  4.20it/s]
 82%|████████▏ | 2631/3213 [07:28<02:09,  4.51it/s]
 82%|████████▏ | 2632/3213 [07:29<02:11,  4.40it/s]
 82%|████████▏ | 2633/3213 [07:29<02:17,  4.23it/s]
 82%|████████▏ | 2634/3213 [07:29<02:06,  4.58it/s]
 82%|████████▏ | 2635/3213 [07:29<02:12,  4.35it/s]
 82%|████████▏ | 2636/3213 [07:29<02:07,  4.54it/s]
 82%|████████▏ | 2637/3213 [07:30<02:18,  4.16it/s]
 82%|████████▏ | 2638/3213 [07:30<02:06,  4.54it/s]
 82%|████████▏ | 2639/3213 [07:30<01:58,  4.86it/s]
 82%|████████▏ | 2640/3213 [07:30<01:54,  5.01it/s]
 82%|████████▏ | 2641/3213 [07:30<01:48,  5.26it/s]
 82%|████████▏ | 2642/3213 [07:31<01:48,  5.25it/s]
 82%|████████▏ | 2643/3213 [07:31<01:48,  5.24it/s]
 82%|████████▏ | 2644/3213 [07:31<01:45,  5.39it/s]
 82%|████████▏ | 2645/3213 [07:31<02:06,  4.49it/s]
 82%|████████▏ | 2646/3213 [07:32<01:56,  4.87it/s]
 82%|████████▏ | 2647/3213 [07:32<01:52,  5.03it/s]
 82%|████████▏ | 2648/3213 [07:32<01:56,  4.84it/s]
 82%|████████▏ | 2649/3213 [07:32<02:16,  4.14it/s]
 82%|████████▏ | 2650/3213 [07:32<02:05,  4.48it/s]
                                                   
{'loss': 0.1754, 'grad_norm': 0.5370566248893738, 'learning_rate': 3.5045129162776226e-06, 'epoch': 2.47}

 82%|████████▏ | 2650/3213 [07:32<02:05,  4.48it/s]
 83%|████████▎ | 2651/3213 [07:33<02:07,  4.41it/s]
 83%|████████▎ | 2652/3213 [07:33<02:10,  4.29it/s]
 83%|████████▎ | 2653/3213 [07:33<02:01,  4.61it/s]
 83%|████████▎ | 2654/3213 [07:33<02:00,  4.64it/s]
 83%|████████▎ | 2655/3213 [07:33<01:53,  4.92it/s]
 83%|████████▎ | 2656/3213 [07:34<02:00,  4.63it/s]
 83%|████████▎ | 2657/3213 [07:34<01:56,  4.79it/s]
 83%|████████▎ | 2658/3213 [07:34<01:52,  4.92it/s]
 83%|████████▎ | 2659/3213 [07:34<01:49,  5.04it/s]
 83%|████████▎ | 2660/3213 [07:34<01:49,  5.06it/s]
 83%|████████▎ | 2661/3213 [07:35<01:43,  5.34it/s]
 83%|████████▎ | 2662/3213 [07:35<01:38,  5.61it/s]
 83%|████████▎ | 2663/3213 [07:35<02:05,  4.39it/s]
 83%|████████▎ | 2664/3213 [07:35<02:02,  4.48it/s]
 83%|████████▎ | 2665/3213 [07:36<01:52,  4.85it/s]
 83%|████████▎ | 2666/3213 [07:36<01:50,  4.95it/s]
 83%|████████▎ | 2667/3213 [07:36<01:48,  5.06it/s]
 83%|████████▎ | 2668/3213 [07:36<01:51,  4.90it/s]
 83%|████████▎ | 2669/3213 [07:36<01:48,  5.00it/s]
 83%|████████▎ | 2670/3213 [07:37<01:52,  4.82it/s]
 83%|████████▎ | 2671/3213 [07:37<01:50,  4.90it/s]
 83%|████████▎ | 2672/3213 [07:37<01:48,  4.97it/s]
 83%|████████▎ | 2673/3213 [07:37<01:47,  5.02it/s]
 83%|████████▎ | 2674/3213 [07:37<01:38,  5.47it/s]
 83%|████████▎ | 2675/3213 [07:37<01:34,  5.67it/s]
 83%|████████▎ | 2676/3213 [07:38<01:35,  5.63it/s]
 83%|████████▎ | 2677/3213 [07:38<01:32,  5.79it/s]
 83%|████████▎ | 2678/3213 [07:38<01:31,  5.82it/s]
 83%|████████▎ | 2679/3213 [07:38<01:34,  5.64it/s]
 83%|████████▎ | 2680/3213 [07:38<01:46,  4.99it/s]
 83%|████████▎ | 2681/3213 [07:39<01:43,  5.14it/s]
 83%|████████▎ | 2682/3213 [07:39<01:34,  5.62it/s]
 84%|████████▎ | 2683/3213 [07:39<01:36,  5.47it/s]
 84%|████████▎ | 2684/3213 [07:39<01:37,  5.44it/s]
 84%|████████▎ | 2685/3213 [07:39<01:35,  5.54it/s]
 84%|████████▎ | 2686/3213 [07:39<01:29,  5.87it/s]
 84%|████████▎ | 2687/3213 [07:40<01:29,  5.85it/s]
 84%|████████▎ | 2688/3213 [07:40<01:28,  5.91it/s]
 84%|████████▎ | 2689/3213 [07:40<01:34,  5.55it/s]
 84%|████████▎ | 2690/3213 [07:40<01:31,  5.70it/s]
 84%|████████▍ | 2691/3213 [07:40<02:04,  4.19it/s]
 84%|████████▍ | 2692/3213 [07:41<02:26,  3.55it/s]
 84%|████████▍ | 2693/3213 [07:41<02:24,  3.61it/s]
 84%|████████▍ | 2694/3213 [07:41<02:21,  3.67it/s]
 84%|████████▍ | 2695/3213 [07:42<02:25,  3.55it/s]
 84%|████████▍ | 2696/3213 [07:42<02:23,  3.59it/s]
 84%|████████▍ | 2697/3213 [07:42<02:09,  3.99it/s]
 84%|████████▍ | 2698/3213 [07:42<02:01,  4.25it/s]
 84%|████████▍ | 2699/3213 [07:43<02:00,  4.26it/s]
 84%|████████▍ | 2700/3213 [07:43<02:06,  4.04it/s]
                                                   
{'loss': 0.1865, 'grad_norm': 0.44499534368515015, 'learning_rate': 3.1932773109243696e-06, 'epoch': 2.52}

 84%|████████▍ | 2700/3213 [07:43<02:06,  4.04it/s]
 84%|████████▍ | 2701/3213 [07:43<02:09,  3.97it/s]
 84%|████████▍ | 2702/3213 [07:43<02:04,  4.12it/s]
 84%|████████▍ | 2703/3213 [07:44<02:07,  3.99it/s]
 84%|████████▍ | 2704/3213 [07:44<02:05,  4.05it/s]
 84%|████████▍ | 2705/3213 [07:44<01:57,  4.31it/s]
 84%|████████▍ | 2706/3213 [07:44<02:07,  3.97it/s]
 84%|████████▍ | 2707/3213 [07:45<01:58,  4.27it/s]
 84%|████████▍ | 2708/3213 [07:45<01:45,  4.79it/s]
 84%|████████▍ | 2709/3213 [07:45<01:39,  5.07it/s]
 84%|████████▍ | 2710/3213 [07:45<01:40,  5.01it/s]
 84%|████████▍ | 2711/3213 [07:45<01:42,  4.91it/s]
 84%|████████▍ | 2712/3213 [07:46<01:44,  4.78it/s]
 84%|████████▍ | 2713/3213 [07:46<01:37,  5.13it/s]
 84%|████████▍ | 2714/3213 [07:46<01:44,  4.79it/s]
 85%|████████▍ | 2715/3213 [07:46<01:52,  4.42it/s]
 85%|████████▍ | 2716/3213 [07:46<01:43,  4.81it/s]
 85%|████████▍ | 2717/3213 [07:47<01:44,  4.74it/s]
 85%|████████▍ | 2718/3213 [07:47<01:40,  4.91it/s]
 85%|████████▍ | 2719/3213 [07:47<01:36,  5.14it/s]
 85%|████████▍ | 2720/3213 [07:47<01:29,  5.52it/s]
 85%|████████▍ | 2721/3213 [07:47<01:27,  5.62it/s]
 85%|████████▍ | 2722/3213 [07:47<01:28,  5.54it/s]
 85%|████████▍ | 2723/3213 [07:48<01:28,  5.56it/s]
 85%|████████▍ | 2724/3213 [07:48<01:31,  5.35it/s]
 85%|████████▍ | 2725/3213 [07:48<01:29,  5.43it/s]
 85%|████████▍ | 2726/3213 [07:48<01:31,  5.32it/s]
 85%|████████▍ | 2727/3213 [07:48<01:37,  4.99it/s]
 85%|████████▍ | 2728/3213 [07:49<01:43,  4.70it/s]
 85%|████████▍ | 2729/3213 [07:49<01:43,  4.66it/s]
 85%|████████▍ | 2730/3213 [07:49<01:37,  4.94it/s]
 85%|████████▍ | 2731/3213 [07:49<01:45,  4.57it/s]
 85%|████████▌ | 2732/3213 [07:49<01:36,  4.96it/s]
 85%|████████▌ | 2733/3213 [07:50<01:32,  5.21it/s]
 85%|████████▌ | 2734/3213 [07:50<01:33,  5.10it/s]
 85%|████████▌ | 2735/3213 [07:50<01:30,  5.28it/s]
 85%|████████▌ | 2736/3213 [07:50<01:29,  5.35it/s]
 85%|████████▌ | 2737/3213 [07:50<01:34,  5.05it/s]
 85%|████████▌ | 2738/3213 [07:51<01:33,  5.09it/s]
 85%|████████▌ | 2739/3213 [07:51<01:28,  5.34it/s]
 85%|████████▌ | 2740/3213 [07:51<01:25,  5.53it/s]
 85%|████████▌ | 2741/3213 [07:51<01:21,  5.76it/s]
 85%|████████▌ | 2742/3213 [07:51<01:28,  5.33it/s]
 85%|████████▌ | 2743/3213 [07:51<01:24,  5.54it/s]
 85%|████████▌ | 2744/3213 [07:52<01:28,  5.33it/s]
 85%|████████▌ | 2745/3213 [07:52<01:25,  5.48it/s]
 85%|████████▌ | 2746/3213 [07:52<01:29,  5.22it/s]
 85%|████████▌ | 2747/3213 [07:52<01:30,  5.16it/s]
 86%|████████▌ | 2748/3213 [07:52<01:30,  5.14it/s]
 86%|████████▌ | 2749/3213 [07:53<01:30,  5.15it/s]
 86%|████████▌ | 2750/3213 [07:53<01:28,  5.24it/s]
                                                   
{'loss': 0.1959, 'grad_norm': 1.0077437162399292, 'learning_rate': 2.8820417055711176e-06, 'epoch': 2.57}

 86%|████████▌ | 2750/3213 [07:53<01:28,  5.24it/s]
 86%|████████▌ | 2751/3213 [07:53<01:26,  5.37it/s]
 86%|████████▌ | 2752/3213 [07:53<01:27,  5.28it/s]
 86%|████████▌ | 2753/3213 [07:53<01:28,  5.18it/s]
 86%|████████▌ | 2754/3213 [07:54<01:23,  5.49it/s]
 86%|████████▌ | 2755/3213 [07:54<01:49,  4.17it/s]
 86%|████████▌ | 2756/3213 [07:54<01:36,  4.75it/s]
 86%|████████▌ | 2757/3213 [07:54<01:42,  4.44it/s]
 86%|████████▌ | 2758/3213 [07:55<01:40,  4.54it/s]
 86%|████████▌ | 2759/3213 [07:55<01:37,  4.67it/s]
 86%|████████▌ | 2760/3213 [07:55<01:48,  4.18it/s]
 86%|████████▌ | 2761/3213 [07:56<02:26,  3.09it/s]
 86%|████████▌ | 2762/3213 [07:56<02:23,  3.13it/s]
 86%|████████▌ | 2763/3213 [07:56<02:11,  3.41it/s]
 86%|████████▌ | 2764/3213 [07:56<02:06,  3.54it/s]
 86%|████████▌ | 2765/3213 [07:57<02:02,  3.65it/s]
 86%|████████▌ | 2766/3213 [07:57<01:51,  4.02it/s]
 86%|████████▌ | 2767/3213 [07:57<01:41,  4.37it/s]
 86%|████████▌ | 2768/3213 [07:57<01:35,  4.65it/s]
 86%|████████▌ | 2769/3213 [07:57<01:33,  4.72it/s]
 86%|████████▌ | 2770/3213 [07:58<01:33,  4.76it/s]
 86%|████████▌ | 2771/3213 [07:58<01:26,  5.08it/s]
 86%|████████▋ | 2772/3213 [07:58<01:26,  5.11it/s]
 86%|████████▋ | 2773/3213 [07:58<01:29,  4.93it/s]
 86%|████████▋ | 2774/3213 [07:58<01:27,  4.99it/s]
 86%|████████▋ | 2775/3213 [07:59<01:25,  5.12it/s]
 86%|████████▋ | 2776/3213 [07:59<01:21,  5.34it/s]
 86%|████████▋ | 2777/3213 [07:59<01:40,  4.36it/s]
 86%|████████▋ | 2778/3213 [07:59<01:37,  4.44it/s]
 86%|████████▋ | 2779/3213 [07:59<01:38,  4.42it/s]
 87%|████████▋ | 2780/3213 [08:00<01:35,  4.56it/s]
 87%|████████▋ | 2781/3213 [08:00<01:28,  4.89it/s]
 87%|████████▋ | 2782/3213 [08:00<01:23,  5.16it/s]
 87%|████████▋ | 2783/3213 [08:00<01:42,  4.18it/s]
 87%|████████▋ | 2784/3213 [08:01<01:44,  4.10it/s]
 87%|████████▋ | 2785/3213 [08:01<01:33,  4.56it/s]
 87%|████████▋ | 2786/3213 [08:01<01:33,  4.56it/s]
 87%|████████▋ | 2787/3213 [08:01<01:33,  4.55it/s]
 87%|████████▋ | 2788/3213 [08:01<01:36,  4.40it/s]
 87%|████████▋ | 2789/3213 [08:02<01:31,  4.66it/s]
 87%|████████▋ | 2790/3213 [08:02<01:34,  4.50it/s]
 87%|████████▋ | 2791/3213 [08:02<01:35,  4.43it/s]
 87%|████████▋ | 2792/3213 [08:02<01:49,  3.83it/s]
 87%|████████▋ | 2793/3213 [08:03<01:39,  4.22it/s]
 87%|████████▋ | 2794/3213 [08:03<01:30,  4.62it/s]
 87%|████████▋ | 2795/3213 [08:03<01:32,  4.52it/s]
 87%|████████▋ | 2796/3213 [08:03<01:27,  4.76it/s]
 87%|████████▋ | 2797/3213 [08:03<01:31,  4.54it/s]
 87%|████████▋ | 2798/3213 [08:04<01:30,  4.59it/s]
 87%|████████▋ | 2799/3213 [08:04<01:21,  5.07it/s]
 87%|████████▋ | 2800/3213 [08:04<01:15,  5.47it/s]
                                                   
{'loss': 0.1857, 'grad_norm': 0.5200579166412354, 'learning_rate': 2.570806100217865e-06, 'epoch': 2.61}

 87%|████████▋ | 2800/3213 [08:04<01:15,  5.47it/s]
 87%|████████▋ | 2801/3213 [08:04<01:13,  5.60it/s]
 87%|████████▋ | 2802/3213 [08:04<01:19,  5.17it/s]
 87%|████████▋ | 2803/3213 [08:05<01:14,  5.54it/s]
 87%|████████▋ | 2804/3213 [08:05<01:14,  5.48it/s]
 87%|████████▋ | 2805/3213 [08:05<01:12,  5.65it/s]
 87%|████████▋ | 2806/3213 [08:05<01:15,  5.36it/s]
 87%|████████▋ | 2807/3213 [08:05<01:13,  5.56it/s]
 87%|████████▋ | 2808/3213 [08:05<01:12,  5.61it/s]
 87%|████████▋ | 2809/3213 [08:06<01:11,  5.66it/s]
 87%|████████▋ | 2810/3213 [08:06<01:11,  5.60it/s]
 87%|████████▋ | 2811/3213 [08:06<01:10,  5.74it/s]
 88%|████████▊ | 2812/3213 [08:06<01:22,  4.86it/s]
 88%|████████▊ | 2813/3213 [08:06<01:21,  4.92it/s]
 88%|████████▊ | 2814/3213 [08:07<01:21,  4.89it/s]
 88%|████████▊ | 2815/3213 [08:07<01:29,  4.46it/s]
 88%|████████▊ | 2816/3213 [08:07<01:26,  4.60it/s]
 88%|████████▊ | 2817/3213 [08:07<01:29,  4.43it/s]
 88%|████████▊ | 2818/3213 [08:08<01:43,  3.82it/s]
 88%|████████▊ | 2819/3213 [08:08<01:42,  3.83it/s]
 88%|████████▊ | 2820/3213 [08:08<01:48,  3.63it/s]
 88%|████████▊ | 2821/3213 [08:09<01:44,  3.77it/s]
 88%|████████▊ | 2822/3213 [08:09<01:33,  4.18it/s]
 88%|████████▊ | 2823/3213 [08:09<01:27,  4.44it/s]
 88%|████████▊ | 2824/3213 [08:09<01:25,  4.54it/s]
 88%|████████▊ | 2825/3213 [08:10<01:45,  3.69it/s]
 88%|████████▊ | 2826/3213 [08:10<01:36,  3.99it/s]
 88%|████████▊ | 2827/3213 [08:10<01:26,  4.47it/s]
 88%|████████▊ | 2828/3213 [08:10<01:21,  4.70it/s]
 88%|████████▊ | 2829/3213 [08:10<01:19,  4.83it/s]
 88%|████████▊ | 2830/3213 [08:10<01:19,  4.80it/s]
 88%|████████▊ | 2831/3213 [08:11<01:18,  4.89it/s]
 88%|████████▊ | 2832/3213 [08:11<01:24,  4.53it/s]
 88%|████████▊ | 2833/3213 [08:11<01:18,  4.86it/s]
 88%|████████▊ | 2834/3213 [08:11<01:14,  5.06it/s]
 88%|████████▊ | 2835/3213 [08:11<01:09,  5.47it/s]
 88%|████████▊ | 2836/3213 [08:12<01:08,  5.49it/s]
 88%|████████▊ | 2837/3213 [08:12<01:06,  5.66it/s]
 88%|████████▊ | 2838/3213 [08:12<01:15,  4.95it/s]
 88%|████████▊ | 2839/3213 [08:12<01:12,  5.13it/s]
 88%|████████▊ | 2840/3213 [08:12<01:07,  5.52it/s]
 88%|████████▊ | 2841/3213 [08:13<01:11,  5.24it/s]
 88%|████████▊ | 2842/3213 [08:13<01:06,  5.61it/s]
 88%|████████▊ | 2843/3213 [08:13<01:16,  4.82it/s]
 89%|████████▊ | 2844/3213 [08:13<01:11,  5.18it/s]
 89%|████████▊ | 2845/3213 [08:13<01:10,  5.21it/s]
 89%|████████▊ | 2846/3213 [08:14<01:11,  5.17it/s]
 89%|████████▊ | 2847/3213 [08:14<01:10,  5.21it/s]
 89%|████████▊ | 2848/3213 [08:14<01:12,  5.03it/s]
 89%|████████▊ | 2849/3213 [08:14<01:12,  5.03it/s]
 89%|████████▊ | 2850/3213 [08:14<01:06,  5.43it/s]
                                                   
{'loss': 0.193, 'grad_norm': 0.4802216589450836, 'learning_rate': 2.2595704948646125e-06, 'epoch': 2.66}

 89%|████████▊ | 2850/3213 [08:14<01:06,  5.43it/s]
 89%|████████▊ | 2851/3213 [08:14<01:02,  5.77it/s]
 89%|████████▉ | 2852/3213 [08:15<01:00,  5.95it/s]
 89%|████████▉ | 2853/3213 [08:15<01:01,  5.82it/s]
 89%|████████▉ | 2854/3213 [08:15<01:02,  5.75it/s]
 89%|████████▉ | 2855/3213 [08:15<01:04,  5.57it/s]
 89%|████████▉ | 2856/3213 [08:15<01:10,  5.06it/s]
 89%|████████▉ | 2857/3213 [08:16<01:09,  5.13it/s]
 89%|████████▉ | 2858/3213 [08:16<01:08,  5.22it/s]
 89%|████████▉ | 2859/3213 [08:16<01:14,  4.78it/s]
 89%|████████▉ | 2860/3213 [08:16<01:16,  4.62it/s]
 89%|████████▉ | 2861/3213 [08:16<01:13,  4.77it/s]
 89%|████████▉ | 2862/3213 [08:17<01:08,  5.14it/s]
 89%|████████▉ | 2863/3213 [08:17<01:11,  4.93it/s]
 89%|████████▉ | 2864/3213 [08:17<01:05,  5.35it/s]
 89%|████████▉ | 2865/3213 [08:17<01:11,  4.87it/s]
 89%|████████▉ | 2866/3213 [08:17<01:11,  4.86it/s]
 89%|████████▉ | 2867/3213 [08:18<01:09,  4.97it/s]
 89%|████████▉ | 2868/3213 [08:18<01:10,  4.92it/s]
 89%|████████▉ | 2869/3213 [08:18<01:10,  4.85it/s]
 89%|████████▉ | 2870/3213 [08:18<01:06,  5.15it/s]
 89%|████████▉ | 2871/3213 [08:18<01:08,  5.00it/s]
 89%|████████▉ | 2872/3213 [08:19<01:10,  4.81it/s]
 89%|████████▉ | 2873/3213 [08:19<01:05,  5.21it/s]
 89%|████████▉ | 2874/3213 [08:19<01:06,  5.07it/s]
 89%|████████▉ | 2875/3213 [08:19<01:11,  4.75it/s]
 90%|████████▉ | 2876/3213 [08:19<01:05,  5.17it/s]
 90%|████████▉ | 2877/3213 [08:20<01:07,  4.97it/s]
 90%|████████▉ | 2878/3213 [08:20<01:12,  4.59it/s]
 90%|████████▉ | 2879/3213 [08:20<01:09,  4.77it/s]
 90%|████████▉ | 2880/3213 [08:20<01:10,  4.72it/s]
 90%|████████▉ | 2881/3213 [08:20<01:10,  4.71it/s]
 90%|████████▉ | 2882/3213 [08:21<01:09,  4.77it/s]
 90%|████████▉ | 2883/3213 [08:21<01:10,  4.67it/s]
 90%|████████▉ | 2884/3213 [08:21<01:12,  4.55it/s]
 90%|████████▉ | 2885/3213 [08:21<01:08,  4.82it/s]
 90%|████████▉ | 2886/3213 [08:21<01:04,  5.09it/s]
 90%|████████▉ | 2887/3213 [08:22<01:02,  5.20it/s]
 90%|████████▉ | 2888/3213 [08:22<01:01,  5.31it/s]
 90%|████████▉ | 2889/3213 [08:22<01:02,  5.16it/s]
 90%|████████▉ | 2890/3213 [08:22<01:00,  5.31it/s]
 90%|████████▉ | 2891/3213 [08:22<00:58,  5.48it/s]
 90%|█████████ | 2892/3213 [08:23<01:00,  5.35it/s]
 90%|█████████ | 2893/3213 [08:23<01:01,  5.19it/s]
 90%|█████████ | 2894/3213 [08:23<00:58,  5.42it/s]
 90%|█████████ | 2895/3213 [08:23<00:56,  5.63it/s]
 90%|█████████ | 2896/3213 [08:23<01:01,  5.16it/s]
 90%|█████████ | 2897/3213 [08:24<01:00,  5.20it/s]
 90%|█████████ | 2898/3213 [08:24<01:00,  5.21it/s]
 90%|█████████ | 2899/3213 [08:24<00:59,  5.30it/s]
 90%|█████████ | 2900/3213 [08:24<00:59,  5.26it/s]
                                                   
{'loss': 0.1836, 'grad_norm': 0.4958355128765106, 'learning_rate': 1.94833488951136e-06, 'epoch': 2.71}

 90%|█████████ | 2900/3213 [08:24<00:59,  5.26it/s]
 90%|█████████ | 2901/3213 [08:24<01:01,  5.08it/s]
 90%|█████████ | 2902/3213 [08:25<01:02,  4.98it/s]
 90%|█████████ | 2903/3213 [08:25<00:58,  5.26it/s]
 90%|█████████ | 2904/3213 [08:25<01:02,  4.98it/s]
 90%|█████████ | 2905/3213 [08:25<00:58,  5.27it/s]
 90%|█████████ | 2906/3213 [08:25<00:54,  5.68it/s]
 90%|█████████ | 2907/3213 [08:25<00:54,  5.63it/s]
 91%|█████████ | 2908/3213 [08:26<00:56,  5.36it/s]
 91%|█████████ | 2909/3213 [08:26<00:54,  5.58it/s]
 91%|█████████ | 2910/3213 [08:26<01:00,  5.04it/s]
 91%|█████████ | 2911/3213 [08:26<00:58,  5.18it/s]
 91%|█████████ | 2912/3213 [08:26<00:58,  5.16it/s]
 91%|█████████ | 2913/3213 [08:27<00:57,  5.18it/s]
 91%|█████████ | 2914/3213 [08:27<01:05,  4.59it/s]
 91%|█████████ | 2915/3213 [08:27<01:06,  4.51it/s]
 91%|█████████ | 2916/3213 [08:27<01:05,  4.51it/s]
 91%|█████████ | 2917/3213 [08:28<01:03,  4.68it/s]
 91%|█████████ | 2918/3213 [08:28<01:00,  4.86it/s]
 91%|█████████ | 2919/3213 [08:28<01:00,  4.87it/s]
 91%|█████████ | 2920/3213 [08:28<00:57,  5.06it/s]
 91%|█████████ | 2921/3213 [08:28<00:58,  4.97it/s]
 91%|█████████ | 2922/3213 [08:29<01:07,  4.34it/s]
 91%|█████████ | 2923/3213 [08:29<01:02,  4.65it/s]
 91%|█████████ | 2924/3213 [08:29<00:58,  4.96it/s]
 91%|█████████ | 2925/3213 [08:29<01:05,  4.40it/s]
 91%|█████████ | 2926/3213 [08:29<00:59,  4.79it/s]
 91%|█████████ | 2927/3213 [08:30<01:00,  4.73it/s]
 91%|█████████ | 2928/3213 [08:30<00:59,  4.78it/s]
 91%|█████████ | 2929/3213 [08:30<00:56,  5.03it/s]
 91%|█████████ | 2930/3213 [08:30<00:55,  5.13it/s]
 91%|█████████ | 2931/3213 [08:30<00:58,  4.79it/s]
 91%|█████████▏| 2932/3213 [08:31<01:00,  4.68it/s]
 91%|█████████▏| 2933/3213 [08:31<01:00,  4.65it/s]
 91%|█████████▏| 2934/3213 [08:31<01:01,  4.52it/s]
 91%|█████████▏| 2935/3213 [08:31<00:58,  4.78it/s]
 91%|█████████▏| 2936/3213 [08:31<00:56,  4.92it/s]
 91%|█████████▏| 2937/3213 [08:32<00:58,  4.75it/s]
 91%|█████████▏| 2938/3213 [08:32<00:55,  4.93it/s]
 91%|█████████▏| 2939/3213 [08:32<00:54,  5.03it/s]
 92%|█████████▏| 2940/3213 [08:32<00:56,  4.82it/s]
 92%|█████████▏| 2941/3213 [08:32<00:54,  4.99it/s]
 92%|█████████▏| 2942/3213 [08:33<00:58,  4.60it/s]
 92%|█████████▏| 2943/3213 [08:33<00:58,  4.65it/s]
 92%|█████████▏| 2944/3213 [08:33<00:59,  4.51it/s]
 92%|█████████▏| 2945/3213 [08:33<01:00,  4.46it/s]
 92%|█████████▏| 2946/3213 [08:34<00:54,  4.88it/s]
 92%|█████████▏| 2947/3213 [08:34<00:55,  4.77it/s]
 92%|█████████▏| 2948/3213 [08:34<00:56,  4.71it/s]
 92%|█████████▏| 2949/3213 [08:34<00:55,  4.75it/s]
 92%|█████████▏| 2950/3213 [08:34<00:53,  4.91it/s]
                                                   
{'loss': 0.186, 'grad_norm': 0.6073798537254333, 'learning_rate': 1.637099284158108e-06, 'epoch': 2.75}

 92%|█████████▏| 2950/3213 [08:34<00:53,  4.91it/s]
 92%|█████████▏| 2951/3213 [08:35<00:47,  5.49it/s]
 92%|█████████▏| 2952/3213 [08:35<00:44,  5.86it/s]
 92%|█████████▏| 2953/3213 [08:35<00:50,  5.16it/s]
 92%|█████████▏| 2954/3213 [08:35<00:47,  5.40it/s]
 92%|█████████▏| 2955/3213 [08:35<00:50,  5.08it/s]
 92%|█████████▏| 2956/3213 [08:36<00:51,  4.95it/s]
 92%|█████████▏| 2957/3213 [08:36<00:54,  4.72it/s]
 92%|█████████▏| 2958/3213 [08:36<00:52,  4.87it/s]
 92%|█████████▏| 2959/3213 [08:36<00:55,  4.60it/s]
 92%|█████████▏| 2960/3213 [08:36<00:54,  4.67it/s]
 92%|█████████▏| 2961/3213 [08:37<00:53,  4.74it/s]
 92%|█████████▏| 2962/3213 [08:37<00:49,  5.12it/s]
 92%|█████████▏| 2963/3213 [08:37<00:45,  5.50it/s]
 92%|█████████▏| 2964/3213 [08:37<00:52,  4.77it/s]
 92%|█████████▏| 2965/3213 [08:37<00:52,  4.73it/s]
 92%|█████████▏| 2966/3213 [08:38<00:51,  4.75it/s]
 92%|█████████▏| 2967/3213 [08:38<00:48,  5.04it/s]
 92%|█████████▏| 2968/3213 [08:38<00:49,  4.94it/s]
 92%|█████████▏| 2969/3213 [08:38<00:47,  5.11it/s]
 92%|█████████▏| 2970/3213 [08:38<00:49,  4.92it/s]
 92%|█████████▏| 2971/3213 [08:39<00:48,  4.99it/s]
 92%|█████████▏| 2972/3213 [08:39<00:45,  5.24it/s]
 93%|█████████▎| 2973/3213 [08:39<00:41,  5.79it/s]
 93%|█████████▎| 2974/3213 [08:39<00:40,  5.91it/s]
 93%|█████████▎| 2975/3213 [08:39<00:40,  5.83it/s]
 93%|█████████▎| 2976/3213 [08:39<00:40,  5.81it/s]
 93%|█████████▎| 2977/3213 [08:40<00:45,  5.24it/s]
 93%|█████████▎| 2978/3213 [08:40<00:50,  4.68it/s]
 93%|█████████▎| 2979/3213 [08:40<00:47,  4.93it/s]
 93%|█████████▎| 2980/3213 [08:40<00:55,  4.17it/s]
 93%|█████████▎| 2981/3213 [08:41<01:01,  3.74it/s]
 93%|█████████▎| 2982/3213 [08:41<00:56,  4.08it/s]
 93%|█████████▎| 2983/3213 [08:41<00:55,  4.11it/s]
 93%|█████████▎| 2984/3213 [08:41<00:52,  4.39it/s]
 93%|█████████▎| 2985/3213 [08:42<00:55,  4.09it/s]
 93%|█████████▎| 2986/3213 [08:42<00:50,  4.49it/s]
 93%|█████████▎| 2987/3213 [08:42<00:51,  4.37it/s]
 93%|█████████▎| 2988/3213 [08:42<00:47,  4.78it/s]
 93%|█████████▎| 2989/3213 [08:42<00:44,  5.04it/s]
 93%|█████████▎| 2990/3213 [08:43<00:44,  4.99it/s]
 93%|█████████▎| 2991/3213 [08:43<00:53,  4.13it/s]
 93%|█████████▎| 2992/3213 [08:43<00:53,  4.16it/s]
 93%|█████████▎| 2993/3213 [08:43<00:56,  3.89it/s]
 93%|█████████▎| 2994/3213 [08:44<00:56,  3.90it/s]
 93%|█████████▎| 2995/3213 [08:44<00:51,  4.24it/s]
 93%|█████████▎| 2996/3213 [08:44<00:47,  4.59it/s]
 93%|█████████▎| 2997/3213 [08:44<00:51,  4.21it/s]
 93%|█████████▎| 2998/3213 [08:45<00:48,  4.46it/s]
 93%|█████████▎| 2999/3213 [08:45<00:43,  4.92it/s]
 93%|█████████▎| 3000/3213 [08:45<00:42,  5.00it/s]
                                                   
{'loss': 0.1869, 'grad_norm': 0.5050203800201416, 'learning_rate': 1.3258636788048554e-06, 'epoch': 2.8}

 93%|█████████▎| 3000/3213 [08:45<00:42,  5.00it/s]
 93%|█████████▎| 3001/3213 [08:45<00:40,  5.24it/s]
 93%|█████████▎| 3002/3213 [08:45<00:40,  5.24it/s]
 93%|█████████▎| 3003/3213 [08:46<00:41,  5.04it/s]
 93%|█████████▎| 3004/3213 [08:46<00:40,  5.22it/s]
 94%|█████████▎| 3005/3213 [08:46<00:39,  5.32it/s]
 94%|█████████▎| 3006/3213 [08:46<00:39,  5.18it/s]
 94%|█████████▎| 3007/3213 [08:46<00:36,  5.58it/s]
 94%|█████████▎| 3008/3213 [08:46<00:34,  5.89it/s]
 94%|█████████▎| 3009/3213 [08:47<00:35,  5.68it/s]
 94%|█████████▎| 3010/3213 [08:47<00:35,  5.76it/s]
 94%|█████████▎| 3011/3213 [08:47<00:34,  5.83it/s]
 94%|█████████▎| 3012/3213 [08:47<00:36,  5.57it/s]
 94%|█████████▍| 3013/3213 [08:47<00:36,  5.50it/s]
 94%|█████████▍| 3014/3213 [08:47<00:36,  5.39it/s]
 94%|█████████▍| 3015/3213 [08:48<00:35,  5.58it/s]
 94%|█████████▍| 3016/3213 [08:48<00:34,  5.73it/s]
 94%|█████████▍| 3017/3213 [08:48<00:34,  5.70it/s]
 94%|█████████▍| 3018/3213 [08:48<00:33,  5.84it/s]
 94%|█████████▍| 3019/3213 [08:48<00:31,  6.18it/s]
 94%|█████████▍| 3020/3213 [08:48<00:30,  6.32it/s]
 94%|█████████▍| 3021/3213 [08:49<00:29,  6.46it/s]
 94%|█████████▍| 3022/3213 [08:49<00:30,  6.20it/s]
 94%|█████████▍| 3023/3213 [08:49<00:32,  5.83it/s]
 94%|█████████▍| 3024/3213 [08:49<00:32,  5.76it/s]
 94%|█████████▍| 3025/3213 [08:49<00:30,  6.12it/s]
 94%|█████████▍| 3026/3213 [08:49<00:29,  6.30it/s]
 94%|█████████▍| 3027/3213 [08:50<00:28,  6.42it/s]
 94%|█████████▍| 3028/3213 [08:50<00:29,  6.23it/s]
 94%|█████████▍| 3029/3213 [08:50<00:29,  6.27it/s]
 94%|█████████▍| 3030/3213 [08:50<00:30,  5.94it/s]
 94%|█████████▍| 3031/3213 [08:50<00:30,  5.91it/s]
 94%|█████████▍| 3032/3213 [08:50<00:34,  5.28it/s]
 94%|█████████▍| 3033/3213 [08:51<00:32,  5.59it/s]
 94%|█████████▍| 3034/3213 [08:51<00:31,  5.76it/s]
 94%|█████████▍| 3035/3213 [08:51<00:29,  6.06it/s]
 94%|█████████▍| 3036/3213 [08:51<00:30,  5.82it/s]
 95%|█████████▍| 3037/3213 [08:51<00:35,  4.94it/s]
 95%|█████████▍| 3038/3213 [08:52<00:36,  4.80it/s]
 95%|█████████▍| 3039/3213 [08:52<00:35,  4.94it/s]
 95%|█████████▍| 3040/3213 [08:52<00:37,  4.59it/s]
 95%|█████████▍| 3041/3213 [08:52<00:34,  4.92it/s]
 95%|█████████▍| 3042/3213 [08:52<00:32,  5.27it/s]
 95%|█████████▍| 3043/3213 [08:53<00:31,  5.36it/s]
 95%|█████████▍| 3044/3213 [08:53<00:31,  5.30it/s]
 95%|█████████▍| 3045/3213 [08:53<00:34,  4.83it/s]
 95%|█████████▍| 3046/3213 [08:53<00:34,  4.83it/s]
 95%|█████████▍| 3047/3213 [08:53<00:34,  4.76it/s]
 95%|█████████▍| 3048/3213 [08:54<00:40,  4.08it/s]
 95%|█████████▍| 3049/3213 [08:54<00:42,  3.87it/s]
 95%|█████████▍| 3050/3213 [08:54<00:39,  4.18it/s]
                                                   
{'loss': 0.1855, 'grad_norm': 0.5806500315666199, 'learning_rate': 1.0146280734516029e-06, 'epoch': 2.85}

 95%|█████████▍| 3050/3213 [08:54<00:39,  4.18it/s]
 95%|█████████▍| 3051/3213 [08:54<00:35,  4.53it/s]
 95%|█████████▍| 3052/3213 [08:55<00:35,  4.54it/s]
 95%|█████████▌| 3053/3213 [08:55<00:34,  4.70it/s]
 95%|█████████▌| 3054/3213 [08:55<00:35,  4.42it/s]
 95%|█████████▌| 3055/3213 [08:55<00:34,  4.59it/s]
 95%|█████████▌| 3056/3213 [08:56<00:45,  3.45it/s]
 95%|█████████▌| 3057/3213 [08:56<00:41,  3.77it/s]
 95%|█████████▌| 3058/3213 [08:56<00:36,  4.19it/s]
 95%|█████████▌| 3059/3213 [08:56<00:37,  4.16it/s]
 95%|█████████▌| 3060/3213 [08:57<00:35,  4.37it/s]
 95%|█████████▌| 3061/3213 [08:57<00:33,  4.49it/s]
 95%|█████████▌| 3062/3213 [08:57<00:34,  4.44it/s]
 95%|█████████▌| 3063/3213 [08:57<00:34,  4.40it/s]
 95%|█████████▌| 3064/3213 [08:57<00:32,  4.63it/s]
 95%|█████████▌| 3065/3213 [08:58<00:32,  4.62it/s]
 95%|█████████▌| 3066/3213 [08:58<00:31,  4.64it/s]
 95%|█████████▌| 3067/3213 [08:58<00:30,  4.78it/s]
 95%|█████████▌| 3068/3213 [08:58<00:34,  4.17it/s]
 96%|█████████▌| 3069/3213 [08:59<00:30,  4.73it/s]
 96%|█████████▌| 3070/3213 [08:59<00:27,  5.18it/s]
 96%|█████████▌| 3071/3213 [08:59<00:27,  5.16it/s]
 96%|█████████▌| 3072/3213 [08:59<00:27,  5.20it/s]
 96%|█████████▌| 3073/3213 [08:59<00:25,  5.40it/s]
 96%|█████████▌| 3074/3213 [08:59<00:26,  5.26it/s]
 96%|█████████▌| 3075/3213 [09:00<00:27,  5.03it/s]
 96%|█████████▌| 3076/3213 [09:00<00:26,  5.11it/s]
 96%|█████████▌| 3077/3213 [09:00<00:25,  5.34it/s]
 96%|█████████▌| 3078/3213 [09:01<00:46,  2.88it/s]
 96%|█████████▌| 3079/3213 [09:01<00:39,  3.41it/s]
 96%|█████████▌| 3080/3213 [09:01<00:36,  3.69it/s]
 96%|█████████▌| 3081/3213 [09:01<00:35,  3.75it/s]
 96%|█████████▌| 3082/3213 [09:02<00:32,  4.04it/s]
 96%|█████████▌| 3083/3213 [09:02<00:31,  4.15it/s]
 96%|█████████▌| 3084/3213 [09:02<00:30,  4.20it/s]
 96%|█████████▌| 3085/3213 [09:02<00:33,  3.80it/s]
 96%|█████████▌| 3086/3213 [09:03<00:31,  4.03it/s]
 96%|█████████▌| 3087/3213 [09:03<00:30,  4.11it/s]
 96%|█████████▌| 3088/3213 [09:03<00:34,  3.64it/s]
 96%|█████████▌| 3089/3213 [09:04<00:38,  3.25it/s]
 96%|█████████▌| 3090/3213 [09:04<00:39,  3.12it/s]
 96%|█████████▌| 3091/3213 [09:04<00:33,  3.60it/s]
 96%|█████████▌| 3092/3213 [09:04<00:30,  4.00it/s]
 96%|█████████▋| 3093/3213 [09:04<00:28,  4.19it/s]
 96%|█████████▋| 3094/3213 [09:05<00:26,  4.56it/s]
 96%|█████████▋| 3095/3213 [09:05<00:24,  4.72it/s]
 96%|█████████▋| 3096/3213 [09:05<00:24,  4.76it/s]
 96%|█████████▋| 3097/3213 [09:05<00:25,  4.55it/s]
 96%|█████████▋| 3098/3213 [09:06<00:24,  4.61it/s]
 96%|█████████▋| 3099/3213 [09:06<00:22,  5.04it/s]
 96%|█████████▋| 3100/3213 [09:06<00:20,  5.44it/s]
                                                   
{'loss': 0.1866, 'grad_norm': 0.6860244870185852, 'learning_rate': 7.033924680983505e-07, 'epoch': 2.89}

 96%|█████████▋| 3100/3213 [09:06<00:20,  5.44it/s]
 97%|█████████▋| 3101/3213 [09:06<00:19,  5.78it/s]
 97%|█████████▋| 3102/3213 [09:06<00:18,  5.98it/s]
 97%|█████████▋| 3103/3213 [09:06<00:18,  5.82it/s]
 97%|█████████▋| 3104/3213 [09:07<00:20,  5.19it/s]
 97%|█████████▋| 3105/3213 [09:07<00:21,  4.94it/s]
 97%|█████████▋| 3106/3213 [09:07<00:22,  4.83it/s]
 97%|█████████▋| 3107/3213 [09:07<00:22,  4.74it/s]
 97%|█████████▋| 3108/3213 [09:08<00:27,  3.79it/s]
 97%|█████████▋| 3109/3213 [09:08<00:30,  3.40it/s]
 97%|█████████▋| 3110/3213 [09:08<00:28,  3.57it/s]
 97%|█████████▋| 3111/3213 [09:08<00:25,  4.05it/s]
 97%|█████████▋| 3112/3213 [09:09<00:24,  4.12it/s]
 97%|█████████▋| 3113/3213 [09:09<00:23,  4.32it/s]
 97%|█████████▋| 3114/3213 [09:09<00:21,  4.71it/s]
 97%|█████████▋| 3115/3213 [09:09<00:22,  4.45it/s]
 97%|█████████▋| 3116/3213 [09:09<00:22,  4.36it/s]
 97%|█████████▋| 3117/3213 [09:10<00:20,  4.58it/s]
 97%|█████████▋| 3118/3213 [09:10<00:19,  4.80it/s]
 97%|█████████▋| 3119/3213 [09:10<00:19,  4.79it/s]
 97%|█████████▋| 3120/3213 [09:10<00:19,  4.80it/s]
 97%|█████████▋| 3121/3213 [09:10<00:18,  5.05it/s]
 97%|█████████▋| 3122/3213 [09:11<00:16,  5.45it/s]
 97%|█████████▋| 3123/3213 [09:11<00:15,  5.76it/s]
 97%|█████████▋| 3124/3213 [09:11<00:16,  5.24it/s]
 97%|█████████▋| 3125/3213 [09:11<00:15,  5.73it/s]
 97%|█████████▋| 3126/3213 [09:11<00:14,  6.00it/s]
 97%|█████████▋| 3127/3213 [09:11<00:16,  5.35it/s]
 97%|█████████▋| 3128/3213 [09:12<00:15,  5.37it/s]
 97%|█████████▋| 3129/3213 [09:12<00:17,  4.91it/s]
 97%|█████████▋| 3130/3213 [09:12<00:20,  3.96it/s]
 97%|█████████▋| 3131/3213 [09:13<00:19,  4.12it/s]
 97%|█████████▋| 3132/3213 [09:13<00:18,  4.38it/s]
 98%|█████████▊| 3133/3213 [09:13<00:17,  4.52it/s]
 98%|█████████▊| 3134/3213 [09:13<00:16,  4.74it/s]
 98%|█████████▊| 3135/3213 [09:13<00:14,  5.22it/s]
 98%|█████████▊| 3136/3213 [09:13<00:15,  5.13it/s]
 98%|█████████▊| 3137/3213 [09:14<00:14,  5.09it/s]
 98%|█████████▊| 3138/3213 [09:14<00:15,  4.98it/s]
 98%|█████████▊| 3139/3213 [09:14<00:15,  4.90it/s]
 98%|█████████▊| 3140/3213 [09:14<00:14,  4.93it/s]
 98%|█████████▊| 3141/3213 [09:15<00:15,  4.60it/s]
 98%|█████████▊| 3142/3213 [09:15<00:15,  4.67it/s]
 98%|█████████▊| 3143/3213 [09:15<00:13,  5.17it/s]
 98%|█████████▊| 3144/3213 [09:15<00:12,  5.40it/s]
 98%|█████████▊| 3145/3213 [09:15<00:12,  5.57it/s]
 98%|█████████▊| 3146/3213 [09:15<00:12,  5.52it/s]
 98%|█████████▊| 3147/3213 [09:16<00:11,  5.67it/s]
 98%|█████████▊| 3148/3213 [09:16<00:11,  5.54it/s]
 98%|█████████▊| 3149/3213 [09:16<00:12,  5.21it/s]
 98%|█████████▊| 3150/3213 [09:16<00:11,  5.32it/s]
                                                   
{'loss': 0.1901, 'grad_norm': 0.5579191446304321, 'learning_rate': 3.921568627450981e-07, 'epoch': 2.94}

 98%|█████████▊| 3150/3213 [09:16<00:11,  5.32it/s]
 98%|█████████▊| 3151/3213 [09:16<00:13,  4.72it/s]
 98%|█████████▊| 3152/3213 [09:17<00:13,  4.56it/s]
 98%|█████████▊| 3153/3213 [09:17<00:13,  4.53it/s]
 98%|█████████▊| 3154/3213 [09:17<00:12,  4.85it/s]
 98%|█████████▊| 3155/3213 [09:17<00:11,  5.11it/s]
 98%|█████████▊| 3156/3213 [09:17<00:10,  5.36it/s]
 98%|█████████▊| 3157/3213 [09:18<00:10,  5.30it/s]
 98%|█████████▊| 3158/3213 [09:18<00:10,  5.34it/s]
 98%|█████████▊| 3159/3213 [09:18<00:09,  5.62it/s]
 98%|█████████▊| 3160/3213 [09:18<00:10,  5.11it/s]
 98%|█████████▊| 3161/3213 [09:18<00:10,  4.88it/s]
 98%|█████████▊| 3162/3213 [09:19<00:09,  5.16it/s]
 98%|█████████▊| 3163/3213 [09:19<00:09,  5.44it/s]
 98%|█████████▊| 3164/3213 [09:19<00:08,  5.75it/s]
 99%|█████████▊| 3165/3213 [09:19<00:07,  6.03it/s]
 99%|█████████▊| 3166/3213 [09:19<00:07,  6.05it/s]
 99%|█████████▊| 3167/3213 [09:19<00:07,  6.02it/s]
 99%|█████████▊| 3168/3213 [09:20<00:07,  5.71it/s]
 99%|█████████▊| 3169/3213 [09:20<00:07,  5.89it/s]
 99%|█████████▊| 3170/3213 [09:20<00:07,  6.07it/s]
 99%|█████████▊| 3171/3213 [09:20<00:07,  5.39it/s]
 99%|█████████▊| 3172/3213 [09:20<00:07,  5.47it/s]
 99%|█████████▉| 3173/3213 [09:20<00:07,  5.71it/s]
 99%|█████████▉| 3174/3213 [09:21<00:06,  5.90it/s]
 99%|█████████▉| 3175/3213 [09:21<00:06,  5.87it/s]
 99%|█████████▉| 3176/3213 [09:21<00:06,  5.97it/s]
 99%|█████████▉| 3177/3213 [09:21<00:05,  6.25it/s]
 99%|█████████▉| 3178/3213 [09:21<00:06,  5.74it/s]
 99%|█████████▉| 3179/3213 [09:21<00:06,  5.65it/s]
 99%|█████████▉| 3180/3213 [09:22<00:05,  5.95it/s]
 99%|█████████▉| 3181/3213 [09:22<00:05,  6.11it/s]
 99%|█████████▉| 3182/3213 [09:22<00:05,  6.12it/s]
 99%|█████████▉| 3183/3213 [09:22<00:05,  5.90it/s]
 99%|█████████▉| 3184/3213 [09:22<00:05,  5.47it/s]
 99%|█████████▉| 3185/3213 [09:23<00:05,  4.72it/s]
 99%|█████████▉| 3186/3213 [09:23<00:05,  4.96it/s]
 99%|█████████▉| 3187/3213 [09:23<00:04,  5.30it/s]
 99%|█████████▉| 3188/3213 [09:23<00:04,  5.77it/s]
 99%|█████████▉| 3189/3213 [09:23<00:04,  5.66it/s]
 99%|█████████▉| 3190/3213 [09:23<00:04,  5.28it/s]
 99%|█████████▉| 3191/3213 [09:24<00:03,  5.73it/s]
 99%|█████████▉| 3192/3213 [09:24<00:03,  5.46it/s]
 99%|█████████▉| 3193/3213 [09:24<00:03,  5.51it/s]
 99%|█████████▉| 3194/3213 [09:24<00:03,  5.30it/s]
 99%|█████████▉| 3195/3213 [09:24<00:03,  5.66it/s]
 99%|█████████▉| 3196/3213 [09:24<00:02,  6.04it/s]
100%|█████████▉| 3197/3213 [09:25<00:02,  6.33it/s]
100%|█████████▉| 3198/3213 [09:25<00:02,  5.79it/s]
100%|█████████▉| 3199/3213 [09:25<00:02,  6.30it/s]
100%|█████████▉| 3200/3213 [09:25<00:02,  6.49it/s]
                                                   
{'loss': 0.1816, 'grad_norm': 0.6207184791564941, 'learning_rate': 8.092125739184564e-08, 'epoch': 2.99}

100%|█████████▉| 3200/3213 [09:25<00:02,  6.49it/s]
100%|█████████▉| 3201/3213 [09:25<00:01,  6.43it/s]
100%|█████████▉| 3202/3213 [09:25<00:01,  6.28it/s]
100%|█████████▉| 3203/3213 [09:26<00:01,  6.40it/s]
100%|█████████▉| 3204/3213 [09:26<00:01,  5.93it/s]
100%|█████████▉| 3205/3213 [09:26<00:01,  5.80it/s]
100%|█████████▉| 3206/3213 [09:26<00:01,  6.05it/s]
100%|█████████▉| 3207/3213 [09:26<00:00,  6.25it/s]
100%|█████████▉| 3208/3213 [09:26<00:00,  5.98it/s]
100%|█████████▉| 3209/3213 [09:27<00:00,  6.19it/s]
100%|█████████▉| 3210/3213 [09:27<00:00,  6.60it/s]
100%|█████████▉| 3211/3213 [09:27<00:00,  6.05it/s]
100%|█████████▉| 3212/3213 [09:27<00:00,  6.26it/s]
100%|██████████| 3213/3213 [09:27<00:00,  6.26it/s]

  0%|          | 0/95 [00:00<?, ?it/s][A

  4%|▍         | 4/95 [00:00<00:03, 26.94it/s][A

  7%|▋         | 7/95 [00:00<00:03, 23.17it/s][A

 11%|█         | 10/95 [00:00<00:03, 22.00it/s][A

 14%|█▎        | 13/95 [00:00<00:03, 21.68it/s][A

 17%|█▋        | 16/95 [00:00<00:03, 21.41it/s][A

 20%|██        | 19/95 [00:00<00:03, 21.08it/s][A

 23%|██▎       | 22/95 [00:01<00:03, 20.83it/s][A

 26%|██▋       | 25/95 [00:01<00:03, 20.67it/s][A

 29%|██▉       | 28/95 [00:01<00:03, 20.69it/s][A

 33%|███▎      | 31/95 [00:01<00:03, 20.75it/s][A

 36%|███▌      | 34/95 [00:01<00:02, 20.76it/s][A

 39%|███▉      | 37/95 [00:01<00:02, 20.71it/s][A

 42%|████▏     | 40/95 [00:01<00:02, 20.64it/s][A

 45%|████▌     | 43/95 [00:02<00:02, 20.64it/s][A

 48%|████▊     | 46/95 [00:02<00:02, 20.54it/s][A

 52%|█████▏    | 49/95 [00:02<00:02, 20.59it/s][A

 55%|█████▍    | 52/95 [00:02<00:02, 20.61it/s][A

 58%|█████▊    | 55/95 [00:02<00:01, 20.63it/s][A

 61%|██████    | 58/95 [00:02<00:01, 20.54it/s][A

 64%|██████▍   | 61/95 [00:02<00:01, 20.51it/s][A

 67%|██████▋   | 64/95 [00:03<00:01, 20.59it/s][A

 71%|███████   | 67/95 [00:03<00:01, 20.62it/s][A

 74%|███████▎  | 70/95 [00:03<00:01, 20.40it/s][A

 77%|███████▋  | 73/95 [00:03<00:01, 20.39it/s][A

 80%|████████  | 76/95 [00:03<00:00, 20.32it/s][A

 83%|████████▎ | 79/95 [00:03<00:00, 20.17it/s][A

 86%|████████▋ | 82/95 [00:03<00:00, 20.30it/s][A

 89%|████████▉ | 85/95 [00:04<00:00, 20.47it/s][A

 93%|█████████▎| 88/95 [00:04<00:00, 20.67it/s][A

 96%|█████████▌| 91/95 [00:04<00:00, 20.60it/s][A

 99%|█████████▉| 94/95 [00:04<00:00, 20.66it/s][A
                                                   

                                               
[A{'eval_loss': 0.186190664768219, 'eval_tactics_precision_macro': 0.786868673381266, 'eval_tactics_recall_macro': 0.3988733340170217, 'eval_tactics_f1_macro': 0.5204429041999407, 'eval_micro_f1': 0.5315695864828813, 'eval_runtime': 4.6705, 'eval_samples_per_second': 2589.667, 'eval_steps_per_second': 20.34, 'epoch': 3.0}

100%|██████████| 3213/3213 [09:32<00:00,  6.26it/s]

100%|██████████| 95/95 [00:04<00:00, 20.66it/s][A

                                               [A
                                                   
{'train_runtime': 575.1987, 'train_samples_per_second': 357.461, 'train_steps_per_second': 5.586, 'train_loss': 0.20742301817738745, 'epoch': 3.0}

100%|██████████| 3213/3213 [09:35<00:00,  6.26it/s]
100%|██████████| 3213/3213 [09:35<00:00,  5.59it/s]

  0%|          | 0/95 [00:00<?, ?it/s]
  3%|▎         | 3/95 [00:00<00:03, 24.40it/s]
  6%|▋         | 6/95 [00:00<00:04, 20.57it/s]
  9%|▉         | 9/95 [00:00<00:04, 20.69it/s]
 13%|█▎        | 12/95 [00:00<00:04, 20.59it/s]
 16%|█▌        | 15/95 [00:00<00:03, 20.81it/s]
 19%|█▉        | 18/95 [00:00<00:03, 20.64it/s]
 22%|██▏       | 21/95 [00:01<00:03, 20.70it/s]
 25%|██▌       | 24/95 [00:01<00:03, 20.66it/s]
 28%|██▊       | 27/95 [00:01<00:03, 20.61it/s]
 32%|███▏      | 30/95 [00:01<00:03, 20.55it/s]
 35%|███▍      | 33/95 [00:01<00:03, 20.44it/s]
 38%|███▊      | 36/95 [00:01<00:02, 20.45it/s]
 41%|████      | 39/95 [00:01<00:02, 20.50it/s]
 44%|████▍     | 42/95 [00:02<00:02, 20.56it/s]
 47%|████▋     | 45/95 [00:02<00:02, 20.62it/s]
 51%|█████     | 48/95 [00:02<00:02, 20.70it/s]
 54%|█████▎    | 51/95 [00:02<00:02, 20.59it/s]
 57%|█████▋    | 54/95 [00:02<00:01, 20.76it/s]
 60%|██████    | 57/95 [00:02<00:01, 20.71it/s]
 63%|██████▎   | 60/95 [00:02<00:01, 20.76it/s]
 66%|██████▋   | 63/95 [00:03<00:01, 20.72it/s]
 69%|██████▉   | 66/95 [00:03<00:01, 20.69it/s]
 73%|███████▎  | 69/95 [00:03<00:01, 20.65it/s]
 76%|███████▌  | 72/95 [00:03<00:01, 19.64it/s]
 79%|███████▉  | 75/95 [00:03<00:01, 19.86it/s]
 82%|████████▏ | 78/95 [00:03<00:00, 20.04it/s]
 85%|████████▌ | 81/95 [00:03<00:00, 20.32it/s]
 88%|████████▊ | 84/95 [00:04<00:00, 20.51it/s]
 92%|█████████▏| 87/95 [00:04<00:00, 20.58it/s]
 95%|█████████▍| 90/95 [00:04<00:00, 20.44it/s]
 98%|█████████▊| 93/95 [00:04<00:00, 20.50it/s]
100%|██████████| 95/95 [00:04<00:00, 20.41it/s]
[tac] final val macro-F1 = 0.5204
  Curiosity Gap                F1 = 0.6732
  Exaggeration                 F1 = 0.6601
  Emotional Triggers           F1 = 0.6098
  Sensationalism               F1 = 0.3213
  Lists/Superlatives           F1 = 0.6084
  Ambiguous References         F1 = 0.5023
  Direct Appeals               F1 = 0.5559
  Unfinished Narratives        F1 = 0.4885
  Unexpected Associations      F1 = 0.4041
  Provocative Questions        F1 = 0.3809
[tac] saved model to /workspace/store/models/bert_tactics_prefix_finetuned

[modal] exit code: 0
