[modal] $ /usr/local/bin/python /workspace/track_b/modal_run/train_guides/train_clickbait.py --trainval-csv /workspace/store/data/prefix_splits/trainval_binary.csv --test-csv /workspace/store/data/prefix_splits/test_binary.csv --out-dir /workspace/store/models/bert_clickbait_prefix_finetuned
/usr/local/lib/python3.11/site-packages/transformers/utils/hub.py:124: FutureWarning: Using `TRANSFORMERS_CACHE` is deprecated and will be removed in v5 of Transformers. Use `HF_HOME` instead.
  warnings.warn(
[bin] trainval size 80632 pos=40316 neg=40316
[bin] internal split train=68537 val=12095
Some weights of BertForSequenceClassification were not initialized from the model checkpoint at bert-base-uncased and are newly initialized: ['classifier.bias', 'classifier.weight']
You should probably TRAIN this model on a down-stream task to be able to use it for predictions and inference.
/usr/local/lib/python3.11/site-packages/transformers/training_args.py:1474: FutureWarning: `evaluation_strategy` is deprecated and will be removed in version 4.46 of 🤗 Transformers. Use `eval_strategy` instead
  warnings.warn(
[RANK 0] Detected kernel version 4.19.0, which is below the recommended minimum of 5.5.0; this can cause the process to hang. It is recommended to upgrade the kernel to the minimum version or higher.

  0%|          | 0/3213 [00:00<?, ?it/s]
  0%|          | 1/3213 [00:02<2:18:54,  2.59s/it]
  0%|          | 2/3213 [00:02<1:03:04,  1.18s/it]
  0%|          | 3/3213 [00:03<41:48,  1.28it/s]  
  0%|          | 4/3213 [00:03<28:27,  1.88it/s]
  0%|          | 5/3213 [00:03<22:16,  2.40it/s]
  0%|          | 6/3213 [00:03<20:40,  2.59it/s]
  0%|          | 7/3213 [00:03<17:13,  3.10it/s]
  0%|          | 8/3213 [00:04<14:48,  3.61it/s]
  0%|          | 9/3213 [00:04<13:28,  3.96it/s]
  0%|          | 10/3213 [00:04<13:22,  3.99it/s]
  0%|          | 11/3213 [00:04<13:03,  4.09it/s]
  0%|          | 12/3213 [00:05<12:16,  4.35it/s]
  0%|          | 13/3213 [00:05<15:52,  3.36it/s]
  0%|          | 14/3213 [00:05<13:44,  3.88it/s]
  0%|          | 15/3213 [00:05<12:10,  4.38it/s]
  0%|          | 16/3213 [00:06<12:08,  4.39it/s]
  1%|          | 17/3213 [00:06<11:30,  4.63it/s]
  1%|          | 18/3213 [00:06<11:04,  4.81it/s]
  1%|          | 19/3213 [00:06<11:01,  4.83it/s]
  1%|          | 20/3213 [00:06<11:52,  4.48it/s]
  1%|          | 21/3213 [00:07<11:30,  4.62it/s]
  1%|          | 22/3213 [00:07<11:39,  4.56it/s]
  1%|          | 23/3213 [00:07<10:27,  5.08it/s]
  1%|          | 24/3213 [00:07<10:06,  5.26it/s]
  1%|          | 25/3213 [00:07<10:01,  5.30it/s]
  1%|          | 26/3213 [00:07<09:53,  5.37it/s]
  1%|          | 27/3213 [00:08<09:44,  5.45it/s]
  1%|          | 28/3213 [00:08<10:55,  4.86it/s]
  1%|          | 29/3213 [00:08<11:56,  4.44it/s]
  1%|          | 30/3213 [00:08<11:51,  4.47it/s]
  1%|          | 31/3213 [00:09<11:25,  4.64it/s]
  1%|          | 32/3213 [00:09<11:22,  4.66it/s]
  1%|          | 33/3213 [00:09<12:05,  4.39it/s]
  1%|          | 34/3213 [00:09<11:01,  4.80it/s]
  1%|          | 35/3213 [00:09<09:50,  5.38it/s]
  1%|          | 36/3213 [00:10<10:20,  5.12it/s]
  1%|          | 37/3213 [00:10<09:59,  5.30it/s]
  1%|          | 38/3213 [00:10<10:49,  4.89it/s]
  1%|          | 39/3213 [00:10<11:31,  4.59it/s]
  1%|          | 40/3213 [00:10<10:57,  4.83it/s]
  1%|▏         | 41/3213 [00:11<09:50,  5.37it/s]
  1%|▏         | 42/3213 [00:11<09:47,  5.39it/s]
  1%|▏         | 43/3213 [00:11<09:54,  5.33it/s]
  1%|▏         | 44/3213 [00:11<11:55,  4.43it/s]
  1%|▏         | 45/3213 [00:11<12:02,  4.39it/s]
  1%|▏         | 46/3213 [00:12<10:42,  4.93it/s]
  1%|▏         | 47/3213 [00:12<10:14,  5.15it/s]
  1%|▏         | 48/3213 [00:12<10:09,  5.19it/s]
  2%|▏         | 49/3213 [00:12<09:48,  5.37it/s]
  2%|▏         | 50/3213 [00:12<10:45,  4.90it/s]
                                                 
{'loss': 0.2651, 'grad_norm': 3.3383631706237793, 'learning_rate': 1.968876439464675e-05, 'epoch': 0.05}

  2%|▏         | 50/3213 [00:12<10:45,  4.90it/s]
  2%|▏         | 51/3213 [00:13<14:29,  3.63it/s]
  2%|▏         | 52/3213 [00:13<13:14,  3.98it/s]
  2%|▏         | 53/3213 [00:13<11:44,  4.49it/s]
  2%|▏         | 54/3213 [00:13<11:10,  4.71it/s]
  2%|▏         | 55/3213 [00:14<10:28,  5.02it/s]
  2%|▏         | 56/3213 [00:14<09:51,  5.34it/s]
  2%|▏         | 57/3213 [00:14<11:02,  4.76it/s]
  2%|▏         | 58/3213 [00:14<12:08,  4.33it/s]
  2%|▏         | 59/3213 [00:14<11:34,  4.54it/s]
  2%|▏         | 60/3213 [00:15<10:40,  4.92it/s]
  2%|▏         | 61/3213 [00:15<10:44,  4.89it/s]
  2%|▏         | 62/3213 [00:15<10:12,  5.15it/s]
  2%|▏         | 63/3213 [00:15<09:59,  5.25it/s]
  2%|▏         | 64/3213 [00:15<09:49,  5.34it/s]
  2%|▏         | 65/3213 [00:16<10:09,  5.17it/s]
  2%|▏         | 66/3213 [00:16<10:32,  4.97it/s]
  2%|▏         | 67/3213 [00:16<11:01,  4.76it/s]
  2%|▏         | 68/3213 [00:16<11:43,  4.47it/s]
  2%|▏         | 69/3213 [00:17<13:13,  3.96it/s]
  2%|▏         | 70/3213 [00:17<13:31,  3.87it/s]
  2%|▏         | 71/3213 [00:17<13:08,  3.99it/s]
  2%|▏         | 72/3213 [00:17<12:17,  4.26it/s]
  2%|▏         | 73/3213 [00:18<13:00,  4.02it/s]
  2%|▏         | 74/3213 [00:18<12:40,  4.12it/s]
  2%|▏         | 75/3213 [00:18<12:23,  4.22it/s]
  2%|▏         | 76/3213 [00:18<12:14,  4.27it/s]
  2%|▏         | 77/3213 [00:18<11:43,  4.46it/s]
  2%|▏         | 78/3213 [00:19<11:20,  4.61it/s]
  2%|▏         | 79/3213 [00:19<10:38,  4.91it/s]
  2%|▏         | 80/3213 [00:19<09:52,  5.29it/s]
  3%|▎         | 81/3213 [00:19<10:00,  5.22it/s]
  3%|▎         | 82/3213 [00:19<11:07,  4.69it/s]
  3%|▎         | 83/3213 [00:20<10:48,  4.82it/s]
  3%|▎         | 84/3213 [00:20<10:54,  4.78it/s]
  3%|▎         | 85/3213 [00:20<12:01,  4.34it/s]
  3%|▎         | 86/3213 [00:20<11:24,  4.57it/s]
  3%|▎         | 87/3213 [00:20<10:12,  5.11it/s]
  3%|▎         | 88/3213 [00:21<10:17,  5.06it/s]
  3%|▎         | 89/3213 [00:21<10:41,  4.87it/s]
  3%|▎         | 90/3213 [00:21<10:28,  4.97it/s]
  3%|▎         | 91/3213 [00:21<10:53,  4.78it/s]
  3%|▎         | 92/3213 [00:22<11:36,  4.48it/s]
  3%|▎         | 93/3213 [00:22<11:15,  4.62it/s]
  3%|▎         | 94/3213 [00:22<12:29,  4.16it/s]
  3%|▎         | 95/3213 [00:22<11:24,  4.56it/s]
  3%|▎         | 96/3213 [00:22<10:38,  4.89it/s]
  3%|▎         | 97/3213 [00:23<09:41,  5.36it/s]
  3%|▎         | 98/3213 [00:23<09:14,  5.62it/s]
  3%|▎         | 99/3213 [00:23<10:14,  5.07it/s]
  3%|▎         | 100/3213 [00:23<09:55,  5.22it/s]
                                                  
{'loss': 0.0877, 'grad_norm': 8.002702713012695, 'learning_rate': 1.9377528789293495e-05, 'epoch': 0.09}

  3%|▎         | 100/3213 [00:23<09:55,  5.22it/s]
  3%|▎         | 101/3213 [00:24<14:32,  3.57it/s]
  3%|▎         | 102/3213 [00:24<12:21,  4.19it/s]
  3%|▎         | 103/3213 [00:24<11:13,  4.62it/s]
  3%|▎         | 104/3213 [00:24<10:20,  5.01it/s]
  3%|▎         | 105/3213 [00:24<10:35,  4.89it/s]
  3%|▎         | 106/3213 [00:25<11:15,  4.60it/s]
  3%|▎         | 107/3213 [00:25<10:38,  4.86it/s]
  3%|▎         | 108/3213 [00:25<10:40,  4.85it/s]
  3%|▎         | 109/3213 [00:25<10:56,  4.73it/s]
  3%|▎         | 110/3213 [00:25<10:44,  4.81it/s]
  3%|▎         | 111/3213 [00:26<12:15,  4.22it/s]
  3%|▎         | 112/3213 [00:26<11:34,  4.46it/s]
  4%|▎         | 113/3213 [00:26<11:24,  4.53it/s]
  4%|▎         | 114/3213 [00:26<11:05,  4.66it/s]
  4%|▎         | 115/3213 [00:27<11:13,  4.60it/s]
  4%|▎         | 116/3213 [00:27<12:27,  4.14it/s]
  4%|▎         | 117/3213 [00:27<12:18,  4.19it/s]
  4%|▎         | 118/3213 [00:27<12:09,  4.24it/s]
  4%|▎         | 119/3213 [00:27<11:44,  4.39it/s]
  4%|▎         | 120/3213 [00:28<11:16,  4.57it/s]
  4%|▍         | 121/3213 [00:28<11:14,  4.59it/s]
  4%|▍         | 122/3213 [00:28<11:02,  4.66it/s]
  4%|▍         | 123/3213 [00:28<11:10,  4.61it/s]
  4%|▍         | 124/3213 [00:29<10:55,  4.71it/s]
  4%|▍         | 125/3213 [00:29<11:12,  4.59it/s]
  4%|▍         | 126/3213 [00:29<12:08,  4.24it/s]
  4%|▍         | 127/3213 [00:29<10:41,  4.81it/s]
  4%|▍         | 128/3213 [00:29<10:06,  5.08it/s]
  4%|▍         | 129/3213 [00:30<10:38,  4.83it/s]
  4%|▍         | 130/3213 [00:30<11:00,  4.67it/s]
  4%|▍         | 131/3213 [00:30<10:49,  4.74it/s]
  4%|▍         | 132/3213 [00:30<11:13,  4.58it/s]
  4%|▍         | 133/3213 [00:30<11:09,  4.60it/s]
  4%|▍         | 134/3213 [00:31<13:40,  3.75it/s]
  4%|▍         | 135/3213 [00:31<12:27,  4.12it/s]
  4%|▍         | 136/3213 [00:31<12:13,  4.20it/s]
  4%|▍         | 137/3213 [00:31<11:23,  4.50it/s]
  4%|▍         | 138/3213 [00:32<10:41,  4.79it/s]
  4%|▍         | 139/3213 [00:32<10:12,  5.02it/s]
  4%|▍         | 140/3213 [00:32<10:11,  5.02it/s]
  4%|▍         | 141/3213 [00:32<11:45,  4.35it/s]
  4%|▍         | 142/3213 [00:32<10:58,  4.66it/s]
  4%|▍         | 143/3213 [00:33<10:52,  4.70it/s]
  4%|▍         | 144/3213 [00:33<10:54,  4.69it/s]
  5%|▍         | 145/3213 [00:33<10:12,  5.01it/s]
  5%|▍         | 146/3213 [00:33<09:38,  5.30it/s]
  5%|▍         | 147/3213 [00:33<09:42,  5.26it/s]
  5%|▍         | 148/3213 [00:34<09:57,  5.13it/s]
  5%|▍         | 149/3213 [00:34<10:46,  4.74it/s]
  5%|▍         | 150/3213 [00:34<10:31,  4.85it/s]
                                                  
{'loss': 0.0732, 'grad_norm': 2.0462324619293213, 'learning_rate': 1.9066293183940247e-05, 'epoch': 0.14}

  5%|▍         | 150/3213 [00:34<10:31,  4.85it/s]
  5%|▍         | 151/3213 [00:34<10:21,  4.93it/s]
  5%|▍         | 152/3213 [00:34<09:53,  5.15it/s]
  5%|▍         | 153/3213 [00:35<09:20,  5.46it/s]
  5%|▍         | 154/3213 [00:35<10:25,  4.89it/s]
  5%|▍         | 155/3213 [00:35<10:47,  4.72it/s]
  5%|▍         | 156/3213 [00:35<11:18,  4.51it/s]
  5%|▍         | 157/3213 [00:36<11:58,  4.25it/s]
  5%|▍         | 158/3213 [00:36<12:25,  4.10it/s]
  5%|▍         | 159/3213 [00:36<11:43,  4.34it/s]
  5%|▍         | 160/3213 [00:36<12:00,  4.24it/s]
  5%|▌         | 161/3213 [00:37<11:51,  4.29it/s]
  5%|▌         | 162/3213 [00:37<11:42,  4.34it/s]
  5%|▌         | 163/3213 [00:37<10:42,  4.75it/s]
  5%|▌         | 164/3213 [00:37<10:20,  4.91it/s]
  5%|▌         | 165/3213 [00:37<09:48,  5.18it/s]
  5%|▌         | 166/3213 [00:37<09:49,  5.17it/s]
  5%|▌         | 167/3213 [00:38<09:47,  5.18it/s]
  5%|▌         | 168/3213 [00:38<09:51,  5.15it/s]
  5%|▌         | 169/3213 [00:38<15:14,  3.33it/s]
  5%|▌         | 170/3213 [00:39<13:44,  3.69it/s]
  5%|▌         | 171/3213 [00:39<12:24,  4.09it/s]
  5%|▌         | 172/3213 [00:39<12:01,  4.21it/s]
  5%|▌         | 173/3213 [00:39<12:05,  4.19it/s]
  5%|▌         | 174/3213 [00:39<11:53,  4.26it/s]
  5%|▌         | 175/3213 [00:40<10:41,  4.73it/s]
  5%|▌         | 176/3213 [00:40<13:02,  3.88it/s]
  6%|▌         | 177/3213 [00:40<12:39,  4.00it/s]
  6%|▌         | 178/3213 [00:40<11:57,  4.23it/s]
  6%|▌         | 179/3213 [00:41<10:29,  4.82it/s]
  6%|▌         | 180/3213 [00:41<10:36,  4.76it/s]
  6%|▌         | 181/3213 [00:41<10:48,  4.68it/s]
  6%|▌         | 182/3213 [00:41<11:02,  4.58it/s]
  6%|▌         | 183/3213 [00:41<10:15,  4.92it/s]
  6%|▌         | 184/3213 [00:42<12:29,  4.04it/s]
  6%|▌         | 185/3213 [00:42<11:43,  4.30it/s]
  6%|▌         | 186/3213 [00:42<11:10,  4.51it/s]
  6%|▌         | 187/3213 [00:42<10:36,  4.75it/s]
  6%|▌         | 188/3213 [00:42<09:42,  5.19it/s]
  6%|▌         | 189/3213 [00:43<08:49,  5.71it/s]
  6%|▌         | 190/3213 [00:43<09:58,  5.05it/s]
  6%|▌         | 191/3213 [00:43<10:07,  4.98it/s]
  6%|▌         | 192/3213 [00:43<09:54,  5.09it/s]
  6%|▌         | 193/3213 [00:43<09:56,  5.06it/s]
  6%|▌         | 194/3213 [00:44<10:10,  4.94it/s]
  6%|▌         | 195/3213 [00:44<09:56,  5.06it/s]
  6%|▌         | 196/3213 [00:44<09:59,  5.03it/s]
  6%|▌         | 197/3213 [00:44<10:34,  4.75it/s]
  6%|▌         | 198/3213 [00:45<11:05,  4.53it/s]
  6%|▌         | 199/3213 [00:45<09:44,  5.16it/s]
  6%|▌         | 200/3213 [00:45<09:09,  5.48it/s]
                                                  
{'loss': 0.0443, 'grad_norm': 0.11205706745386124, 'learning_rate': 1.875505757858699e-05, 'epoch': 0.19}

  6%|▌         | 200/3213 [00:45<09:09,  5.48it/s]
  6%|▋         | 201/3213 [00:45<09:04,  5.53it/s]
  6%|▋         | 202/3213 [00:45<09:05,  5.52it/s]
  6%|▋         | 203/3213 [00:45<09:05,  5.51it/s]
  6%|▋         | 204/3213 [00:46<09:05,  5.52it/s]
  6%|▋         | 205/3213 [00:46<08:59,  5.57it/s]
  6%|▋         | 206/3213 [00:46<09:51,  5.08it/s]
  6%|▋         | 207/3213 [00:46<10:07,  4.94it/s]
  6%|▋         | 208/3213 [00:46<09:02,  5.54it/s]
  7%|▋         | 209/3213 [00:47<11:03,  4.52it/s]
  7%|▋         | 210/3213 [00:47<12:55,  3.87it/s]
  7%|▋         | 211/3213 [00:47<14:04,  3.56it/s]
  7%|▋         | 212/3213 [00:48<13:24,  3.73it/s]
  7%|▋         | 213/3213 [00:48<13:07,  3.81it/s]
  7%|▋         | 214/3213 [00:48<12:09,  4.11it/s]
  7%|▋         | 215/3213 [00:48<11:08,  4.49it/s]
  7%|▋         | 216/3213 [00:48<11:17,  4.43it/s]
  7%|▋         | 217/3213 [00:49<11:56,  4.18it/s]
  7%|▋         | 218/3213 [00:49<12:35,  3.96it/s]
  7%|▋         | 219/3213 [00:49<12:22,  4.03it/s]
  7%|▋         | 220/3213 [00:49<12:05,  4.13it/s]
  7%|▋         | 221/3213 [00:50<11:20,  4.39it/s]
  7%|▋         | 222/3213 [00:50<10:57,  4.55it/s]
  7%|▋         | 223/3213 [00:50<10:14,  4.86it/s]
  7%|▋         | 224/3213 [00:50<10:09,  4.91it/s]
  7%|▋         | 225/3213 [00:50<10:39,  4.67it/s]
  7%|▋         | 226/3213 [00:51<11:17,  4.41it/s]
  7%|▋         | 227/3213 [00:51<10:12,  4.88it/s]
  7%|▋         | 228/3213 [00:51<09:23,  5.29it/s]
  7%|▋         | 229/3213 [00:51<09:30,  5.23it/s]
  7%|▋         | 230/3213 [00:51<10:31,  4.73it/s]
  7%|▋         | 231/3213 [00:52<11:01,  4.51it/s]
  7%|▋         | 232/3213 [00:52<10:35,  4.69it/s]
  7%|▋         | 233/3213 [00:52<10:22,  4.79it/s]
  7%|▋         | 234/3213 [00:52<11:47,  4.21it/s]
  7%|▋         | 235/3213 [00:53<12:34,  3.95it/s]
  7%|▋         | 236/3213 [00:53<11:11,  4.43it/s]
  7%|▋         | 237/3213 [00:53<10:24,  4.76it/s]
  7%|▋         | 238/3213 [00:53<10:33,  4.69it/s]
  7%|▋         | 239/3213 [00:53<10:26,  4.75it/s]
  7%|▋         | 240/3213 [00:54<12:09,  4.08it/s]
  8%|▊         | 241/3213 [00:54<11:39,  4.25it/s]
  8%|▊         | 242/3213 [00:54<10:38,  4.65it/s]
  8%|▊         | 243/3213 [00:54<11:46,  4.20it/s]
  8%|▊         | 244/3213 [00:55<10:33,  4.69it/s]
  8%|▊         | 245/3213 [00:55<10:11,  4.86it/s]
  8%|▊         | 246/3213 [00:55<10:13,  4.84it/s]
  8%|▊         | 247/3213 [00:55<10:02,  4.93it/s]
  8%|▊         | 248/3213 [00:55<09:52,  5.01it/s]
  8%|▊         | 249/3213 [00:56<09:17,  5.31it/s]
  8%|▊         | 250/3213 [00:56<10:45,  4.59it/s]
                                                  
{'loss': 0.044, 'grad_norm': 1.3516829013824463, 'learning_rate': 1.8450046685340806e-05, 'epoch': 0.23}

  8%|▊         | 250/3213 [00:56<10:45,  4.59it/s]
  8%|▊         | 251/3213 [00:56<10:34,  4.67it/s]
  8%|▊         | 252/3213 [00:56<10:36,  4.65it/s]
  8%|▊         | 253/3213 [00:56<10:35,  4.66it/s]
  8%|▊         | 254/3213 [00:57<10:44,  4.59it/s]
  8%|▊         | 255/3213 [00:57<11:05,  4.44it/s]
  8%|▊         | 256/3213 [00:57<10:59,  4.48it/s]
  8%|▊         | 257/3213 [00:57<10:13,  4.82it/s]
  8%|▊         | 258/3213 [00:58<10:22,  4.75it/s]
  8%|▊         | 259/3213 [00:58<10:41,  4.61it/s]
  8%|▊         | 260/3213 [00:58<09:57,  4.94it/s]
  8%|▊         | 261/3213 [00:58<09:43,  5.06it/s]
  8%|▊         | 262/3213 [00:58<11:34,  4.25it/s]
  8%|▊         | 263/3213 [00:59<11:09,  4.40it/s]
  8%|▊         | 264/3213 [00:59<10:56,  4.49it/s]
  8%|▊         | 265/3213 [00:59<10:09,  4.84it/s]
  8%|▊         | 266/3213 [00:59<11:27,  4.28it/s]
  8%|▊         | 267/3213 [01:00<10:47,  4.55it/s]
  8%|▊         | 268/3213 [01:00<10:25,  4.71it/s]
  8%|▊         | 269/3213 [01:00<11:24,  4.30it/s]
  8%|▊         | 270/3213 [01:00<11:19,  4.33it/s]
  8%|▊         | 271/3213 [01:00<10:39,  4.60it/s]
  8%|▊         | 272/3213 [01:01<10:29,  4.67it/s]
  8%|▊         | 273/3213 [01:01<10:56,  4.48it/s]
  9%|▊         | 274/3213 [01:01<10:17,  4.76it/s]
  9%|▊         | 275/3213 [01:01<10:45,  4.55it/s]
  9%|▊         | 276/3213 [01:01<09:47,  5.00it/s]
  9%|▊         | 277/3213 [01:02<09:42,  5.04it/s]
  9%|▊         | 278/3213 [01:02<09:22,  5.22it/s]
  9%|▊         | 279/3213 [01:02<09:28,  5.16it/s]
  9%|▊         | 280/3213 [01:02<09:07,  5.36it/s]
  9%|▊         | 281/3213 [01:02<09:12,  5.30it/s]
  9%|▉         | 282/3213 [01:03<09:13,  5.29it/s]
  9%|▉         | 283/3213 [01:03<09:08,  5.34it/s]
  9%|▉         | 284/3213 [01:03<10:57,  4.45it/s]
  9%|▉         | 285/3213 [01:03<11:44,  4.16it/s]
  9%|▉         | 286/3213 [01:04<12:52,  3.79it/s]
  9%|▉         | 287/3213 [01:04<12:46,  3.82it/s]
  9%|▉         | 288/3213 [01:04<11:46,  4.14it/s]
  9%|▉         | 289/3213 [01:04<11:49,  4.12it/s]
  9%|▉         | 290/3213 [01:05<11:22,  4.28it/s]
  9%|▉         | 291/3213 [01:05<11:45,  4.14it/s]
  9%|▉         | 292/3213 [01:05<11:33,  4.21it/s]
  9%|▉         | 293/3213 [01:05<11:24,  4.27it/s]
  9%|▉         | 294/3213 [01:06<12:03,  4.04it/s]
  9%|▉         | 295/3213 [01:06<11:46,  4.13it/s]
  9%|▉         | 296/3213 [01:06<10:57,  4.43it/s]
  9%|▉         | 297/3213 [01:06<09:36,  5.06it/s]
  9%|▉         | 298/3213 [01:06<09:37,  5.05it/s]
  9%|▉         | 299/3213 [01:06<09:11,  5.28it/s]
  9%|▉         | 300/3213 [01:07<09:37,  5.04it/s]
                                                  
{'loss': 0.0337, 'grad_norm': 0.46993863582611084, 'learning_rate': 1.8138811079987554e-05, 'epoch': 0.28}

  9%|▉         | 300/3213 [01:07<09:37,  5.04it/s]
  9%|▉         | 301/3213 [01:07<09:37,  5.04it/s]
  9%|▉         | 302/3213 [01:07<09:28,  5.12it/s]
  9%|▉         | 303/3213 [01:07<10:49,  4.48it/s]
  9%|▉         | 304/3213 [01:08<10:28,  4.62it/s]
  9%|▉         | 305/3213 [01:08<11:47,  4.11it/s]
 10%|▉         | 306/3213 [01:08<11:17,  4.29it/s]
 10%|▉         | 307/3213 [01:08<11:06,  4.36it/s]
 10%|▉         | 308/3213 [01:09<11:20,  4.27it/s]
 10%|▉         | 309/3213 [01:09<11:39,  4.15it/s]
 10%|▉         | 310/3213 [01:09<10:38,  4.55it/s]
 10%|▉         | 311/3213 [01:09<11:12,  4.31it/s]
 10%|▉         | 312/3213 [01:09<10:11,  4.74it/s]
 10%|▉         | 313/3213 [01:10<15:48,  3.06it/s]
 10%|▉         | 314/3213 [01:10<14:34,  3.31it/s]
 10%|▉         | 315/3213 [01:10<13:40,  3.53it/s]
 10%|▉         | 316/3213 [01:11<12:38,  3.82it/s]
 10%|▉         | 317/3213 [01:11<11:27,  4.21it/s]
 10%|▉         | 318/3213 [01:11<10:28,  4.60it/s]
 10%|▉         | 319/3213 [01:11<12:35,  3.83it/s]
 10%|▉         | 320/3213 [01:12<11:35,  4.16it/s]
 10%|▉         | 321/3213 [01:12<10:39,  4.52it/s]
 10%|█         | 322/3213 [01:12<09:59,  4.82it/s]
 10%|█         | 323/3213 [01:12<10:41,  4.51it/s]
 10%|█         | 324/3213 [01:12<10:53,  4.42it/s]
 10%|█         | 325/3213 [01:13<11:26,  4.21it/s]
 10%|█         | 326/3213 [01:13<13:12,  3.65it/s]
 10%|█         | 327/3213 [01:13<11:38,  4.13it/s]
 10%|█         | 328/3213 [01:13<11:35,  4.15it/s]
 10%|█         | 329/3213 [01:14<10:58,  4.38it/s]
 10%|█         | 330/3213 [01:14<11:07,  4.32it/s]
 10%|█         | 331/3213 [01:14<10:46,  4.46it/s]
 10%|█         | 332/3213 [01:14<10:43,  4.48it/s]
 10%|█         | 333/3213 [01:15<11:02,  4.35it/s]
 10%|█         | 334/3213 [01:15<11:22,  4.22it/s]
 10%|█         | 335/3213 [01:15<10:55,  4.39it/s]
 10%|█         | 336/3213 [01:15<12:42,  3.77it/s]
 10%|█         | 337/3213 [01:16<11:55,  4.02it/s]
 11%|█         | 338/3213 [01:16<11:56,  4.01it/s]
 11%|█         | 339/3213 [01:16<11:40,  4.10it/s]
 11%|█         | 340/3213 [01:16<11:19,  4.23it/s]
 11%|█         | 341/3213 [01:16<10:44,  4.46it/s]
 11%|█         | 342/3213 [01:17<10:12,  4.69it/s]
 11%|█         | 343/3213 [01:17<10:04,  4.75it/s]
 11%|█         | 344/3213 [01:17<10:39,  4.49it/s]
 11%|█         | 345/3213 [01:17<10:12,  4.68it/s]
 11%|█         | 346/3213 [01:18<10:10,  4.70it/s]
 11%|█         | 347/3213 [01:18<09:47,  4.88it/s]
 11%|█         | 348/3213 [01:18<09:17,  5.14it/s]
 11%|█         | 349/3213 [01:18<10:07,  4.72it/s]
 11%|█         | 350/3213 [01:18<11:03,  4.32it/s]
                                                  
{'loss': 0.0354, 'grad_norm': 2.2063040733337402, 'learning_rate': 1.78275754746343e-05, 'epoch': 0.33}

 11%|█         | 350/3213 [01:18<11:03,  4.32it/s]
 11%|█         | 351/3213 [01:19<11:03,  4.31it/s]
 11%|█         | 352/3213 [01:19<10:02,  4.75it/s]
 11%|█         | 353/3213 [01:19<09:09,  5.20it/s]
 11%|█         | 354/3213 [01:19<09:05,  5.24it/s]
 11%|█         | 355/3213 [01:19<08:44,  5.45it/s]
 11%|█         | 356/3213 [01:20<09:31,  5.00it/s]
 11%|█         | 357/3213 [01:20<09:41,  4.91it/s]
 11%|█         | 358/3213 [01:20<09:17,  5.12it/s]
 11%|█         | 359/3213 [01:20<09:45,  4.88it/s]
 11%|█         | 360/3213 [01:20<09:35,  4.95it/s]
 11%|█         | 361/3213 [01:21<09:22,  5.07it/s]
 11%|█▏        | 362/3213 [01:21<09:00,  5.28it/s]
 11%|█▏        | 363/3213 [01:21<08:31,  5.57it/s]
 11%|█▏        | 364/3213 [01:21<10:23,  4.57it/s]
 11%|█▏        | 365/3213 [01:21<10:01,  4.73it/s]
 11%|█▏        | 366/3213 [01:22<09:11,  5.16it/s]
 11%|█▏        | 367/3213 [01:22<11:47,  4.02it/s]
 11%|█▏        | 368/3213 [01:22<11:37,  4.08it/s]
 11%|█▏        | 369/3213 [01:22<11:21,  4.17it/s]
 12%|█▏        | 370/3213 [01:23<10:37,  4.46it/s]
 12%|█▏        | 371/3213 [01:23<09:54,  4.78it/s]
 12%|█▏        | 372/3213 [01:23<09:18,  5.08it/s]
 12%|█▏        | 373/3213 [01:23<08:59,  5.26it/s]
 12%|█▏        | 374/3213 [01:23<09:55,  4.77it/s]
 12%|█▏        | 375/3213 [01:24<12:28,  3.79it/s]
 12%|█▏        | 376/3213 [01:24<12:14,  3.86it/s]
 12%|█▏        | 377/3213 [01:24<11:20,  4.17it/s]
 12%|█▏        | 378/3213 [01:24<10:26,  4.53it/s]
 12%|█▏        | 379/3213 [01:25<09:31,  4.96it/s]
 12%|█▏        | 380/3213 [01:25<08:40,  5.44it/s]
 12%|█▏        | 381/3213 [01:25<08:04,  5.84it/s]
 12%|█▏        | 382/3213 [01:25<10:27,  4.51it/s]
 12%|█▏        | 383/3213 [01:25<11:25,  4.13it/s]
 12%|█▏        | 384/3213 [01:26<10:55,  4.32it/s]
 12%|█▏        | 385/3213 [01:26<10:28,  4.50it/s]
 12%|█▏        | 386/3213 [01:26<09:43,  4.85it/s]
 12%|█▏        | 387/3213 [01:26<09:14,  5.10it/s]
 12%|█▏        | 388/3213 [01:26<09:02,  5.20it/s]
 12%|█▏        | 389/3213 [01:27<08:32,  5.51it/s]
 12%|█▏        | 390/3213 [01:27<08:38,  5.45it/s]
 12%|█▏        | 391/3213 [01:27<08:05,  5.82it/s]
 12%|█▏        | 392/3213 [01:27<08:41,  5.41it/s]
 12%|█▏        | 393/3213 [01:27<08:53,  5.29it/s]
 12%|█▏        | 394/3213 [01:27<08:39,  5.42it/s]
 12%|█▏        | 395/3213 [01:28<09:20,  5.03it/s]
 12%|█▏        | 396/3213 [01:28<09:30,  4.94it/s]
 12%|█▏        | 397/3213 [01:28<09:31,  4.93it/s]
 12%|█▏        | 398/3213 [01:28<09:47,  4.79it/s]
 12%|█▏        | 399/3213 [01:29<10:02,  4.67it/s]
 12%|█▏        | 400/3213 [01:29<09:21,  5.01it/s]
                                                  
{'loss': 0.0402, 'grad_norm': 0.7417141199111938, 'learning_rate': 1.7516339869281047e-05, 'epoch': 0.37}

 12%|█▏        | 400/3213 [01:29<09:21,  5.01it/s]
 12%|█▏        | 401/3213 [01:29<08:49,  5.31it/s]
 13%|█▎        | 402/3213 [01:29<08:20,  5.62it/s]
 13%|█▎        | 403/3213 [01:29<08:36,  5.44it/s]
 13%|█▎        | 404/3213 [01:29<08:54,  5.26it/s]
 13%|█▎        | 405/3213 [01:30<08:48,  5.32it/s]
 13%|█▎        | 406/3213 [01:30<09:04,  5.15it/s]
 13%|█▎        | 407/3213 [01:30<08:47,  5.32it/s]
 13%|█▎        | 408/3213 [01:30<09:22,  4.99it/s]
 13%|█▎        | 409/3213 [01:30<08:59,  5.20it/s]
 13%|█▎        | 410/3213 [01:31<08:33,  5.45it/s]
 13%|█▎        | 411/3213 [01:31<08:35,  5.44it/s]
 13%|█▎        | 412/3213 [01:31<08:33,  5.46it/s]
 13%|█▎        | 413/3213 [01:31<08:27,  5.52it/s]
 13%|█▎        | 414/3213 [01:31<08:33,  5.45it/s]
 13%|█▎        | 415/3213 [01:32<09:15,  5.04it/s]
 13%|█▎        | 416/3213 [01:32<09:41,  4.81it/s]
 13%|█▎        | 417/3213 [01:32<10:23,  4.48it/s]
 13%|█▎        | 418/3213 [01:32<10:33,  4.41it/s]
 13%|█▎        | 419/3213 [01:32<09:28,  4.92it/s]
 13%|█▎        | 420/3213 [01:33<08:59,  5.17it/s]
 13%|█▎        | 421/3213 [01:33<08:54,  5.23it/s]
 13%|█▎        | 422/3213 [01:33<08:48,  5.28it/s]
 13%|█▎        | 423/3213 [01:33<08:30,  5.47it/s]
 13%|█▎        | 424/3213 [01:33<09:24,  4.94it/s]
 13%|█▎        | 425/3213 [01:34<09:04,  5.12it/s]
 13%|█▎        | 426/3213 [01:34<09:45,  4.76it/s]
 13%|█▎        | 427/3213 [01:34<09:24,  4.94it/s]
 13%|█▎        | 428/3213 [01:34<10:00,  4.64it/s]
 13%|█▎        | 429/3213 [01:34<10:44,  4.32it/s]
 13%|█▎        | 430/3213 [01:35<10:15,  4.52it/s]
 13%|█▎        | 431/3213 [01:35<09:43,  4.77it/s]
 13%|█▎        | 432/3213 [01:35<09:41,  4.78it/s]
 13%|█▎        | 433/3213 [01:35<09:52,  4.69it/s]
 14%|█▎        | 434/3213 [01:35<09:38,  4.81it/s]
 14%|█▎        | 435/3213 [01:36<09:52,  4.68it/s]
 14%|█▎        | 436/3213 [01:36<09:32,  4.85it/s]
 14%|█▎        | 437/3213 [01:36<08:43,  5.31it/s]
 14%|█▎        | 438/3213 [01:36<10:49,  4.27it/s]
 14%|█▎        | 439/3213 [01:37<10:05,  4.58it/s]
 14%|█▎        | 440/3213 [01:37<10:02,  4.61it/s]
 14%|█▎        | 441/3213 [01:37<09:37,  4.80it/s]
 14%|█▍        | 442/3213 [01:37<09:48,  4.71it/s]
 14%|█▍        | 443/3213 [01:37<09:24,  4.90it/s]
 14%|█▍        | 444/3213 [01:38<10:01,  4.61it/s]
 14%|█▍        | 445/3213 [01:38<10:13,  4.52it/s]
 14%|█▍        | 446/3213 [01:38<09:16,  4.97it/s]
 14%|█▍        | 447/3213 [01:38<09:03,  5.09it/s]
 14%|█▍        | 448/3213 [01:38<09:03,  5.09it/s]
 14%|█▍        | 449/3213 [01:39<08:46,  5.25it/s]
 14%|█▍        | 450/3213 [01:39<08:59,  5.13it/s]
                                                  
{'loss': 0.0326, 'grad_norm': 1.120097279548645, 'learning_rate': 1.7205104263927796e-05, 'epoch': 0.42}

 14%|█▍        | 450/3213 [01:39<08:59,  5.13it/s]
 14%|█▍        | 451/3213 [01:39<08:49,  5.22it/s]
 14%|█▍        | 452/3213 [01:39<08:59,  5.11it/s]
 14%|█▍        | 453/3213 [01:39<09:12,  5.00it/s]
 14%|█▍        | 454/3213 [01:40<09:25,  4.88it/s]
 14%|█▍        | 455/3213 [01:40<09:50,  4.67it/s]
 14%|█▍        | 456/3213 [01:40<10:09,  4.53it/s]
 14%|█▍        | 457/3213 [01:40<09:03,  5.07it/s]
 14%|█▍        | 458/3213 [01:40<09:09,  5.01it/s]
 14%|█▍        | 459/3213 [01:41<08:55,  5.15it/s]
 14%|█▍        | 460/3213 [01:41<09:36,  4.78it/s]
 14%|█▍        | 461/3213 [01:41<09:48,  4.68it/s]
 14%|█▍        | 462/3213 [01:41<09:15,  4.96it/s]
 14%|█▍        | 463/3213 [01:41<08:48,  5.20it/s]
 14%|█▍        | 464/3213 [01:42<09:15,  4.95it/s]
 14%|█▍        | 465/3213 [01:42<09:54,  4.62it/s]
 15%|█▍        | 466/3213 [01:42<09:18,  4.92it/s]
 15%|█▍        | 467/3213 [01:42<08:58,  5.10it/s]
 15%|█▍        | 468/3213 [01:42<09:43,  4.71it/s]
 15%|█▍        | 469/3213 [01:43<10:07,  4.52it/s]
 15%|█▍        | 470/3213 [01:43<09:33,  4.78it/s]
 15%|█▍        | 471/3213 [01:43<09:37,  4.75it/s]
 15%|█▍        | 472/3213 [01:43<09:03,  5.04it/s]
 15%|█▍        | 473/3213 [01:43<08:22,  5.45it/s]
 15%|█▍        | 474/3213 [01:44<08:17,  5.51it/s]
 15%|█▍        | 475/3213 [01:44<08:21,  5.46it/s]
 15%|█▍        | 476/3213 [01:44<08:56,  5.11it/s]
 15%|█▍        | 477/3213 [01:44<09:05,  5.01it/s]
 15%|█▍        | 478/3213 [01:44<09:11,  4.96it/s]
 15%|█▍        | 479/3213 [01:45<11:49,  3.86it/s]
 15%|█▍        | 480/3213 [01:45<10:51,  4.20it/s]
 15%|█▍        | 481/3213 [01:45<10:16,  4.43it/s]
 15%|█▌        | 482/3213 [01:45<10:16,  4.43it/s]
 15%|█▌        | 483/3213 [01:46<09:22,  4.85it/s]
 15%|█▌        | 484/3213 [01:46<09:15,  4.91it/s]
 15%|█▌        | 485/3213 [01:46<09:26,  4.81it/s]
 15%|█▌        | 486/3213 [01:46<09:01,  5.03it/s]
 15%|█▌        | 487/3213 [01:46<08:36,  5.28it/s]
 15%|█▌        | 488/3213 [01:47<08:25,  5.39it/s]
 15%|█▌        | 489/3213 [01:47<08:59,  5.05it/s]
 15%|█▌        | 490/3213 [01:47<08:43,  5.20it/s]
 15%|█▌        | 491/3213 [01:47<08:33,  5.30it/s]
 15%|█▌        | 492/3213 [01:47<08:05,  5.61it/s]
 15%|█▌        | 493/3213 [01:47<08:08,  5.56it/s]
 15%|█▌        | 494/3213 [01:48<08:45,  5.17it/s]
 15%|█▌        | 495/3213 [01:48<09:51,  4.59it/s]
 15%|█▌        | 496/3213 [01:48<08:49,  5.13it/s]
 15%|█▌        | 497/3213 [01:48<09:07,  4.96it/s]
 15%|█▌        | 498/3213 [01:48<08:56,  5.06it/s]
 16%|█▌        | 499/3213 [01:49<08:55,  5.07it/s]
 16%|█▌        | 500/3213 [01:49<09:05,  4.97it/s]
                                                  
{'loss': 0.031, 'grad_norm': 1.16176176071167, 'learning_rate': 1.689386865857454e-05, 'epoch': 0.47}

 16%|█▌        | 500/3213 [01:49<09:05,  4.97it/s]
 16%|█▌        | 501/3213 [01:49<08:47,  5.14it/s]
 16%|█▌        | 502/3213 [01:49<08:52,  5.09it/s]
 16%|█▌        | 503/3213 [01:50<09:35,  4.71it/s]
 16%|█▌        | 504/3213 [01:50<08:54,  5.07it/s]
 16%|█▌        | 505/3213 [01:50<09:04,  4.97it/s]
 16%|█▌        | 506/3213 [01:50<09:07,  4.94it/s]
 16%|█▌        | 507/3213 [01:50<08:40,  5.20it/s]
 16%|█▌        | 508/3213 [01:51<09:02,  4.99it/s]
 16%|█▌        | 509/3213 [01:51<08:56,  5.04it/s]
 16%|█▌        | 510/3213 [01:51<10:35,  4.25it/s]
 16%|█▌        | 511/3213 [01:51<10:03,  4.48it/s]
 16%|█▌        | 512/3213 [01:51<09:41,  4.65it/s]
 16%|█▌        | 513/3213 [01:52<09:59,  4.50it/s]
 16%|█▌        | 514/3213 [01:52<10:53,  4.13it/s]
 16%|█▌        | 515/3213 [01:52<11:03,  4.07it/s]
 16%|█▌        | 516/3213 [01:52<10:35,  4.24it/s]
 16%|█▌        | 517/3213 [01:53<10:23,  4.32it/s]
 16%|█▌        | 518/3213 [01:53<10:01,  4.48it/s]
 16%|█▌        | 519/3213 [01:53<09:29,  4.73it/s]
 16%|█▌        | 520/3213 [01:53<09:18,  4.82it/s]
 16%|█▌        | 521/3213 [01:53<09:10,  4.89it/s]
 16%|█▌        | 522/3213 [01:54<09:08,  4.91it/s]
 16%|█▋        | 523/3213 [01:54<08:53,  5.04it/s]
 16%|█▋        | 524/3213 [01:54<08:11,  5.47it/s]
 16%|█▋        | 525/3213 [01:54<08:21,  5.36it/s]
 16%|█▋        | 526/3213 [01:54<08:37,  5.20it/s]
 16%|█▋        | 527/3213 [01:55<08:12,  5.46it/s]
 16%|█▋        | 528/3213 [01:55<08:07,  5.51it/s]
 16%|█▋        | 529/3213 [01:55<08:14,  5.43it/s]
 16%|█▋        | 530/3213 [01:55<10:00,  4.47it/s]
 17%|█▋        | 531/3213 [01:55<10:03,  4.45it/s]
 17%|█▋        | 532/3213 [01:56<09:46,  4.57it/s]
 17%|█▋        | 533/3213 [01:56<09:45,  4.58it/s]
 17%|█▋        | 534/3213 [01:56<09:13,  4.84it/s]
 17%|█▋        | 535/3213 [01:56<08:51,  5.04it/s]
 17%|█▋        | 536/3213 [01:57<11:08,  4.01it/s]
 17%|█▋        | 537/3213 [01:57<10:03,  4.43it/s]
 17%|█▋        | 538/3213 [01:57<09:00,  4.95it/s]
 17%|█▋        | 539/3213 [01:57<09:32,  4.67it/s]
 17%|█▋        | 540/3213 [01:57<09:11,  4.85it/s]
 17%|█▋        | 541/3213 [01:57<08:38,  5.16it/s]
 17%|█▋        | 542/3213 [01:58<08:20,  5.33it/s]
 17%|█▋        | 543/3213 [01:58<08:15,  5.39it/s]
 17%|█▋        | 544/3213 [01:58<08:58,  4.96it/s]
 17%|█▋        | 545/3213 [01:58<08:41,  5.12it/s]
 17%|█▋        | 546/3213 [01:58<08:20,  5.32it/s]
 17%|█▋        | 547/3213 [01:59<08:20,  5.33it/s]
 17%|█▋        | 548/3213 [01:59<07:54,  5.62it/s]
 17%|█▋        | 549/3213 [01:59<08:32,  5.20it/s]
 17%|█▋        | 550/3213 [01:59<09:12,  4.82it/s]
                                                  
{'loss': 0.0393, 'grad_norm': 3.1739461421966553, 'learning_rate': 1.6582633053221292e-05, 'epoch': 0.51}

 17%|█▋        | 550/3213 [01:59<09:12,  4.82it/s]
 17%|█▋        | 551/3213 [01:59<09:11,  4.82it/s]
 17%|█▋        | 552/3213 [02:00<09:21,  4.74it/s]
 17%|█▋        | 553/3213 [02:00<09:37,  4.61it/s]
 17%|█▋        | 554/3213 [02:00<09:21,  4.74it/s]
 17%|█▋        | 555/3213 [02:00<09:16,  4.78it/s]
 17%|█▋        | 556/3213 [02:00<08:43,  5.07it/s]
 17%|█▋        | 557/3213 [02:01<09:00,  4.91it/s]
 17%|█▋        | 558/3213 [02:01<08:52,  4.98it/s]
 17%|█▋        | 559/3213 [02:01<08:20,  5.30it/s]
 17%|█▋        | 560/3213 [02:01<08:01,  5.51it/s]
 17%|█▋        | 561/3213 [02:01<07:46,  5.68it/s]
 17%|█▋        | 562/3213 [02:02<07:42,  5.73it/s]
 18%|█▊        | 563/3213 [02:02<07:47,  5.66it/s]
 18%|█▊        | 564/3213 [02:02<08:06,  5.44it/s]
 18%|█▊        | 565/3213 [02:02<08:48,  5.01it/s]
 18%|█▊        | 566/3213 [02:02<09:04,  4.86it/s]
 18%|█▊        | 567/3213 [02:03<09:41,  4.55it/s]
 18%|█▊        | 568/3213 [02:03<10:33,  4.17it/s]
 18%|█▊        | 569/3213 [02:03<12:17,  3.58it/s]
 18%|█▊        | 570/3213 [02:04<14:25,  3.05it/s]
 18%|█▊        | 571/3213 [02:04<17:48,  2.47it/s]
 18%|█▊        | 572/3213 [02:05<15:32,  2.83it/s]
 18%|█▊        | 573/3213 [02:05<14:12,  3.10it/s]
 18%|█▊        | 574/3213 [02:05<12:15,  3.59it/s]
 18%|█▊        | 575/3213 [02:05<10:44,  4.09it/s]
 18%|█▊        | 576/3213 [02:05<10:34,  4.16it/s]
 18%|█▊        | 577/3213 [02:05<09:11,  4.78it/s]
 18%|█▊        | 578/3213 [02:06<08:17,  5.30it/s]
 18%|█▊        | 579/3213 [02:06<07:58,  5.51it/s]
 18%|█▊        | 580/3213 [02:06<07:28,  5.87it/s]
 18%|█▊        | 581/3213 [02:06<07:36,  5.76it/s]
 18%|█▊        | 582/3213 [02:06<08:05,  5.42it/s]
 18%|█▊        | 583/3213 [02:07<08:06,  5.41it/s]
 18%|█▊        | 584/3213 [02:07<07:39,  5.72it/s]
 18%|█▊        | 585/3213 [02:07<07:28,  5.86it/s]
 18%|█▊        | 586/3213 [02:07<06:53,  6.36it/s]
 18%|█▊        | 587/3213 [02:07<07:08,  6.13it/s]
 18%|█▊        | 588/3213 [02:07<07:29,  5.84it/s]
 18%|█▊        | 589/3213 [02:07<07:17,  6.00it/s]
 18%|█▊        | 590/3213 [02:08<06:54,  6.32it/s]
 18%|█▊        | 591/3213 [02:08<07:12,  6.07it/s]
 18%|█▊        | 592/3213 [02:08<07:16,  6.01it/s]
 18%|█▊        | 593/3213 [02:08<06:47,  6.42it/s]
 18%|█▊        | 594/3213 [02:08<06:27,  6.77it/s]
 19%|█▊        | 595/3213 [02:08<06:10,  7.07it/s]
 19%|█▊        | 596/3213 [02:09<07:12,  6.05it/s]
 19%|█▊        | 597/3213 [02:09<07:18,  5.96it/s]
 19%|█▊        | 598/3213 [02:09<07:01,  6.20it/s]
 19%|█▊        | 599/3213 [02:09<07:05,  6.14it/s]
 19%|█▊        | 600/3213 [02:09<06:46,  6.43it/s]
                                                  
{'loss': 0.0268, 'grad_norm': 8.519179344177246, 'learning_rate': 1.6271397447868037e-05, 'epoch': 0.56}

 19%|█▊        | 600/3213 [02:09<06:46,  6.43it/s]
 19%|█▊        | 601/3213 [02:09<06:33,  6.64it/s]
 19%|█▊        | 602/3213 [02:09<06:26,  6.75it/s]
 19%|█▉        | 603/3213 [02:10<06:40,  6.51it/s]
 19%|█▉        | 604/3213 [02:10<06:44,  6.45it/s]
 19%|█▉        | 605/3213 [02:10<06:37,  6.56it/s]
 19%|█▉        | 606/3213 [02:10<06:23,  6.79it/s]
 19%|█▉        | 607/3213 [02:10<06:11,  7.01it/s]
 19%|█▉        | 608/3213 [02:10<06:43,  6.45it/s]
 19%|█▉        | 609/3213 [02:11<07:29,  5.80it/s]
 19%|█▉        | 610/3213 [02:11<06:56,  6.26it/s]
 19%|█▉        | 611/3213 [02:11<06:55,  6.27it/s]
 19%|█▉        | 612/3213 [02:11<06:59,  6.20it/s]
 19%|█▉        | 613/3213 [02:11<07:18,  5.92it/s]
 19%|█▉        | 614/3213 [02:11<07:25,  5.83it/s]
 19%|█▉        | 615/3213 [02:12<07:09,  6.05it/s]
 19%|█▉        | 616/3213 [02:12<06:54,  6.26it/s]
 19%|█▉        | 617/3213 [02:12<07:53,  5.48it/s]
 19%|█▉        | 618/3213 [02:12<07:46,  5.56it/s]
 19%|█▉        | 619/3213 [02:12<07:29,  5.77it/s]
 19%|█▉        | 620/3213 [02:12<07:16,  5.94it/s]
 19%|█▉        | 621/3213 [02:13<07:29,  5.77it/s]
 19%|█▉        | 622/3213 [02:13<07:13,  5.98it/s]
 19%|█▉        | 623/3213 [02:13<06:44,  6.40it/s]
 19%|█▉        | 624/3213 [02:13<06:25,  6.72it/s]
 19%|█▉        | 625/3213 [02:13<06:16,  6.87it/s]
 19%|█▉        | 626/3213 [02:13<06:37,  6.50it/s]
 20%|█▉        | 627/3213 [02:13<06:06,  7.06it/s]
 20%|█▉        | 628/3213 [02:14<05:50,  7.37it/s]
 20%|█▉        | 629/3213 [02:14<05:52,  7.33it/s]
 20%|█▉        | 630/3213 [02:14<05:47,  7.43it/s]
 20%|█▉        | 631/3213 [02:14<05:51,  7.34it/s]
 20%|█▉        | 632/3213 [02:14<05:38,  7.63it/s]
 20%|█▉        | 633/3213 [02:14<05:41,  7.55it/s]
 20%|█▉        | 634/3213 [02:14<06:05,  7.06it/s]
 20%|█▉        | 635/3213 [02:15<06:09,  6.97it/s]
 20%|█▉        | 636/3213 [02:15<06:14,  6.88it/s]
 20%|█▉        | 637/3213 [02:15<05:55,  7.24it/s]
 20%|█▉        | 638/3213 [02:15<05:54,  7.27it/s]
 20%|█▉        | 639/3213 [02:15<05:58,  7.19it/s]
 20%|█▉        | 640/3213 [02:15<06:07,  7.00it/s]
 20%|█▉        | 641/3213 [02:15<05:57,  7.20it/s]
 20%|█▉        | 642/3213 [02:16<05:58,  7.17it/s]
 20%|██        | 643/3213 [02:16<06:01,  7.11it/s]
 20%|██        | 644/3213 [02:16<06:02,  7.08it/s]
 20%|██        | 645/3213 [02:16<06:03,  7.07it/s]
 20%|██        | 646/3213 [02:16<06:11,  6.91it/s]
 20%|██        | 647/3213 [02:16<06:24,  6.67it/s]
 20%|██        | 648/3213 [02:16<06:24,  6.67it/s]
 20%|██        | 649/3213 [02:17<06:29,  6.58it/s]
 20%|██        | 650/3213 [02:17<06:18,  6.78it/s]
                                                  
{'loss': 0.0282, 'grad_norm': 0.5542367696762085, 'learning_rate': 1.5960161842514786e-05, 'epoch': 0.61}

 20%|██        | 650/3213 [02:17<06:18,  6.78it/s]
 20%|██        | 651/3213 [02:17<07:23,  5.78it/s]
 20%|██        | 652/3213 [02:17<06:53,  6.19it/s]
 20%|██        | 653/3213 [02:17<07:25,  5.74it/s]
 20%|██        | 654/3213 [02:17<07:29,  5.69it/s]
 20%|██        | 655/3213 [02:18<07:18,  5.83it/s]
 20%|██        | 656/3213 [02:18<07:06,  6.00it/s]
 20%|██        | 657/3213 [02:18<06:57,  6.12it/s]
 20%|██        | 658/3213 [02:18<07:45,  5.49it/s]
 21%|██        | 659/3213 [02:18<07:40,  5.55it/s]
 21%|██        | 660/3213 [02:19<07:54,  5.38it/s]
 21%|██        | 661/3213 [02:19<07:11,  5.91it/s]
 21%|██        | 662/3213 [02:19<07:34,  5.61it/s]
 21%|██        | 663/3213 [02:19<07:16,  5.84it/s]
 21%|██        | 664/3213 [02:19<06:50,  6.21it/s]
 21%|██        | 665/3213 [02:19<07:11,  5.91it/s]
 21%|██        | 666/3213 [02:20<07:29,  5.67it/s]
 21%|██        | 667/3213 [02:20<07:20,  5.77it/s]
 21%|██        | 668/3213 [02:20<07:25,  5.71it/s]
 21%|██        | 669/3213 [02:20<07:32,  5.63it/s]
 21%|██        | 670/3213 [02:20<08:07,  5.22it/s]
 21%|██        | 671/3213 [02:20<07:47,  5.44it/s]
 21%|██        | 672/3213 [02:21<07:48,  5.43it/s]
 21%|██        | 673/3213 [02:21<07:20,  5.77it/s]
 21%|██        | 674/3213 [02:21<07:22,  5.74it/s]
 21%|██        | 675/3213 [02:21<08:21,  5.06it/s]
 21%|██        | 676/3213 [02:21<08:39,  4.88it/s]
 21%|██        | 677/3213 [02:22<08:02,  5.25it/s]
 21%|██        | 678/3213 [02:22<07:49,  5.40it/s]
 21%|██        | 679/3213 [02:22<07:30,  5.62it/s]
 21%|██        | 680/3213 [02:22<07:40,  5.50it/s]
 21%|██        | 681/3213 [02:22<07:54,  5.34it/s]
 21%|██        | 682/3213 [02:23<07:39,  5.51it/s]
 21%|██▏       | 683/3213 [02:23<06:58,  6.04it/s]
 21%|██▏       | 684/3213 [02:23<07:29,  5.63it/s]
 21%|██▏       | 685/3213 [02:23<08:01,  5.25it/s]
 21%|██▏       | 686/3213 [02:23<07:43,  5.45it/s]
 21%|██▏       | 687/3213 [02:23<07:33,  5.57it/s]
 21%|██▏       | 688/3213 [02:24<07:28,  5.63it/s]
 21%|██▏       | 689/3213 [02:24<07:15,  5.80it/s]
 21%|██▏       | 690/3213 [02:24<07:38,  5.50it/s]
 22%|██▏       | 691/3213 [02:24<09:25,  4.46it/s]
 22%|██▏       | 692/3213 [02:24<09:08,  4.60it/s]
 22%|██▏       | 693/3213 [02:25<08:44,  4.80it/s]
 22%|██▏       | 694/3213 [02:25<08:33,  4.90it/s]
 22%|██▏       | 695/3213 [02:25<08:24,  4.99it/s]
 22%|██▏       | 696/3213 [02:25<08:02,  5.22it/s]
 22%|██▏       | 697/3213 [02:25<07:41,  5.45it/s]
 22%|██▏       | 698/3213 [02:26<07:47,  5.38it/s]
 22%|██▏       | 699/3213 [02:26<08:01,  5.22it/s]
 22%|██▏       | 700/3213 [02:26<07:22,  5.68it/s]
                                                  
{'loss': 0.0204, 'grad_norm': 2.0650227069854736, 'learning_rate': 1.5648926237161534e-05, 'epoch': 0.65}

 22%|██▏       | 700/3213 [02:26<07:22,  5.68it/s]
 22%|██▏       | 701/3213 [02:26<07:20,  5.70it/s]
 22%|██▏       | 702/3213 [02:26<07:43,  5.42it/s]
 22%|██▏       | 703/3213 [02:27<08:25,  4.96it/s]
 22%|██▏       | 704/3213 [02:27<08:18,  5.04it/s]
 22%|██▏       | 705/3213 [02:27<07:59,  5.24it/s]
 22%|██▏       | 706/3213 [02:27<09:00,  4.64it/s]
 22%|██▏       | 707/3213 [02:27<08:45,  4.77it/s]
 22%|██▏       | 708/3213 [02:28<08:26,  4.95it/s]
 22%|██▏       | 709/3213 [02:28<07:51,  5.31it/s]
 22%|██▏       | 710/3213 [02:28<08:29,  4.91it/s]
 22%|██▏       | 711/3213 [02:28<08:03,  5.18it/s]
 22%|██▏       | 712/3213 [02:28<07:32,  5.52it/s]
 22%|██▏       | 713/3213 [02:29<08:33,  4.87it/s]
 22%|██▏       | 714/3213 [02:29<10:44,  3.88it/s]
 22%|██▏       | 715/3213 [02:29<10:49,  3.85it/s]
 22%|██▏       | 716/3213 [02:29<10:41,  3.89it/s]
 22%|██▏       | 717/3213 [02:30<09:27,  4.40it/s]
 22%|██▏       | 718/3213 [02:30<08:51,  4.69it/s]
 22%|██▏       | 719/3213 [02:30<08:30,  4.88it/s]
 22%|██▏       | 720/3213 [02:30<10:23,  4.00it/s]
 22%|██▏       | 721/3213 [02:31<10:16,  4.04it/s]
 22%|██▏       | 722/3213 [02:31<09:57,  4.17it/s]
 23%|██▎       | 723/3213 [02:31<11:12,  3.70it/s]
 23%|██▎       | 724/3213 [02:31<10:38,  3.90it/s]
 23%|██▎       | 725/3213 [02:32<10:14,  4.05it/s]
 23%|██▎       | 726/3213 [02:32<09:21,  4.43it/s]
 23%|██▎       | 727/3213 [02:32<12:11,  3.40it/s]
 23%|██▎       | 728/3213 [02:32<11:12,  3.70it/s]
 23%|██▎       | 729/3213 [02:33<10:19,  4.01it/s]
 23%|██▎       | 730/3213 [02:33<09:49,  4.21it/s]
 23%|██▎       | 731/3213 [02:33<09:21,  4.42it/s]
 23%|██▎       | 732/3213 [02:33<09:06,  4.54it/s]
 23%|██▎       | 733/3213 [02:33<08:58,  4.60it/s]
 23%|██▎       | 734/3213 [02:34<08:23,  4.93it/s]
 23%|██▎       | 735/3213 [02:34<07:42,  5.36it/s]
 23%|██▎       | 736/3213 [02:34<07:37,  5.41it/s]
 23%|██▎       | 737/3213 [02:34<07:02,  5.86it/s]
 23%|██▎       | 738/3213 [02:34<06:59,  5.90it/s]
 23%|██▎       | 739/3213 [02:34<07:45,  5.31it/s]
 23%|██▎       | 740/3213 [02:35<08:12,  5.02it/s]
 23%|██▎       | 741/3213 [02:35<08:37,  4.78it/s]
 23%|██▎       | 742/3213 [02:35<08:26,  4.88it/s]
 23%|██▎       | 743/3213 [02:35<08:41,  4.73it/s]
 23%|██▎       | 744/3213 [02:36<08:02,  5.11it/s]
 23%|██▎       | 745/3213 [02:36<07:32,  5.45it/s]
 23%|██▎       | 746/3213 [02:36<07:02,  5.84it/s]
 23%|██▎       | 747/3213 [02:36<07:47,  5.28it/s]
 23%|██▎       | 748/3213 [02:36<08:08,  5.04it/s]
 23%|██▎       | 749/3213 [02:36<08:17,  4.95it/s]
 23%|██▎       | 750/3213 [02:37<07:32,  5.44it/s]
                                                  
{'loss': 0.0309, 'grad_norm': 0.39476558566093445, 'learning_rate': 1.533769063180828e-05, 'epoch': 0.7}

 23%|██▎       | 750/3213 [02:37<07:32,  5.44it/s]
 23%|██▎       | 751/3213 [02:37<09:00,  4.56it/s]
 23%|██▎       | 752/3213 [02:37<08:56,  4.58it/s]
 23%|██▎       | 753/3213 [02:37<08:47,  4.66it/s]
 23%|██▎       | 754/3213 [02:38<09:16,  4.42it/s]
 23%|██▎       | 755/3213 [02:38<09:51,  4.16it/s]
 24%|██▎       | 756/3213 [02:38<11:40,  3.51it/s]
 24%|██▎       | 757/3213 [02:38<10:41,  3.83it/s]
 24%|██▎       | 758/3213 [02:39<09:08,  4.47it/s]
 24%|██▎       | 759/3213 [02:39<08:29,  4.81it/s]
 24%|██▎       | 760/3213 [02:39<09:30,  4.30it/s]
 24%|██▎       | 761/3213 [02:39<08:54,  4.59it/s]
 24%|██▎       | 762/3213 [02:39<08:52,  4.60it/s]
 24%|██▎       | 763/3213 [02:40<09:34,  4.26it/s]
 24%|██▍       | 764/3213 [02:40<09:06,  4.48it/s]
 24%|██▍       | 765/3213 [02:40<09:27,  4.31it/s]
 24%|██▍       | 766/3213 [02:40<09:24,  4.33it/s]
 24%|██▍       | 767/3213 [02:41<09:53,  4.12it/s]
 24%|██▍       | 768/3213 [02:41<08:57,  4.55it/s]
 24%|██▍       | 769/3213 [02:41<10:01,  4.06it/s]
 24%|██▍       | 770/3213 [02:41<09:49,  4.14it/s]
 24%|██▍       | 771/3213 [02:42<10:16,  3.96it/s]
 24%|██▍       | 772/3213 [02:42<09:18,  4.37it/s]
 24%|██▍       | 773/3213 [02:42<08:27,  4.81it/s]
 24%|██▍       | 774/3213 [02:42<08:29,  4.79it/s]
 24%|██▍       | 775/3213 [02:42<09:18,  4.37it/s]
 24%|██▍       | 776/3213 [02:43<08:33,  4.74it/s]
 24%|██▍       | 777/3213 [02:43<08:42,  4.66it/s]
 24%|██▍       | 778/3213 [02:43<09:29,  4.27it/s]
 24%|██▍       | 779/3213 [02:43<09:58,  4.06it/s]
 24%|██▍       | 780/3213 [02:44<09:34,  4.24it/s]
 24%|██▍       | 781/3213 [02:44<09:11,  4.41it/s]
 24%|██▍       | 782/3213 [02:44<09:28,  4.27it/s]
 24%|██▍       | 783/3213 [02:44<09:12,  4.40it/s]
 24%|██▍       | 784/3213 [02:44<08:30,  4.76it/s]
 24%|██▍       | 785/3213 [02:45<08:38,  4.68it/s]
 24%|██▍       | 786/3213 [02:45<08:39,  4.67it/s]
 24%|██▍       | 787/3213 [02:45<08:50,  4.58it/s]
 25%|██▍       | 788/3213 [02:45<08:45,  4.62it/s]
 25%|██▍       | 789/3213 [02:46<08:29,  4.75it/s]
 25%|██▍       | 790/3213 [02:46<08:14,  4.90it/s]
 25%|██▍       | 791/3213 [02:46<07:27,  5.41it/s]
 25%|██▍       | 792/3213 [02:46<07:17,  5.53it/s]
 25%|██▍       | 793/3213 [02:46<07:22,  5.47it/s]
 25%|██▍       | 794/3213 [02:46<07:53,  5.11it/s]
 25%|██▍       | 795/3213 [02:47<08:47,  4.58it/s]
 25%|██▍       | 796/3213 [02:47<08:59,  4.48it/s]
 25%|██▍       | 797/3213 [02:47<08:28,  4.75it/s]
 25%|██▍       | 798/3213 [02:47<08:18,  4.84it/s]
 25%|██▍       | 799/3213 [02:48<08:46,  4.58it/s]
 25%|██▍       | 800/3213 [02:48<10:46,  3.73it/s]
                                                  
{'loss': 0.0323, 'grad_norm': 0.1597587764263153, 'learning_rate': 1.5026455026455027e-05, 'epoch': 0.75}

 25%|██▍       | 800/3213 [02:48<10:46,  3.73it/s]
 25%|██▍       | 801/3213 [02:48<10:47,  3.72it/s]
 25%|██▍       | 802/3213 [02:48<09:26,  4.26it/s]
 25%|██▍       | 803/3213 [02:49<09:01,  4.45it/s]
 25%|██▌       | 804/3213 [02:49<09:04,  4.42it/s]
 25%|██▌       | 805/3213 [02:49<09:32,  4.21it/s]
 25%|██▌       | 806/3213 [02:49<09:26,  4.25it/s]
 25%|██▌       | 807/3213 [02:50<08:55,  4.50it/s]
 25%|██▌       | 808/3213 [02:50<08:14,  4.86it/s]
 25%|██▌       | 809/3213 [02:50<10:48,  3.71it/s]
 25%|██▌       | 810/3213 [02:50<10:34,  3.79it/s]
 25%|██▌       | 811/3213 [02:51<10:42,  3.74it/s]
 25%|██▌       | 812/3213 [02:51<10:04,  3.97it/s]
 25%|██▌       | 813/3213 [02:51<09:45,  4.10it/s]
 25%|██▌       | 814/3213 [02:51<09:39,  4.14it/s]
 25%|██▌       | 815/3213 [02:51<09:00,  4.44it/s]
 25%|██▌       | 816/3213 [02:52<08:11,  4.88it/s]
 25%|██▌       | 817/3213 [02:52<08:03,  4.96it/s]
 25%|██▌       | 818/3213 [02:52<07:59,  4.99it/s]
 25%|██▌       | 819/3213 [02:52<07:36,  5.24it/s]
 26%|██▌       | 820/3213 [02:53<12:52,  3.10it/s]
 26%|██▌       | 821/3213 [02:53<12:23,  3.22it/s]
 26%|██▌       | 822/3213 [02:53<12:05,  3.30it/s]
 26%|██▌       | 823/3213 [02:54<11:04,  3.60it/s]
 26%|██▌       | 824/3213 [02:54<10:11,  3.91it/s]
 26%|██▌       | 825/3213 [02:54<09:24,  4.23it/s]
 26%|██▌       | 826/3213 [02:54<09:36,  4.14it/s]
 26%|██▌       | 827/3213 [02:55<09:46,  4.07it/s]
 26%|██▌       | 828/3213 [02:55<09:46,  4.06it/s]
 26%|██▌       | 829/3213 [02:55<09:00,  4.41it/s]
 26%|██▌       | 830/3213 [02:55<08:43,  4.55it/s]
 26%|██▌       | 831/3213 [02:55<08:07,  4.89it/s]
 26%|██▌       | 832/3213 [02:56<08:50,  4.49it/s]
 26%|██▌       | 833/3213 [02:56<09:43,  4.08it/s]
 26%|██▌       | 834/3213 [02:56<08:46,  4.52it/s]
 26%|██▌       | 835/3213 [02:56<08:38,  4.58it/s]
 26%|██▌       | 836/3213 [02:56<07:56,  4.99it/s]
 26%|██▌       | 837/3213 [02:57<07:24,  5.35it/s]
 26%|██▌       | 838/3213 [02:57<07:05,  5.59it/s]
 26%|██▌       | 839/3213 [02:57<06:37,  5.97it/s]
 26%|██▌       | 840/3213 [02:57<06:28,  6.10it/s]
 26%|██▌       | 841/3213 [02:57<07:10,  5.51it/s]
 26%|██▌       | 842/3213 [02:57<06:53,  5.74it/s]
 26%|██▌       | 843/3213 [02:58<06:52,  5.75it/s]
 26%|██▋       | 844/3213 [02:58<07:12,  5.48it/s]
 26%|██▋       | 845/3213 [02:58<08:05,  4.88it/s]
 26%|██▋       | 846/3213 [02:58<08:08,  4.84it/s]
 26%|██▋       | 847/3213 [02:58<07:24,  5.33it/s]
 26%|██▋       | 848/3213 [02:59<13:12,  2.98it/s]
 26%|██▋       | 849/3213 [02:59<12:28,  3.16it/s]
 26%|██▋       | 850/3213 [03:00<11:56,  3.30it/s]
                                                  
{'loss': 0.0242, 'grad_norm': 1.534627914428711, 'learning_rate': 1.4715219421101775e-05, 'epoch': 0.79}

 26%|██▋       | 850/3213 [03:00<11:56,  3.30it/s]
 26%|██▋       | 851/3213 [03:00<11:06,  3.54it/s]
 27%|██▋       | 852/3213 [03:00<10:13,  3.85it/s]
 27%|██▋       | 853/3213 [03:00<09:36,  4.09it/s]
 27%|██▋       | 854/3213 [03:00<08:55,  4.41it/s]
 27%|██▋       | 855/3213 [03:01<08:14,  4.76it/s]
 27%|██▋       | 856/3213 [03:01<07:25,  5.30it/s]
 27%|██▋       | 857/3213 [03:01<06:48,  5.77it/s]
 27%|██▋       | 858/3213 [03:01<07:04,  5.54it/s]
 27%|██▋       | 859/3213 [03:01<08:21,  4.70it/s]
 27%|██▋       | 860/3213 [03:02<10:31,  3.73it/s]
 27%|██▋       | 861/3213 [03:02<11:23,  3.44it/s]
 27%|██▋       | 862/3213 [03:02<09:49,  3.99it/s]
 27%|██▋       | 863/3213 [03:02<08:50,  4.43it/s]
 27%|██▋       | 864/3213 [03:03<08:03,  4.86it/s]
 27%|██▋       | 865/3213 [03:03<07:33,  5.18it/s]
 27%|██▋       | 866/3213 [03:03<07:03,  5.54it/s]
 27%|██▋       | 867/3213 [03:03<06:36,  5.91it/s]
 27%|██▋       | 868/3213 [03:03<06:34,  5.95it/s]
 27%|██▋       | 869/3213 [03:03<06:41,  5.84it/s]
 27%|██▋       | 870/3213 [03:04<06:51,  5.69it/s]
 27%|██▋       | 871/3213 [03:04<07:29,  5.22it/s]
 27%|██▋       | 872/3213 [03:04<07:55,  4.93it/s]
 27%|██▋       | 873/3213 [03:04<08:47,  4.43it/s]
 27%|██▋       | 874/3213 [03:05<09:00,  4.33it/s]
 27%|██▋       | 875/3213 [03:05<08:33,  4.55it/s]
 27%|██▋       | 876/3213 [03:05<08:32,  4.56it/s]
 27%|██▋       | 877/3213 [03:05<07:40,  5.07it/s]
 27%|██▋       | 878/3213 [03:05<07:08,  5.45it/s]
 27%|██▋       | 879/3213 [03:06<07:16,  5.34it/s]
 27%|██▋       | 880/3213 [03:06<07:33,  5.15it/s]
 27%|██▋       | 881/3213 [03:06<09:01,  4.31it/s]
 27%|██▋       | 882/3213 [03:06<09:01,  4.31it/s]
 27%|██▋       | 883/3213 [03:07<09:53,  3.92it/s]
 28%|██▊       | 884/3213 [03:07<09:14,  4.20it/s]
 28%|██▊       | 885/3213 [03:07<08:38,  4.49it/s]
 28%|██▊       | 886/3213 [03:07<08:40,  4.47it/s]
 28%|██▊       | 887/3213 [03:07<08:30,  4.56it/s]
 28%|██▊       | 888/3213 [03:08<08:04,  4.80it/s]
 28%|██▊       | 889/3213 [03:08<07:51,  4.93it/s]
 28%|██▊       | 890/3213 [03:08<07:44,  5.00it/s]
 28%|██▊       | 891/3213 [03:08<08:18,  4.66it/s]
 28%|██▊       | 892/3213 [03:08<08:46,  4.40it/s]
 28%|██▊       | 893/3213 [03:09<08:49,  4.38it/s]
 28%|██▊       | 894/3213 [03:09<08:42,  4.44it/s]
 28%|██▊       | 895/3213 [03:09<09:03,  4.27it/s]
 28%|██▊       | 896/3213 [03:09<08:31,  4.53it/s]
 28%|██▊       | 897/3213 [03:10<07:53,  4.89it/s]
 28%|██▊       | 898/3213 [03:10<07:01,  5.49it/s]
 28%|██▊       | 899/3213 [03:10<06:42,  5.75it/s]
 28%|██▊       | 900/3213 [03:10<06:29,  5.94it/s]
                                                  
{'loss': 0.0256, 'grad_norm': 2.198824644088745, 'learning_rate': 1.4403983815748524e-05, 'epoch': 0.84}

 28%|██▊       | 900/3213 [03:10<06:29,  5.94it/s]
 28%|██▊       | 901/3213 [03:10<06:33,  5.88it/s]
 28%|██▊       | 902/3213 [03:10<06:51,  5.62it/s]
 28%|██▊       | 903/3213 [03:11<06:48,  5.66it/s]
 28%|██▊       | 904/3213 [03:11<06:22,  6.04it/s]
 28%|██▊       | 905/3213 [03:11<06:12,  6.19it/s]
 28%|██▊       | 906/3213 [03:11<06:00,  6.40it/s]
 28%|██▊       | 907/3213 [03:11<06:10,  6.22it/s]
 28%|██▊       | 908/3213 [03:11<06:29,  5.92it/s]
 28%|██▊       | 909/3213 [03:11<06:07,  6.27it/s]
 28%|██▊       | 910/3213 [03:12<06:38,  5.78it/s]
 28%|██▊       | 911/3213 [03:12<06:15,  6.13it/s]
 28%|██▊       | 912/3213 [03:12<05:52,  6.52it/s]
 28%|██▊       | 913/3213 [03:12<05:49,  6.59it/s]
 28%|██▊       | 914/3213 [03:12<06:09,  6.22it/s]
 28%|██▊       | 915/3213 [03:12<07:07,  5.38it/s]
 29%|██▊       | 916/3213 [03:13<07:00,  5.46it/s]
 29%|██▊       | 917/3213 [03:13<06:53,  5.56it/s]
 29%|██▊       | 918/3213 [03:13<07:05,  5.40it/s]
 29%|██▊       | 919/3213 [03:13<06:51,  5.57it/s]
 29%|██▊       | 920/3213 [03:13<06:38,  5.75it/s]
 29%|██▊       | 921/3213 [03:14<06:18,  6.06it/s]
 29%|██▊       | 922/3213 [03:14<06:31,  5.85it/s]
 29%|██▊       | 923/3213 [03:14<06:23,  5.98it/s]
 29%|██▉       | 924/3213 [03:14<06:56,  5.49it/s]
 29%|██▉       | 925/3213 [03:14<07:22,  5.17it/s]
 29%|██▉       | 926/3213 [03:14<07:30,  5.08it/s]
 29%|██▉       | 927/3213 [03:15<07:36,  5.00it/s]
 29%|██▉       | 928/3213 [03:15<06:44,  5.64it/s]
 29%|██▉       | 929/3213 [03:15<06:22,  5.98it/s]
 29%|██▉       | 930/3213 [03:15<06:22,  5.96it/s]
 29%|██▉       | 931/3213 [03:15<06:45,  5.63it/s]
 29%|██▉       | 932/3213 [03:15<06:18,  6.02it/s]
 29%|██▉       | 933/3213 [03:16<07:59,  4.75it/s]
 29%|██▉       | 934/3213 [03:16<07:55,  4.79it/s]
 29%|██▉       | 935/3213 [03:16<07:26,  5.10it/s]
 29%|██▉       | 936/3213 [03:16<07:17,  5.20it/s]
 29%|██▉       | 937/3213 [03:17<07:16,  5.22it/s]
 29%|██▉       | 938/3213 [03:17<08:22,  4.53it/s]
 29%|██▉       | 939/3213 [03:17<08:36,  4.40it/s]
 29%|██▉       | 940/3213 [03:17<07:50,  4.83it/s]
 29%|██▉       | 941/3213 [03:17<07:27,  5.08it/s]
 29%|██▉       | 942/3213 [03:18<07:01,  5.38it/s]
 29%|██▉       | 943/3213 [03:18<07:19,  5.16it/s]
 29%|██▉       | 944/3213 [03:18<07:11,  5.26it/s]
 29%|██▉       | 945/3213 [03:18<07:11,  5.26it/s]
 29%|██▉       | 946/3213 [03:18<07:39,  4.93it/s]
 29%|██▉       | 947/3213 [03:19<08:41,  4.35it/s]
 30%|██▉       | 948/3213 [03:19<08:16,  4.56it/s]
 30%|██▉       | 949/3213 [03:19<08:30,  4.43it/s]
 30%|██▉       | 950/3213 [03:19<07:38,  4.93it/s]
                                                  
{'loss': 0.0234, 'grad_norm': 1.3535382747650146, 'learning_rate': 1.409274821039527e-05, 'epoch': 0.89}

 30%|██▉       | 950/3213 [03:19<07:38,  4.93it/s]
 30%|██▉       | 951/3213 [03:19<06:53,  5.47it/s]
 30%|██▉       | 952/3213 [03:20<07:17,  5.16it/s]
 30%|██▉       | 953/3213 [03:20<07:40,  4.91it/s]
 30%|██▉       | 954/3213 [03:20<07:18,  5.16it/s]
 30%|██▉       | 955/3213 [03:20<07:05,  5.30it/s]
 30%|██▉       | 956/3213 [03:20<08:01,  4.69it/s]
 30%|██▉       | 957/3213 [03:21<08:26,  4.46it/s]
 30%|██▉       | 958/3213 [03:21<08:00,  4.69it/s]
 30%|██▉       | 959/3213 [03:21<07:44,  4.85it/s]
 30%|██▉       | 960/3213 [03:21<08:00,  4.69it/s]
 30%|██▉       | 961/3213 [03:21<07:17,  5.15it/s]
 30%|██▉       | 962/3213 [03:22<07:05,  5.29it/s]
 30%|██▉       | 963/3213 [03:22<06:50,  5.48it/s]
 30%|███       | 964/3213 [03:22<06:21,  5.90it/s]
 30%|███       | 965/3213 [03:22<07:09,  5.24it/s]
 30%|███       | 966/3213 [03:22<07:59,  4.69it/s]
 30%|███       | 967/3213 [03:23<08:21,  4.48it/s]
 30%|███       | 968/3213 [03:23<08:56,  4.19it/s]
 30%|███       | 969/3213 [03:23<07:51,  4.76it/s]
 30%|███       | 970/3213 [03:23<07:06,  5.25it/s]
 30%|███       | 971/3213 [03:23<07:32,  4.96it/s]
 30%|███       | 972/3213 [03:24<06:56,  5.38it/s]
 30%|███       | 973/3213 [03:24<06:41,  5.58it/s]
 30%|███       | 974/3213 [03:24<07:30,  4.97it/s]
 30%|███       | 975/3213 [03:24<07:45,  4.81it/s]
 30%|███       | 976/3213 [03:24<07:48,  4.77it/s]
 30%|███       | 977/3213 [03:25<07:10,  5.20it/s]
 30%|███       | 978/3213 [03:25<07:51,  4.74it/s]
 30%|███       | 979/3213 [03:25<07:42,  4.83it/s]
 31%|███       | 980/3213 [03:25<07:42,  4.83it/s]
 31%|███       | 981/3213 [03:26<07:47,  4.78it/s]
 31%|███       | 982/3213 [03:26<07:14,  5.13it/s]
 31%|███       | 983/3213 [03:26<07:02,  5.27it/s]
 31%|███       | 984/3213 [03:26<06:55,  5.37it/s]
 31%|███       | 985/3213 [03:26<08:27,  4.39it/s]
 31%|███       | 986/3213 [03:27<08:53,  4.18it/s]
 31%|███       | 987/3213 [03:27<09:02,  4.10it/s]
 31%|███       | 988/3213 [03:27<08:29,  4.37it/s]
 31%|███       | 989/3213 [03:27<08:36,  4.31it/s]
 31%|███       | 990/3213 [03:27<07:36,  4.87it/s]
 31%|███       | 991/3213 [03:28<07:23,  5.02it/s]
 31%|███       | 992/3213 [03:28<07:06,  5.21it/s]
 31%|███       | 993/3213 [03:28<07:04,  5.23it/s]
 31%|███       | 994/3213 [03:28<06:51,  5.39it/s]
 31%|███       | 995/3213 [03:28<06:56,  5.32it/s]
 31%|███       | 996/3213 [03:29<07:20,  5.03it/s]
 31%|███       | 997/3213 [03:29<06:57,  5.31it/s]
 31%|███       | 998/3213 [03:29<06:38,  5.56it/s]
 31%|███       | 999/3213 [03:29<06:11,  5.95it/s]
 31%|███       | 1000/3213 [03:29<06:12,  5.94it/s]
                                                   
{'loss': 0.0252, 'grad_norm': 0.30751726031303406, 'learning_rate': 1.3781512605042017e-05, 'epoch': 0.93}

 31%|███       | 1000/3213 [03:29<06:12,  5.94it/s]
 31%|███       | 1001/3213 [03:29<06:48,  5.42it/s]
 31%|███       | 1002/3213 [03:30<06:47,  5.42it/s]
 31%|███       | 1003/3213 [03:30<06:48,  5.40it/s]
 31%|███       | 1004/3213 [03:30<06:48,  5.41it/s]
 31%|███▏      | 1005/3213 [03:30<06:17,  5.85it/s]
 31%|███▏      | 1006/3213 [03:30<06:21,  5.79it/s]
 31%|███▏      | 1007/3213 [03:30<06:15,  5.88it/s]
 31%|███▏      | 1008/3213 [03:31<06:13,  5.91it/s]
 31%|███▏      | 1009/3213 [03:31<06:57,  5.28it/s]
 31%|███▏      | 1010/3213 [03:31<07:25,  4.94it/s]
 31%|███▏      | 1011/3213 [03:31<08:49,  4.16it/s]
 31%|███▏      | 1012/3213 [03:32<07:50,  4.67it/s]
 32%|███▏      | 1013/3213 [03:32<07:13,  5.08it/s]
 32%|███▏      | 1014/3213 [03:32<07:16,  5.04it/s]
 32%|███▏      | 1015/3213 [03:32<07:47,  4.71it/s]
 32%|███▏      | 1016/3213 [03:32<07:44,  4.73it/s]
 32%|███▏      | 1017/3213 [03:33<07:37,  4.80it/s]
 32%|███▏      | 1018/3213 [03:33<06:37,  5.52it/s]
 32%|███▏      | 1019/3213 [03:33<06:32,  5.59it/s]
 32%|███▏      | 1020/3213 [03:33<06:19,  5.77it/s]
 32%|███▏      | 1021/3213 [03:33<06:05,  5.99it/s]
 32%|███▏      | 1022/3213 [03:33<06:17,  5.80it/s]
 32%|███▏      | 1023/3213 [03:34<06:08,  5.94it/s]
 32%|███▏      | 1024/3213 [03:34<06:09,  5.93it/s]
 32%|███▏      | 1025/3213 [03:34<06:16,  5.81it/s]
 32%|███▏      | 1026/3213 [03:34<06:56,  5.25it/s]
 32%|███▏      | 1027/3213 [03:34<06:51,  5.31it/s]
 32%|███▏      | 1028/3213 [03:35<06:56,  5.25it/s]
 32%|███▏      | 1029/3213 [03:35<06:59,  5.20it/s]
 32%|███▏      | 1030/3213 [03:35<07:17,  4.98it/s]
 32%|███▏      | 1031/3213 [03:35<07:18,  4.97it/s]
 32%|███▏      | 1032/3213 [03:35<06:59,  5.20it/s]
 32%|███▏      | 1033/3213 [03:36<07:07,  5.10it/s]
 32%|███▏      | 1034/3213 [03:36<07:54,  4.59it/s]
 32%|███▏      | 1035/3213 [03:36<06:58,  5.21it/s]
 32%|███▏      | 1036/3213 [03:36<07:05,  5.11it/s]
 32%|███▏      | 1037/3213 [03:36<07:18,  4.97it/s]
 32%|███▏      | 1038/3213 [03:37<07:27,  4.86it/s]
 32%|███▏      | 1039/3213 [03:37<07:04,  5.12it/s]
 32%|███▏      | 1040/3213 [03:37<06:56,  5.22it/s]
 32%|███▏      | 1041/3213 [03:37<07:14,  5.00it/s]
 32%|███▏      | 1042/3213 [03:38<11:08,  3.25it/s]
 32%|███▏      | 1043/3213 [03:38<10:47,  3.35it/s]
 32%|███▏      | 1044/3213 [03:38<10:22,  3.48it/s]
 33%|███▎      | 1045/3213 [03:38<08:53,  4.06it/s]
 33%|███▎      | 1046/3213 [03:39<08:49,  4.09it/s]
 33%|███▎      | 1047/3213 [03:39<08:05,  4.46it/s]
 33%|███▎      | 1048/3213 [03:39<07:11,  5.02it/s]
 33%|███▎      | 1049/3213 [03:39<06:59,  5.16it/s]
 33%|███▎      | 1050/3213 [03:39<07:16,  4.95it/s]
                                                   
{'loss': 0.021, 'grad_norm': 0.06402149796485901, 'learning_rate': 1.3470276999688765e-05, 'epoch': 0.98}

 33%|███▎      | 1050/3213 [03:39<07:16,  4.95it/s]
 33%|███▎      | 1051/3213 [03:40<07:20,  4.90it/s]
 33%|███▎      | 1052/3213 [03:40<07:46,  4.64it/s]
 33%|███▎      | 1053/3213 [03:40<07:27,  4.83it/s]
 33%|███▎      | 1054/3213 [03:40<08:59,  4.00it/s]
 33%|███▎      | 1055/3213 [03:41<08:18,  4.33it/s]
 33%|███▎      | 1056/3213 [03:41<07:59,  4.50it/s]
 33%|███▎      | 1057/3213 [03:41<07:24,  4.85it/s]
 33%|███▎      | 1058/3213 [03:41<07:01,  5.11it/s]
 33%|███▎      | 1059/3213 [03:41<06:52,  5.22it/s]
 33%|███▎      | 1060/3213 [03:41<07:18,  4.90it/s]
 33%|███▎      | 1061/3213 [03:42<07:01,  5.11it/s]
 33%|███▎      | 1062/3213 [03:42<06:49,  5.26it/s]
 33%|███▎      | 1063/3213 [03:42<06:25,  5.58it/s]
 33%|███▎      | 1064/3213 [03:42<06:31,  5.48it/s]
 33%|███▎      | 1065/3213 [03:42<06:21,  5.63it/s]
 33%|███▎      | 1066/3213 [03:43<06:13,  5.75it/s]
 33%|███▎      | 1067/3213 [03:43<06:06,  5.86it/s]
 33%|███▎      | 1068/3213 [03:43<05:47,  6.17it/s]
 33%|███▎      | 1069/3213 [03:43<05:51,  6.10it/s]
 33%|███▎      | 1070/3213 [03:43<05:51,  6.10it/s]
 33%|███▎      | 1071/3213 [03:43<06:06,  5.85it/s]

  0%|          | 0/95 [00:00<?, ?it/s][A

  4%|▍         | 4/95 [00:00<00:03, 29.60it/s][A

  7%|▋         | 7/95 [00:00<00:03, 25.02it/s][A

 11%|█         | 10/95 [00:00<00:03, 23.70it/s][A

 14%|█▎        | 13/95 [00:00<00:03, 23.22it/s][A

 17%|█▋        | 16/95 [00:00<00:03, 22.76it/s][A

 20%|██        | 19/95 [00:00<00:03, 22.49it/s][A

 23%|██▎       | 22/95 [00:00<00:03, 22.46it/s][A

 26%|██▋       | 25/95 [00:01<00:03, 22.33it/s][A

 29%|██▉       | 28/95 [00:01<00:03, 22.21it/s][A

 33%|███▎      | 31/95 [00:01<00:02, 22.31it/s][A

 36%|███▌      | 34/95 [00:01<00:02, 22.24it/s][A

 39%|███▉      | 37/95 [00:01<00:02, 22.04it/s][A

 42%|████▏     | 40/95 [00:01<00:02, 22.13it/s][A

 45%|████▌     | 43/95 [00:01<00:02, 22.22it/s][A

 48%|████▊     | 46/95 [00:02<00:02, 22.17it/s][A

 52%|█████▏    | 49/95 [00:02<00:02, 22.16it/s][A

 55%|█████▍    | 52/95 [00:02<00:01, 22.19it/s][A

 58%|█████▊    | 55/95 [00:02<00:01, 21.98it/s][A

 61%|██████    | 58/95 [00:02<00:01, 21.99it/s][A

 64%|██████▍   | 61/95 [00:02<00:01, 22.07it/s][A

 67%|██████▋   | 64/95 [00:02<00:01, 22.12it/s][A

 71%|███████   | 67/95 [00:02<00:01, 22.02it/s][A

 74%|███████▎  | 70/95 [00:03<00:01, 22.05it/s][A

 77%|███████▋  | 73/95 [00:03<00:00, 22.14it/s][A

 80%|████████  | 76/95 [00:03<00:00, 22.11it/s][A

 83%|████████▎ | 79/95 [00:03<00:00, 22.08it/s][A

 86%|████████▋ | 82/95 [00:03<00:00, 21.95it/s][A

 89%|████████▉ | 85/95 [00:03<00:00, 22.05it/s][A

 93%|█████████▎| 88/95 [00:03<00:00, 21.91it/s][A

 96%|█████████▌| 91/95 [00:04<00:00, 21.90it/s][A

 99%|█████████▉| 94/95 [00:04<00:00, 22.04it/s][A
                                                   

                                               
[A{'eval_loss': 0.01782756671309471, 'eval_accuracy': 0.9926415874328235, 'eval_precision': 0.9966655551850617, 'eval_recall': 0.9885893831652058, 'eval_f1': 0.9926110419261104, 'eval_runtime': 4.3044, 'eval_samples_per_second': 2809.9, 'eval_steps_per_second': 22.07, 'epoch': 1.0}

 33%|███▎      | 1071/3213 [03:48<06:06,  5.85it/s]

100%|██████████| 95/95 [00:04<00:00, 22.04it/s][A

                                               [A
 33%|███▎      | 1072/3213 [03:50<1:19:41,  2.23s/it]
 33%|███▎      | 1073/3213 [03:51<57:35,  1.61s/it]  
 33%|███▎      | 1074/3213 [03:51<41:44,  1.17s/it]
 33%|███▎      | 1075/3213 [03:51<31:08,  1.14it/s]
 33%|███▎      | 1076/3213 [03:51<23:47,  1.50it/s]
 34%|███▎      | 1077/3213 [03:51<18:47,  1.89it/s]
 34%|███▎      | 1078/3213 [03:51<15:26,  2.30it/s]
 34%|███▎      | 1079/3213 [03:52<12:35,  2.83it/s]
 34%|███▎      | 1080/3213 [03:52<10:46,  3.30it/s]
 34%|███▎      | 1081/3213 [03:52<10:19,  3.44it/s]
 34%|███▎      | 1082/3213 [03:52<09:29,  3.74it/s]
 34%|███▎      | 1083/3213 [03:52<08:05,  4.39it/s]
 34%|███▎      | 1084/3213 [03:53<07:19,  4.84it/s]
 34%|███▍      | 1085/3213 [03:53<07:00,  5.05it/s]
 34%|███▍      | 1086/3213 [03:53<07:12,  4.92it/s]
 34%|███▍      | 1087/3213 [03:53<08:17,  4.28it/s]
 34%|███▍      | 1088/3213 [03:53<07:16,  4.86it/s]
 34%|███▍      | 1089/3213 [03:54<06:43,  5.27it/s]
 34%|███▍      | 1090/3213 [03:54<06:22,  5.56it/s]
 34%|███▍      | 1091/3213 [03:54<06:39,  5.31it/s]
 34%|███▍      | 1092/3213 [03:54<06:21,  5.55it/s]
 34%|███▍      | 1093/3213 [03:54<05:51,  6.03it/s]
 34%|███▍      | 1094/3213 [03:54<05:37,  6.28it/s]
 34%|███▍      | 1095/3213 [03:55<05:44,  6.15it/s]
 34%|███▍      | 1096/3213 [03:55<05:18,  6.65it/s]
 34%|███▍      | 1097/3213 [03:55<05:32,  6.37it/s]
 34%|███▍      | 1098/3213 [03:55<05:33,  6.34it/s]
 34%|███▍      | 1099/3213 [03:55<05:28,  6.44it/s]
 34%|███▍      | 1100/3213 [03:55<05:11,  6.78it/s]
                                                   
{'loss': 0.0178, 'grad_norm': 0.13742408156394958, 'learning_rate': 1.3159041394335512e-05, 'epoch': 1.03}

 34%|███▍      | 1100/3213 [03:55<05:11,  6.78it/s]
 34%|███▍      | 1101/3213 [03:55<05:42,  6.16it/s]
 34%|███▍      | 1102/3213 [03:56<05:46,  6.10it/s]
 34%|███▍      | 1103/3213 [03:56<05:56,  5.92it/s]
 34%|███▍      | 1104/3213 [03:56<06:00,  5.85it/s]
 34%|███▍      | 1105/3213 [03:56<06:22,  5.52it/s]
 34%|███▍      | 1106/3213 [03:56<05:54,  5.94it/s]
 34%|███▍      | 1107/3213 [03:57<06:07,  5.73it/s]
 34%|███▍      | 1108/3213 [03:57<05:59,  5.86it/s]
 35%|███▍      | 1109/3213 [03:57<05:58,  5.88it/s]
 35%|███▍      | 1110/3213 [03:57<05:59,  5.85it/s]
 35%|███▍      | 1111/3213 [03:57<05:41,  6.16it/s]
 35%|███▍      | 1112/3213 [03:57<06:09,  5.69it/s]
 35%|███▍      | 1113/3213 [03:58<06:03,  5.77it/s]
 35%|███▍      | 1114/3213 [03:58<06:02,  5.79it/s]
 35%|███▍      | 1115/3213 [03:58<05:57,  5.87it/s]
 35%|███▍      | 1116/3213 [03:58<06:02,  5.78it/s]
 35%|███▍      | 1117/3213 [03:58<06:16,  5.57it/s]
 35%|███▍      | 1118/3213 [03:58<06:02,  5.78it/s]
 35%|███▍      | 1119/3213 [03:59<06:49,  5.12it/s]
 35%|███▍      | 1120/3213 [03:59<06:39,  5.24it/s]
 35%|███▍      | 1121/3213 [03:59<06:36,  5.28it/s]
 35%|███▍      | 1122/3213 [03:59<06:22,  5.46it/s]
 35%|███▍      | 1123/3213 [03:59<06:12,  5.61it/s]
 35%|███▍      | 1124/3213 [04:00<06:12,  5.61it/s]
 35%|███▌      | 1125/3213 [04:00<05:44,  6.06it/s]
 35%|███▌      | 1126/3213 [04:00<06:02,  5.76it/s]
 35%|███▌      | 1127/3213 [04:00<06:14,  5.57it/s]
 35%|███▌      | 1128/3213 [04:00<05:57,  5.84it/s]
 35%|███▌      | 1129/3213 [04:00<05:29,  6.33it/s]
 35%|███▌      | 1130/3213 [04:01<05:43,  6.07it/s]
 35%|███▌      | 1131/3213 [04:01<05:23,  6.44it/s]
 35%|███▌      | 1132/3213 [04:01<05:30,  6.29it/s]
 35%|███▌      | 1133/3213 [04:01<05:44,  6.03it/s]
 35%|███▌      | 1134/3213 [04:01<06:00,  5.77it/s]
 35%|███▌      | 1135/3213 [04:01<05:41,  6.09it/s]
 35%|███▌      | 1136/3213 [04:02<06:03,  5.72it/s]
 35%|███▌      | 1137/3213 [04:02<06:34,  5.26it/s]
 35%|███▌      | 1138/3213 [04:02<06:14,  5.55it/s]
 35%|███▌      | 1139/3213 [04:02<06:37,  5.22it/s]
 35%|███▌      | 1140/3213 [04:02<06:08,  5.62it/s]
 36%|███▌      | 1141/3213 [04:02<05:48,  5.95it/s]
 36%|███▌      | 1142/3213 [04:03<06:02,  5.72it/s]
 36%|███▌      | 1143/3213 [04:03<06:10,  5.58it/s]
 36%|███▌      | 1144/3213 [04:03<06:21,  5.42it/s]
 36%|███▌      | 1145/3213 [04:03<06:11,  5.56it/s]
 36%|███▌      | 1146/3213 [04:03<06:04,  5.67it/s]
 36%|███▌      | 1147/3213 [04:04<06:24,  5.37it/s]
 36%|███▌      | 1148/3213 [04:04<07:06,  4.84it/s]
 36%|███▌      | 1149/3213 [04:04<06:34,  5.24it/s]
 36%|███▌      | 1150/3213 [04:04<06:34,  5.24it/s]
                                                   
{'loss': 0.0094, 'grad_norm': 0.030916737392544746, 'learning_rate': 1.2847805788982262e-05, 'epoch': 1.07}

 36%|███▌      | 1150/3213 [04:04<06:34,  5.24it/s]
 36%|███▌      | 1151/3213 [04:04<06:46,  5.08it/s]
 36%|███▌      | 1152/3213 [04:05<06:17,  5.46it/s]
 36%|███▌      | 1153/3213 [04:05<06:11,  5.55it/s]
 36%|███▌      | 1154/3213 [04:05<06:53,  4.98it/s]
 36%|███▌      | 1155/3213 [04:05<06:41,  5.12it/s]
 36%|███▌      | 1156/3213 [04:05<06:27,  5.30it/s]
 36%|███▌      | 1157/3213 [04:05<06:08,  5.58it/s]
 36%|███▌      | 1158/3213 [04:06<07:11,  4.76it/s]
 36%|███▌      | 1159/3213 [04:06<07:16,  4.71it/s]
 36%|███▌      | 1160/3213 [04:06<06:22,  5.37it/s]
 36%|███▌      | 1161/3213 [04:06<06:03,  5.64it/s]
 36%|███▌      | 1162/3213 [04:06<06:45,  5.06it/s]
 36%|███▌      | 1163/3213 [04:07<06:15,  5.46it/s]
 36%|███▌      | 1164/3213 [04:07<06:12,  5.50it/s]
 36%|███▋      | 1165/3213 [04:07<05:59,  5.70it/s]
 36%|███▋      | 1166/3213 [04:07<06:11,  5.52it/s]
 36%|███▋      | 1167/3213 [04:07<05:44,  5.94it/s]
 36%|███▋      | 1168/3213 [04:08<06:30,  5.23it/s]
 36%|███▋      | 1169/3213 [04:08<07:11,  4.74it/s]
 36%|███▋      | 1170/3213 [04:08<07:16,  4.68it/s]
 36%|███▋      | 1171/3213 [04:08<06:30,  5.23it/s]
 36%|███▋      | 1172/3213 [04:08<05:59,  5.68it/s]
 37%|███▋      | 1173/3213 [04:08<05:45,  5.90it/s]
 37%|███▋      | 1174/3213 [04:09<05:24,  6.28it/s]
 37%|███▋      | 1175/3213 [04:09<05:21,  6.33it/s]
 37%|███▋      | 1176/3213 [04:09<05:15,  6.47it/s]
 37%|███▋      | 1177/3213 [04:09<05:22,  6.31it/s]
 37%|███▋      | 1178/3213 [04:09<05:58,  5.67it/s]
 37%|███▋      | 1179/3213 [04:09<05:58,  5.67it/s]
 37%|███▋      | 1180/3213 [04:10<05:38,  6.01it/s]
 37%|███▋      | 1181/3213 [04:10<05:23,  6.27it/s]
 37%|███▋      | 1182/3213 [04:10<05:12,  6.50it/s]
 37%|███▋      | 1183/3213 [04:10<05:09,  6.56it/s]
 37%|███▋      | 1184/3213 [04:10<04:52,  6.94it/s]
 37%|███▋      | 1185/3213 [04:10<05:04,  6.66it/s]
 37%|███▋      | 1186/3213 [04:10<05:00,  6.74it/s]
 37%|███▋      | 1187/3213 [04:11<05:11,  6.50it/s]
 37%|███▋      | 1188/3213 [04:11<05:07,  6.60it/s]
 37%|███▋      | 1189/3213 [04:11<05:07,  6.59it/s]
 37%|███▋      | 1190/3213 [04:11<05:32,  6.09it/s]
 37%|███▋      | 1191/3213 [04:11<05:42,  5.91it/s]
 37%|███▋      | 1192/3213 [04:11<05:49,  5.78it/s]
 37%|███▋      | 1193/3213 [04:12<05:42,  5.90it/s]
 37%|███▋      | 1194/3213 [04:12<05:33,  6.05it/s]
 37%|███▋      | 1195/3213 [04:12<05:29,  6.13it/s]
 37%|███▋      | 1196/3213 [04:12<05:11,  6.47it/s]
 37%|███▋      | 1197/3213 [04:12<05:21,  6.28it/s]
 37%|███▋      | 1198/3213 [04:12<05:14,  6.41it/s]
 37%|███▋      | 1199/3213 [04:13<05:28,  6.12it/s]
 37%|███▋      | 1200/3213 [04:13<05:26,  6.16it/s]
                                                   
{'loss': 0.0157, 'grad_norm': 0.389808714389801, 'learning_rate': 1.2536570183629009e-05, 'epoch': 1.12}

 37%|███▋      | 1200/3213 [04:13<05:26,  6.16it/s]
 37%|███▋      | 1201/3213 [04:13<05:17,  6.35it/s]
 37%|███▋      | 1202/3213 [04:13<05:16,  6.35it/s]
 37%|███▋      | 1203/3213 [04:13<05:30,  6.08it/s]
 37%|███▋      | 1204/3213 [04:13<05:23,  6.22it/s]
 38%|███▊      | 1205/3213 [04:14<05:06,  6.56it/s]
 38%|███▊      | 1206/3213 [04:14<04:52,  6.86it/s]
 38%|███▊      | 1207/3213 [04:14<04:35,  7.28it/s]
 38%|███▊      | 1208/3213 [04:14<04:50,  6.91it/s]
 38%|███▊      | 1209/3213 [04:14<04:45,  7.01it/s]
 38%|███▊      | 1210/3213 [04:14<04:50,  6.89it/s]
 38%|███▊      | 1211/3213 [04:14<04:51,  6.87it/s]
 38%|███▊      | 1212/3213 [04:15<05:23,  6.19it/s]
 38%|███▊      | 1213/3213 [04:15<05:13,  6.38it/s]
 38%|███▊      | 1214/3213 [04:15<05:44,  5.80it/s]
 38%|███▊      | 1215/3213 [04:15<05:47,  5.74it/s]
 38%|███▊      | 1216/3213 [04:15<05:54,  5.64it/s]
 38%|███▊      | 1217/3213 [04:15<05:47,  5.74it/s]
 38%|███▊      | 1218/3213 [04:16<06:16,  5.30it/s]
 38%|███▊      | 1219/3213 [04:16<05:48,  5.73it/s]
 38%|███▊      | 1220/3213 [04:16<05:40,  5.85it/s]
 38%|███▊      | 1221/3213 [04:16<05:30,  6.03it/s]
 38%|███▊      | 1222/3213 [04:16<05:16,  6.29it/s]
 38%|███▊      | 1223/3213 [04:16<05:12,  6.37it/s]
 38%|███▊      | 1224/3213 [04:17<05:03,  6.56it/s]
 38%|███▊      | 1225/3213 [04:17<04:55,  6.73it/s]
 38%|███▊      | 1226/3213 [04:17<05:07,  6.45it/s]
 38%|███▊      | 1227/3213 [04:17<07:04,  4.68it/s]
 38%|███▊      | 1228/3213 [04:18<08:35,  3.85it/s]
 38%|███▊      | 1229/3213 [04:18<11:48,  2.80it/s]
 38%|███▊      | 1230/3213 [04:18<10:59,  3.01it/s]
 38%|███▊      | 1231/3213 [04:19<09:08,  3.61it/s]
 38%|███▊      | 1232/3213 [04:19<08:10,  4.04it/s]
 38%|███▊      | 1233/3213 [04:19<07:36,  4.33it/s]
 38%|███▊      | 1234/3213 [04:19<06:45,  4.88it/s]
 38%|███▊      | 1235/3213 [04:19<06:15,  5.27it/s]
 38%|███▊      | 1236/3213 [04:19<06:24,  5.15it/s]
 38%|███▊      | 1237/3213 [04:20<05:59,  5.49it/s]
 39%|███▊      | 1238/3213 [04:20<05:34,  5.90it/s]
 39%|███▊      | 1239/3213 [04:20<05:13,  6.30it/s]
 39%|███▊      | 1240/3213 [04:20<04:46,  6.88it/s]
 39%|███▊      | 1241/3213 [04:20<04:44,  6.94it/s]
 39%|███▊      | 1242/3213 [04:20<04:36,  7.12it/s]
 39%|███▊      | 1243/3213 [04:20<04:29,  7.31it/s]
 39%|███▊      | 1244/3213 [04:21<04:50,  6.77it/s]
 39%|███▊      | 1245/3213 [04:21<04:59,  6.56it/s]
 39%|███▉      | 1246/3213 [04:21<05:11,  6.31it/s]
 39%|███▉      | 1247/3213 [04:21<04:57,  6.61it/s]
 39%|███▉      | 1248/3213 [04:21<05:23,  6.07it/s]
 39%|███▉      | 1249/3213 [04:21<05:03,  6.46it/s]
 39%|███▉      | 1250/3213 [04:22<05:04,  6.44it/s]
                                                   
{'loss': 0.0126, 'grad_norm': 2.178713083267212, 'learning_rate': 1.2225334578275755e-05, 'epoch': 1.17}

 39%|███▉      | 1250/3213 [04:22<05:04,  6.44it/s]
 39%|███▉      | 1251/3213 [04:22<05:18,  6.15it/s]
 39%|███▉      | 1252/3213 [04:22<05:11,  6.29it/s]
 39%|███▉      | 1253/3213 [04:22<05:14,  6.23it/s]
 39%|███▉      | 1254/3213 [04:22<04:49,  6.76it/s]
 39%|███▉      | 1255/3213 [04:23<06:55,  4.71it/s]
 39%|███▉      | 1256/3213 [04:23<06:47,  4.81it/s]
 39%|███▉      | 1257/3213 [04:23<06:13,  5.24it/s]
 39%|███▉      | 1258/3213 [04:23<05:44,  5.67it/s]
 39%|███▉      | 1259/3213 [04:23<05:25,  6.00it/s]
 39%|███▉      | 1260/3213 [04:23<05:43,  5.68it/s]
 39%|███▉      | 1261/3213 [04:24<06:02,  5.38it/s]
 39%|███▉      | 1262/3213 [04:24<05:43,  5.68it/s]
 39%|███▉      | 1263/3213 [04:24<05:24,  6.01it/s]
 39%|███▉      | 1264/3213 [04:24<05:23,  6.02it/s]
 39%|███▉      | 1265/3213 [04:24<05:18,  6.12it/s]
 39%|███▉      | 1266/3213 [04:24<05:11,  6.24it/s]
 39%|███▉      | 1267/3213 [04:24<05:04,  6.39it/s]
 39%|███▉      | 1268/3213 [04:25<05:04,  6.40it/s]
 39%|███▉      | 1269/3213 [04:25<05:00,  6.47it/s]
 40%|███▉      | 1270/3213 [04:25<05:52,  5.51it/s]
 40%|███▉      | 1271/3213 [04:25<06:17,  5.15it/s]
 40%|███▉      | 1272/3213 [04:25<06:14,  5.18it/s]
 40%|███▉      | 1273/3213 [04:26<05:49,  5.55it/s]
 40%|███▉      | 1274/3213 [04:26<05:33,  5.81it/s]
 40%|███▉      | 1275/3213 [04:26<05:14,  6.15it/s]
 40%|███▉      | 1276/3213 [04:26<05:55,  5.45it/s]
 40%|███▉      | 1277/3213 [04:26<06:05,  5.30it/s]
 40%|███▉      | 1278/3213 [04:26<05:47,  5.57it/s]
 40%|███▉      | 1279/3213 [04:27<05:25,  5.94it/s]
 40%|███▉      | 1280/3213 [04:27<05:34,  5.79it/s]
 40%|███▉      | 1281/3213 [04:27<06:13,  5.17it/s]
 40%|███▉      | 1282/3213 [04:27<06:00,  5.36it/s]
 40%|███▉      | 1283/3213 [04:27<06:37,  4.85it/s]
 40%|███▉      | 1284/3213 [04:28<06:27,  4.97it/s]
 40%|███▉      | 1285/3213 [04:28<06:20,  5.07it/s]
 40%|████      | 1286/3213 [04:28<05:59,  5.36it/s]
 40%|████      | 1287/3213 [04:28<05:27,  5.88it/s]
 40%|████      | 1288/3213 [04:28<05:24,  5.93it/s]
 40%|████      | 1289/3213 [04:29<05:40,  5.64it/s]
 40%|████      | 1290/3213 [04:29<05:53,  5.44it/s]
 40%|████      | 1291/3213 [04:29<05:23,  5.94it/s]
 40%|████      | 1292/3213 [04:29<05:22,  5.95it/s]
 40%|████      | 1293/3213 [04:29<05:47,  5.53it/s]
 40%|████      | 1294/3213 [04:29<05:57,  5.37it/s]
 40%|████      | 1295/3213 [04:30<05:46,  5.54it/s]
 40%|████      | 1296/3213 [04:30<05:31,  5.78it/s]
 40%|████      | 1297/3213 [04:30<06:18,  5.06it/s]
 40%|████      | 1298/3213 [04:30<06:38,  4.81it/s]
 40%|████      | 1299/3213 [04:30<06:25,  4.96it/s]
 40%|████      | 1300/3213 [04:31<06:01,  5.29it/s]
                                                   
{'loss': 0.0155, 'grad_norm': 0.4208284318447113, 'learning_rate': 1.1914098972922504e-05, 'epoch': 1.21}

 40%|████      | 1300/3213 [04:31<06:01,  5.29it/s]
 40%|████      | 1301/3213 [04:31<05:43,  5.57it/s]
 41%|████      | 1302/3213 [04:31<05:26,  5.84it/s]
 41%|████      | 1303/3213 [04:31<05:15,  6.06it/s]
 41%|████      | 1304/3213 [04:31<05:23,  5.90it/s]
 41%|████      | 1305/3213 [04:31<05:37,  5.66it/s]
 41%|████      | 1306/3213 [04:32<05:30,  5.77it/s]
 41%|████      | 1307/3213 [04:32<05:19,  5.97it/s]
 41%|████      | 1308/3213 [04:32<05:27,  5.82it/s]
 41%|████      | 1309/3213 [04:32<05:53,  5.38it/s]
 41%|████      | 1310/3213 [04:32<06:23,  4.97it/s]
 41%|████      | 1311/3213 [04:33<06:17,  5.04it/s]
 41%|████      | 1312/3213 [04:33<06:37,  4.78it/s]
 41%|████      | 1313/3213 [04:33<06:08,  5.15it/s]
 41%|████      | 1314/3213 [04:33<06:11,  5.11it/s]
 41%|████      | 1315/3213 [04:33<06:31,  4.84it/s]
 41%|████      | 1316/3213 [04:34<06:34,  4.81it/s]
 41%|████      | 1317/3213 [04:34<06:01,  5.24it/s]
 41%|████      | 1318/3213 [04:34<06:00,  5.26it/s]
 41%|████      | 1319/3213 [04:34<05:56,  5.31it/s]
 41%|████      | 1320/3213 [04:34<05:49,  5.41it/s]
 41%|████      | 1321/3213 [04:34<05:46,  5.45it/s]
 41%|████      | 1322/3213 [04:35<06:28,  4.87it/s]
 41%|████      | 1323/3213 [04:35<07:15,  4.34it/s]
 41%|████      | 1324/3213 [04:35<08:32,  3.68it/s]
 41%|████      | 1325/3213 [04:36<07:17,  4.31it/s]
 41%|████▏     | 1326/3213 [04:36<07:30,  4.19it/s]
 41%|████▏     | 1327/3213 [04:36<06:57,  4.52it/s]
 41%|████▏     | 1328/3213 [04:36<06:30,  4.82it/s]
 41%|████▏     | 1329/3213 [04:36<07:28,  4.20it/s]
 41%|████▏     | 1330/3213 [04:37<07:37,  4.12it/s]
 41%|████▏     | 1331/3213 [04:37<07:55,  3.96it/s]
 41%|████▏     | 1332/3213 [04:37<07:46,  4.03it/s]
 41%|████▏     | 1333/3213 [04:37<07:59,  3.92it/s]
 42%|████▏     | 1334/3213 [04:38<07:28,  4.19it/s]
 42%|████▏     | 1335/3213 [04:38<07:05,  4.41it/s]
 42%|████▏     | 1336/3213 [04:38<06:59,  4.47it/s]
 42%|████▏     | 1337/3213 [04:38<06:56,  4.50it/s]
 42%|████▏     | 1338/3213 [04:39<07:05,  4.40it/s]
 42%|████▏     | 1339/3213 [04:39<07:51,  3.98it/s]
 42%|████▏     | 1340/3213 [04:39<07:09,  4.36it/s]
 42%|████▏     | 1341/3213 [04:39<06:41,  4.67it/s]
 42%|████▏     | 1342/3213 [04:39<06:35,  4.73it/s]
 42%|████▏     | 1343/3213 [04:40<06:18,  4.95it/s]
 42%|████▏     | 1344/3213 [04:40<06:06,  5.10it/s]
 42%|████▏     | 1345/3213 [04:40<05:39,  5.50it/s]
 42%|████▏     | 1346/3213 [04:40<05:41,  5.47it/s]
 42%|████▏     | 1347/3213 [04:40<06:17,  4.94it/s]
 42%|████▏     | 1348/3213 [04:41<06:04,  5.11it/s]
 42%|████▏     | 1349/3213 [04:41<06:28,  4.80it/s]
 42%|████▏     | 1350/3213 [04:41<06:46,  4.59it/s]
                                                   
{'loss': 0.013, 'grad_norm': 0.31648486852645874, 'learning_rate': 1.160286336756925e-05, 'epoch': 1.26}

 42%|████▏     | 1350/3213 [04:41<06:46,  4.59it/s]
 42%|████▏     | 1351/3213 [04:41<06:45,  4.60it/s]
 42%|████▏     | 1352/3213 [04:41<06:15,  4.96it/s]
 42%|████▏     | 1353/3213 [04:42<06:45,  4.59it/s]
 42%|████▏     | 1354/3213 [04:42<06:13,  4.98it/s]
 42%|████▏     | 1355/3213 [04:42<05:59,  5.17it/s]
 42%|████▏     | 1356/3213 [04:42<05:53,  5.26it/s]
 42%|████▏     | 1357/3213 [04:42<05:35,  5.52it/s]
 42%|████▏     | 1358/3213 [04:43<05:53,  5.25it/s]
 42%|████▏     | 1359/3213 [04:43<05:53,  5.25it/s]
 42%|████▏     | 1360/3213 [04:43<05:42,  5.41it/s]
 42%|████▏     | 1361/3213 [04:43<06:19,  4.88it/s]
 42%|████▏     | 1362/3213 [04:43<06:16,  4.91it/s]
 42%|████▏     | 1363/3213 [04:44<06:11,  4.98it/s]
 42%|████▏     | 1364/3213 [04:44<06:07,  5.03it/s]
 42%|████▏     | 1365/3213 [04:44<06:14,  4.93it/s]
 43%|████▎     | 1366/3213 [04:44<05:44,  5.36it/s]
 43%|████▎     | 1367/3213 [04:44<05:54,  5.21it/s]
 43%|████▎     | 1368/3213 [04:44<05:38,  5.45it/s]
 43%|████▎     | 1369/3213 [04:45<05:40,  5.42it/s]
 43%|████▎     | 1370/3213 [04:45<05:41,  5.39it/s]
 43%|████▎     | 1371/3213 [04:45<05:37,  5.46it/s]
 43%|████▎     | 1372/3213 [04:45<05:40,  5.41it/s]
 43%|████▎     | 1373/3213 [04:45<05:28,  5.61it/s]
 43%|████▎     | 1374/3213 [04:46<05:30,  5.56it/s]
 43%|████▎     | 1375/3213 [04:46<05:45,  5.31it/s]
 43%|████▎     | 1376/3213 [04:46<06:14,  4.91it/s]
 43%|████▎     | 1377/3213 [04:46<05:46,  5.29it/s]
 43%|████▎     | 1378/3213 [04:46<05:30,  5.55it/s]
 43%|████▎     | 1379/3213 [04:47<05:43,  5.34it/s]
 43%|████▎     | 1380/3213 [04:47<05:24,  5.64it/s]
 43%|████▎     | 1381/3213 [04:47<05:41,  5.37it/s]
 43%|████▎     | 1382/3213 [04:47<05:58,  5.10it/s]
 43%|████▎     | 1383/3213 [04:47<06:16,  4.86it/s]
 43%|████▎     | 1384/3213 [04:48<05:58,  5.10it/s]
 43%|████▎     | 1385/3213 [04:48<06:01,  5.06it/s]
 43%|████▎     | 1386/3213 [04:48<06:09,  4.95it/s]
 43%|████▎     | 1387/3213 [04:48<05:51,  5.19it/s]
 43%|████▎     | 1388/3213 [04:48<06:59,  4.35it/s]
 43%|████▎     | 1389/3213 [04:49<06:38,  4.58it/s]
 43%|████▎     | 1390/3213 [04:49<06:24,  4.75it/s]
 43%|████▎     | 1391/3213 [04:49<05:49,  5.21it/s]
 43%|████▎     | 1392/3213 [04:49<05:38,  5.38it/s]
 43%|████▎     | 1393/3213 [04:49<05:24,  5.60it/s]
 43%|████▎     | 1394/3213 [04:49<05:31,  5.49it/s]
 43%|████▎     | 1395/3213 [04:50<05:25,  5.59it/s]
 43%|████▎     | 1396/3213 [04:50<05:20,  5.67it/s]
 43%|████▎     | 1397/3213 [04:50<05:38,  5.37it/s]
 44%|████▎     | 1398/3213 [04:50<05:05,  5.94it/s]
 44%|████▎     | 1399/3213 [04:50<05:33,  5.43it/s]
 44%|████▎     | 1400/3213 [04:51<06:06,  4.94it/s]
                                                   
{'loss': 0.0105, 'grad_norm': 0.04660787433385849, 'learning_rate': 1.1291627762215997e-05, 'epoch': 1.31}

 44%|████▎     | 1400/3213 [04:51<06:06,  4.94it/s]
 44%|████▎     | 1401/3213 [04:51<06:47,  4.45it/s]
 44%|████▎     | 1402/3213 [04:51<06:29,  4.65it/s]
 44%|████▎     | 1403/3213 [04:51<06:23,  4.71it/s]
 44%|████▎     | 1404/3213 [04:51<05:57,  5.06it/s]
 44%|████▎     | 1405/3213 [04:52<06:36,  4.56it/s]
 44%|████▍     | 1406/3213 [04:52<06:12,  4.85it/s]
 44%|████▍     | 1407/3213 [04:52<06:05,  4.94it/s]
 44%|████▍     | 1408/3213 [04:52<05:51,  5.13it/s]
 44%|████▍     | 1409/3213 [04:52<05:42,  5.27it/s]
 44%|████▍     | 1410/3213 [04:53<05:28,  5.48it/s]
 44%|████▍     | 1411/3213 [04:53<05:11,  5.78it/s]
 44%|████▍     | 1412/3213 [04:53<05:03,  5.94it/s]
 44%|████▍     | 1413/3213 [04:53<05:23,  5.56it/s]
 44%|████▍     | 1414/3213 [04:53<06:28,  4.64it/s]
 44%|████▍     | 1415/3213 [04:54<05:58,  5.01it/s]
 44%|████▍     | 1416/3213 [04:54<05:36,  5.33it/s]
 44%|████▍     | 1417/3213 [04:54<05:26,  5.49it/s]
 44%|████▍     | 1418/3213 [04:54<05:43,  5.23it/s]
 44%|████▍     | 1419/3213 [04:54<05:45,  5.19it/s]
 44%|████▍     | 1420/3213 [04:55<05:30,  5.42it/s]
 44%|████▍     | 1421/3213 [04:55<05:27,  5.47it/s]
 44%|████▍     | 1422/3213 [04:55<05:40,  5.27it/s]
 44%|████▍     | 1423/3213 [04:55<05:44,  5.20it/s]
 44%|████▍     | 1424/3213 [04:55<06:20,  4.70it/s]
 44%|████▍     | 1425/3213 [04:56<06:22,  4.67it/s]
 44%|████▍     | 1426/3213 [04:56<06:12,  4.80it/s]
 44%|████▍     | 1427/3213 [04:56<06:37,  4.49it/s]
 44%|████▍     | 1428/3213 [04:56<06:25,  4.63it/s]
 44%|████▍     | 1429/3213 [04:56<06:14,  4.76it/s]
 45%|████▍     | 1430/3213 [04:57<05:44,  5.17it/s]
 45%|████▍     | 1431/3213 [04:57<05:56,  5.00it/s]
 45%|████▍     | 1432/3213 [04:57<05:40,  5.23it/s]
 45%|████▍     | 1433/3213 [04:57<05:57,  4.98it/s]
 45%|████▍     | 1434/3213 [04:57<05:32,  5.35it/s]
 45%|████▍     | 1435/3213 [04:58<05:45,  5.15it/s]
 45%|████▍     | 1436/3213 [04:58<05:32,  5.34it/s]
 45%|████▍     | 1437/3213 [04:58<06:30,  4.55it/s]
 45%|████▍     | 1438/3213 [04:58<06:30,  4.54it/s]
 45%|████▍     | 1439/3213 [04:58<06:02,  4.89it/s]
 45%|████▍     | 1440/3213 [04:59<05:50,  5.05it/s]
 45%|████▍     | 1441/3213 [04:59<06:36,  4.47it/s]
 45%|████▍     | 1442/3213 [04:59<06:18,  4.68it/s]
 45%|████▍     | 1443/3213 [04:59<06:01,  4.89it/s]
 45%|████▍     | 1444/3213 [04:59<05:57,  4.95it/s]
 45%|████▍     | 1445/3213 [05:00<05:48,  5.07it/s]
 45%|████▌     | 1446/3213 [05:00<06:56,  4.24it/s]
 45%|████▌     | 1447/3213 [05:00<07:02,  4.18it/s]
 45%|████▌     | 1448/3213 [05:00<06:35,  4.46it/s]
 45%|████▌     | 1449/3213 [05:01<06:17,  4.67it/s]
 45%|████▌     | 1450/3213 [05:01<06:21,  4.62it/s]
                                                   
{'loss': 0.0082, 'grad_norm': 0.017030097544193268, 'learning_rate': 1.0980392156862747e-05, 'epoch': 1.35}

 45%|████▌     | 1450/3213 [05:01<06:21,  4.62it/s]
 45%|████▌     | 1451/3213 [05:01<06:09,  4.77it/s]
 45%|████▌     | 1452/3213 [05:01<05:46,  5.08it/s]
 45%|████▌     | 1453/3213 [05:01<05:46,  5.08it/s]
 45%|████▌     | 1454/3213 [05:02<05:31,  5.30it/s]
 45%|████▌     | 1455/3213 [05:02<05:30,  5.32it/s]
 45%|████▌     | 1456/3213 [05:02<05:22,  5.45it/s]
 45%|████▌     | 1457/3213 [05:02<05:52,  4.98it/s]
 45%|████▌     | 1458/3213 [05:02<05:54,  4.95it/s]
 45%|████▌     | 1459/3213 [05:03<06:42,  4.35it/s]
 45%|████▌     | 1460/3213 [05:03<06:49,  4.28it/s]
 45%|████▌     | 1461/3213 [05:03<06:24,  4.55it/s]
 46%|████▌     | 1462/3213 [05:03<07:10,  4.07it/s]
 46%|████▌     | 1463/3213 [05:04<07:35,  3.84it/s]
 46%|████▌     | 1464/3213 [05:04<06:57,  4.19it/s]
 46%|████▌     | 1465/3213 [05:04<07:02,  4.14it/s]
 46%|████▌     | 1466/3213 [05:04<07:04,  4.11it/s]
 46%|████▌     | 1467/3213 [05:05<06:39,  4.37it/s]
 46%|████▌     | 1468/3213 [05:05<07:08,  4.07it/s]
 46%|████▌     | 1469/3213 [05:05<06:18,  4.60it/s]
 46%|████▌     | 1470/3213 [05:05<06:02,  4.81it/s]
 46%|████▌     | 1471/3213 [05:05<05:42,  5.09it/s]
 46%|████▌     | 1472/3213 [05:06<06:01,  4.81it/s]
 46%|████▌     | 1473/3213 [05:06<05:54,  4.91it/s]
 46%|████▌     | 1474/3213 [05:06<06:06,  4.75it/s]
 46%|████▌     | 1475/3213 [05:06<06:05,  4.76it/s]
 46%|████▌     | 1476/3213 [05:06<05:48,  4.98it/s]
 46%|████▌     | 1477/3213 [05:07<05:27,  5.30it/s]
 46%|████▌     | 1478/3213 [05:07<05:05,  5.68it/s]
 46%|████▌     | 1479/3213 [05:07<05:07,  5.63it/s]
 46%|████▌     | 1480/3213 [05:07<05:39,  5.10it/s]
 46%|████▌     | 1481/3213 [05:08<07:44,  3.73it/s]
 46%|████▌     | 1482/3213 [05:08<06:57,  4.14it/s]
 46%|████▌     | 1483/3213 [05:08<06:12,  4.64it/s]
 46%|████▌     | 1484/3213 [05:08<06:49,  4.23it/s]
 46%|████▌     | 1485/3213 [05:09<09:01,  3.19it/s]
 46%|████▌     | 1486/3213 [05:09<08:55,  3.22it/s]
 46%|████▋     | 1487/3213 [05:09<07:52,  3.65it/s]
 46%|████▋     | 1488/3213 [05:09<07:00,  4.10it/s]
 46%|████▋     | 1489/3213 [05:09<06:15,  4.60it/s]
 46%|████▋     | 1490/3213 [05:10<05:40,  5.07it/s]
 46%|████▋     | 1491/3213 [05:10<05:30,  5.20it/s]
 46%|████▋     | 1492/3213 [05:10<05:11,  5.52it/s]
 46%|████▋     | 1493/3213 [05:10<05:12,  5.50it/s]
 46%|████▋     | 1494/3213 [05:10<04:54,  5.84it/s]
 47%|████▋     | 1495/3213 [05:10<04:34,  6.25it/s]
 47%|████▋     | 1496/3213 [05:11<05:10,  5.52it/s]
 47%|████▋     | 1497/3213 [05:11<05:00,  5.72it/s]
 47%|████▋     | 1498/3213 [05:11<05:09,  5.55it/s]
 47%|████▋     | 1499/3213 [05:11<05:15,  5.42it/s]
 47%|████▋     | 1500/3213 [05:11<05:09,  5.53it/s]
                                                   
{'loss': 0.012, 'grad_norm': 0.04986919090151787, 'learning_rate': 1.0669156551509494e-05, 'epoch': 1.4}

 47%|████▋     | 1500/3213 [05:11<05:09,  5.53it/s]
 47%|████▋     | 1501/3213 [05:12<05:12,  5.47it/s]
 47%|████▋     | 1502/3213 [05:12<05:21,  5.33it/s]
 47%|████▋     | 1503/3213 [05:12<05:49,  4.90it/s]
 47%|████▋     | 1504/3213 [05:12<05:34,  5.11it/s]
 47%|████▋     | 1505/3213 [05:12<05:36,  5.07it/s]
 47%|████▋     | 1506/3213 [05:13<05:26,  5.22it/s]
 47%|████▋     | 1507/3213 [05:13<05:23,  5.28it/s]
 47%|████▋     | 1508/3213 [05:13<05:12,  5.45it/s]
 47%|████▋     | 1509/3213 [05:13<05:12,  5.45it/s]
 47%|████▋     | 1510/3213 [05:13<05:25,  5.23it/s]
 47%|████▋     | 1511/3213 [05:13<05:00,  5.67it/s]
 47%|████▋     | 1512/3213 [05:14<05:11,  5.45it/s]
 47%|████▋     | 1513/3213 [05:14<05:09,  5.49it/s]
 47%|████▋     | 1514/3213 [05:14<05:20,  5.29it/s]
 47%|████▋     | 1515/3213 [05:14<05:38,  5.02it/s]
 47%|████▋     | 1516/3213 [05:15<06:22,  4.44it/s]
 47%|████▋     | 1517/3213 [05:15<06:11,  4.56it/s]
 47%|████▋     | 1518/3213 [05:15<06:08,  4.60it/s]
 47%|████▋     | 1519/3213 [05:15<06:10,  4.57it/s]
 47%|████▋     | 1520/3213 [05:15<05:59,  4.72it/s]
 47%|████▋     | 1521/3213 [05:16<06:07,  4.61it/s]
 47%|████▋     | 1522/3213 [05:16<06:26,  4.37it/s]
 47%|████▋     | 1523/3213 [05:16<07:22,  3.82it/s]
 47%|████▋     | 1524/3213 [05:17<10:14,  2.75it/s]
 47%|████▋     | 1525/3213 [05:17<09:02,  3.11it/s]
 47%|████▋     | 1526/3213 [05:17<08:08,  3.45it/s]
 48%|████▊     | 1527/3213 [05:17<07:18,  3.84it/s]
 48%|████▊     | 1528/3213 [05:18<06:50,  4.11it/s]
 48%|████▊     | 1529/3213 [05:18<09:36,  2.92it/s]
 48%|████▊     | 1530/3213 [05:18<08:29,  3.30it/s]
 48%|████▊     | 1531/3213 [05:19<08:12,  3.41it/s]
 48%|████▊     | 1532/3213 [05:19<07:09,  3.91it/s]
 48%|████▊     | 1533/3213 [05:19<06:13,  4.49it/s]
 48%|████▊     | 1534/3213 [05:19<05:34,  5.02it/s]
 48%|████▊     | 1535/3213 [05:19<05:21,  5.22it/s]
 48%|████▊     | 1536/3213 [05:19<05:05,  5.49it/s]
 48%|████▊     | 1537/3213 [05:20<05:03,  5.52it/s]
 48%|████▊     | 1538/3213 [05:20<05:19,  5.24it/s]
 48%|████▊     | 1539/3213 [05:20<06:13,  4.48it/s]
 48%|████▊     | 1540/3213 [05:20<06:25,  4.34it/s]
 48%|████▊     | 1541/3213 [05:21<06:38,  4.20it/s]
 48%|████▊     | 1542/3213 [05:21<06:35,  4.22it/s]
 48%|████▊     | 1543/3213 [05:21<06:03,  4.59it/s]
 48%|████▊     | 1544/3213 [05:21<06:26,  4.32it/s]
 48%|████▊     | 1545/3213 [05:22<06:07,  4.53it/s]
 48%|████▊     | 1546/3213 [05:22<05:46,  4.81it/s]
 48%|████▊     | 1547/3213 [05:22<05:31,  5.02it/s]
 48%|████▊     | 1548/3213 [05:22<05:12,  5.32it/s]
 48%|████▊     | 1549/3213 [05:22<04:59,  5.56it/s]
 48%|████▊     | 1550/3213 [05:22<04:44,  5.85it/s]
                                                   
{'loss': 0.0125, 'grad_norm': 0.7856026291847229, 'learning_rate': 1.0357920946156242e-05, 'epoch': 1.45}

 48%|████▊     | 1550/3213 [05:22<04:44,  5.85it/s]
 48%|████▊     | 1551/3213 [05:23<04:37,  5.99it/s]
 48%|████▊     | 1552/3213 [05:23<04:33,  6.07it/s]
 48%|████▊     | 1553/3213 [05:23<04:52,  5.68it/s]
 48%|████▊     | 1554/3213 [05:23<04:53,  5.66it/s]
 48%|████▊     | 1555/3213 [05:23<05:11,  5.32it/s]
 48%|████▊     | 1556/3213 [05:23<04:57,  5.58it/s]
 48%|████▊     | 1557/3213 [05:24<04:50,  5.71it/s]
 48%|████▊     | 1558/3213 [05:24<04:52,  5.66it/s]
 49%|████▊     | 1559/3213 [05:24<05:26,  5.06it/s]
 49%|████▊     | 1560/3213 [05:24<06:13,  4.43it/s]
 49%|████▊     | 1561/3213 [05:25<06:11,  4.45it/s]
 49%|████▊     | 1562/3213 [05:25<05:41,  4.83it/s]
 49%|████▊     | 1563/3213 [05:25<05:23,  5.11it/s]
 49%|████▊     | 1564/3213 [05:25<05:30,  4.99it/s]
 49%|████▊     | 1565/3213 [05:25<05:27,  5.03it/s]
 49%|████▊     | 1566/3213 [05:25<04:54,  5.60it/s]
 49%|████▉     | 1567/3213 [05:26<06:01,  4.55it/s]
 49%|████▉     | 1568/3213 [05:26<06:52,  3.98it/s]
 49%|████▉     | 1569/3213 [05:26<06:52,  3.99it/s]
 49%|████▉     | 1570/3213 [05:26<06:10,  4.43it/s]
 49%|████▉     | 1571/3213 [05:27<05:43,  4.79it/s]
 49%|████▉     | 1572/3213 [05:27<05:40,  4.82it/s]
 49%|████▉     | 1573/3213 [05:27<05:39,  4.83it/s]
 49%|████▉     | 1574/3213 [05:27<05:18,  5.15it/s]
 49%|████▉     | 1575/3213 [05:28<06:53,  3.96it/s]
 49%|████▉     | 1576/3213 [05:28<06:19,  4.31it/s]
 49%|████▉     | 1577/3213 [05:28<05:43,  4.76it/s]
 49%|████▉     | 1578/3213 [05:28<05:30,  4.95it/s]
 49%|████▉     | 1579/3213 [05:28<05:05,  5.35it/s]
 49%|████▉     | 1580/3213 [05:28<05:16,  5.16it/s]
 49%|████▉     | 1581/3213 [05:29<05:10,  5.25it/s]
 49%|████▉     | 1582/3213 [05:29<04:57,  5.49it/s]
 49%|████▉     | 1583/3213 [05:29<04:46,  5.68it/s]
 49%|████▉     | 1584/3213 [05:29<04:24,  6.16it/s]
 49%|████▉     | 1585/3213 [05:29<05:04,  5.34it/s]
 49%|████▉     | 1586/3213 [05:30<05:08,  5.27it/s]
 49%|████▉     | 1587/3213 [05:30<05:27,  4.96it/s]
 49%|████▉     | 1588/3213 [05:30<05:02,  5.37it/s]
 49%|████▉     | 1589/3213 [05:30<04:49,  5.60it/s]
 49%|████▉     | 1590/3213 [05:30<05:55,  4.57it/s]
 50%|████▉     | 1591/3213 [05:31<05:59,  4.51it/s]
 50%|████▉     | 1592/3213 [05:31<05:43,  4.72it/s]
 50%|████▉     | 1593/3213 [05:31<05:56,  4.55it/s]
 50%|████▉     | 1594/3213 [05:31<05:47,  4.67it/s]
 50%|████▉     | 1595/3213 [05:31<05:41,  4.74it/s]
 50%|████▉     | 1596/3213 [05:32<05:11,  5.20it/s]
 50%|████▉     | 1597/3213 [05:32<05:21,  5.03it/s]
 50%|████▉     | 1598/3213 [05:32<05:02,  5.35it/s]
 50%|████▉     | 1599/3213 [05:32<04:59,  5.38it/s]
 50%|████▉     | 1600/3213 [05:32<05:07,  5.24it/s]
                                                   
{'loss': 0.0118, 'grad_norm': 0.35063159465789795, 'learning_rate': 1.0046685340802989e-05, 'epoch': 1.49}

 50%|████▉     | 1600/3213 [05:32<05:07,  5.24it/s]
 50%|████▉     | 1601/3213 [05:33<05:21,  5.02it/s]
 50%|████▉     | 1602/3213 [05:33<05:21,  5.01it/s]
 50%|████▉     | 1603/3213 [05:33<05:11,  5.16it/s]
 50%|████▉     | 1604/3213 [05:33<06:52,  3.90it/s]
 50%|████▉     | 1605/3213 [05:34<07:23,  3.63it/s]
 50%|████▉     | 1606/3213 [05:34<06:24,  4.18it/s]
 50%|█████     | 1607/3213 [05:34<06:07,  4.37it/s]
 50%|█████     | 1608/3213 [05:34<06:49,  3.92it/s]
 50%|█████     | 1609/3213 [05:35<07:08,  3.74it/s]
 50%|█████     | 1610/3213 [05:35<06:35,  4.05it/s]
 50%|█████     | 1611/3213 [05:35<06:31,  4.09it/s]
 50%|█████     | 1612/3213 [05:35<07:29,  3.56it/s]
 50%|█████     | 1613/3213 [05:36<07:22,  3.62it/s]
 50%|█████     | 1614/3213 [05:36<06:42,  3.97it/s]
 50%|█████     | 1615/3213 [05:36<05:55,  4.49it/s]
 50%|█████     | 1616/3213 [05:36<05:23,  4.94it/s]
 50%|█████     | 1617/3213 [05:36<05:03,  5.26it/s]
 50%|█████     | 1618/3213 [05:37<04:42,  5.65it/s]
 50%|█████     | 1619/3213 [05:37<04:35,  5.80it/s]
 50%|█████     | 1620/3213 [05:37<04:47,  5.54it/s]
 50%|█████     | 1621/3213 [05:37<05:19,  4.99it/s]
 50%|█████     | 1622/3213 [05:37<05:36,  4.72it/s]
 51%|█████     | 1623/3213 [05:38<05:12,  5.08it/s]
 51%|█████     | 1624/3213 [05:38<04:46,  5.54it/s]
 51%|█████     | 1625/3213 [05:38<04:42,  5.63it/s]
 51%|█████     | 1626/3213 [05:38<05:02,  5.25it/s]
 51%|█████     | 1627/3213 [05:38<05:13,  5.05it/s]
 51%|█████     | 1628/3213 [05:39<05:05,  5.20it/s]
 51%|█████     | 1629/3213 [05:39<05:19,  4.95it/s]
 51%|█████     | 1630/3213 [05:39<05:21,  4.93it/s]
 51%|█████     | 1631/3213 [05:39<05:03,  5.22it/s]
 51%|█████     | 1632/3213 [05:39<04:51,  5.43it/s]
 51%|█████     | 1633/3213 [05:39<04:51,  5.41it/s]
 51%|█████     | 1634/3213 [05:40<05:00,  5.26it/s]
 51%|█████     | 1635/3213 [05:40<04:33,  5.76it/s]
 51%|█████     | 1636/3213 [05:40<04:23,  5.99it/s]
 51%|█████     | 1637/3213 [05:40<04:30,  5.83it/s]
 51%|█████     | 1638/3213 [05:40<04:38,  5.66it/s]
 51%|█████     | 1639/3213 [05:40<04:39,  5.64it/s]
 51%|█████     | 1640/3213 [05:41<04:25,  5.92it/s]
 51%|█████     | 1641/3213 [05:41<04:41,  5.59it/s]
 51%|█████     | 1642/3213 [05:41<04:36,  5.68it/s]
 51%|█████     | 1643/3213 [05:41<04:43,  5.54it/s]
 51%|█████     | 1644/3213 [05:41<04:28,  5.84it/s]
 51%|█████     | 1645/3213 [05:42<04:22,  5.98it/s]
 51%|█████     | 1646/3213 [05:42<04:42,  5.54it/s]
 51%|█████▏    | 1647/3213 [05:42<04:21,  5.98it/s]
 51%|█████▏    | 1648/3213 [05:42<04:26,  5.87it/s]
 51%|█████▏    | 1649/3213 [05:42<04:36,  5.65it/s]
 51%|█████▏    | 1650/3213 [05:43<05:49,  4.47it/s]
                                                   
{'loss': 0.0124, 'grad_norm': 0.31940391659736633, 'learning_rate': 9.735449735449735e-06, 'epoch': 1.54}

 51%|█████▏    | 1650/3213 [05:43<05:49,  4.47it/s]
 51%|█████▏    | 1651/3213 [05:43<05:59,  4.35it/s]
 51%|█████▏    | 1652/3213 [05:43<05:37,  4.63it/s]
 51%|█████▏    | 1653/3213 [05:43<05:36,  4.64it/s]
 51%|█████▏    | 1654/3213 [05:43<05:35,  4.64it/s]
 52%|█████▏    | 1655/3213 [05:44<05:23,  4.82it/s]
 52%|█████▏    | 1656/3213 [05:44<05:11,  4.99it/s]
 52%|█████▏    | 1657/3213 [05:44<04:38,  5.59it/s]
 52%|█████▏    | 1658/3213 [05:44<05:47,  4.48it/s]
 52%|█████▏    | 1659/3213 [05:44<05:33,  4.65it/s]
 52%|█████▏    | 1660/3213 [05:45<05:23,  4.80it/s]
 52%|█████▏    | 1661/3213 [05:45<05:02,  5.14it/s]
 52%|█████▏    | 1662/3213 [05:45<05:05,  5.07it/s]
 52%|█████▏    | 1663/3213 [05:45<05:05,  5.08it/s]
 52%|█████▏    | 1664/3213 [05:45<04:41,  5.50it/s]
 52%|█████▏    | 1665/3213 [05:46<04:44,  5.43it/s]
 52%|█████▏    | 1666/3213 [05:46<04:39,  5.53it/s]
 52%|█████▏    | 1667/3213 [05:46<05:55,  4.34it/s]
 52%|█████▏    | 1668/3213 [05:46<06:01,  4.27it/s]
 52%|█████▏    | 1669/3213 [05:46<05:33,  4.63it/s]
 52%|█████▏    | 1670/3213 [05:47<05:59,  4.29it/s]
 52%|█████▏    | 1671/3213 [05:47<06:44,  3.81it/s]
 52%|█████▏    | 1672/3213 [05:47<06:33,  3.91it/s]
 52%|█████▏    | 1673/3213 [05:48<06:55,  3.70it/s]
 52%|█████▏    | 1674/3213 [05:48<07:06,  3.61it/s]
 52%|█████▏    | 1675/3213 [05:48<07:11,  3.57it/s]
 52%|█████▏    | 1676/3213 [05:48<06:29,  3.94it/s]
 52%|█████▏    | 1677/3213 [05:49<06:31,  3.93it/s]
 52%|█████▏    | 1678/3213 [05:49<06:11,  4.13it/s]
 52%|█████▏    | 1679/3213 [05:49<05:35,  4.58it/s]
 52%|█████▏    | 1680/3213 [05:49<05:00,  5.10it/s]
 52%|█████▏    | 1681/3213 [05:49<05:01,  5.08it/s]
 52%|█████▏    | 1682/3213 [05:50<04:41,  5.44it/s]
 52%|█████▏    | 1683/3213 [05:50<04:29,  5.68it/s]
 52%|█████▏    | 1684/3213 [05:50<04:23,  5.80it/s]
 52%|█████▏    | 1685/3213 [05:50<04:13,  6.02it/s]
 52%|█████▏    | 1686/3213 [05:50<04:26,  5.73it/s]
 53%|█████▎    | 1687/3213 [05:50<05:13,  4.86it/s]
 53%|█████▎    | 1688/3213 [05:51<05:00,  5.08it/s]
 53%|█████▎    | 1689/3213 [05:51<04:43,  5.38it/s]
 53%|█████▎    | 1690/3213 [05:51<05:05,  4.99it/s]
 53%|█████▎    | 1691/3213 [05:51<04:47,  5.30it/s]
 53%|█████▎    | 1692/3213 [05:51<05:18,  4.78it/s]
 53%|█████▎    | 1693/3213 [05:52<05:20,  4.74it/s]
 53%|█████▎    | 1694/3213 [05:52<06:12,  4.08it/s]
 53%|█████▎    | 1695/3213 [05:52<06:03,  4.18it/s]
 53%|█████▎    | 1696/3213 [05:52<05:49,  4.34it/s]
 53%|█████▎    | 1697/3213 [05:53<05:48,  4.34it/s]
 53%|█████▎    | 1698/3213 [05:53<05:09,  4.89it/s]
 53%|█████▎    | 1699/3213 [05:53<04:57,  5.09it/s]
 53%|█████▎    | 1700/3213 [05:53<05:12,  4.85it/s]
                                                   
{'loss': 0.0118, 'grad_norm': 1.01307213306427, 'learning_rate': 9.424214130096484e-06, 'epoch': 1.59}

 53%|█████▎    | 1700/3213 [05:53<05:12,  4.85it/s]
 53%|█████▎    | 1701/3213 [05:53<05:39,  4.45it/s]
 53%|█████▎    | 1702/3213 [05:54<05:43,  4.40it/s]
 53%|█████▎    | 1703/3213 [05:54<05:03,  4.98it/s]
 53%|█████▎    | 1704/3213 [05:54<05:13,  4.82it/s]
 53%|█████▎    | 1705/3213 [05:54<05:13,  4.81it/s]
 53%|█████▎    | 1706/3213 [05:54<04:50,  5.19it/s]
 53%|█████▎    | 1707/3213 [05:55<05:04,  4.95it/s]
 53%|█████▎    | 1708/3213 [05:55<04:53,  5.13it/s]
 53%|█████▎    | 1709/3213 [05:55<04:39,  5.38it/s]
 53%|█████▎    | 1710/3213 [05:55<04:48,  5.22it/s]
 53%|█████▎    | 1711/3213 [05:55<04:57,  5.05it/s]
 53%|█████▎    | 1712/3213 [05:56<05:00,  4.99it/s]
 53%|█████▎    | 1713/3213 [05:56<05:08,  4.86it/s]
 53%|█████▎    | 1714/3213 [05:56<05:04,  4.93it/s]
 53%|█████▎    | 1715/3213 [05:56<04:51,  5.14it/s]
 53%|█████▎    | 1716/3213 [05:56<04:45,  5.24it/s]
 53%|█████▎    | 1717/3213 [05:57<04:48,  5.18it/s]
 53%|█████▎    | 1718/3213 [05:57<05:33,  4.48it/s]
 54%|█████▎    | 1719/3213 [05:57<05:18,  4.68it/s]
 54%|█████▎    | 1720/3213 [05:57<05:15,  4.74it/s]
 54%|█████▎    | 1721/3213 [05:57<05:05,  4.88it/s]
 54%|█████▎    | 1722/3213 [05:58<04:57,  5.01it/s]
 54%|█████▎    | 1723/3213 [05:58<05:08,  4.82it/s]
 54%|█████▎    | 1724/3213 [05:58<05:07,  4.84it/s]
 54%|█████▎    | 1725/3213 [05:59<06:42,  3.69it/s]
 54%|█████▎    | 1726/3213 [05:59<05:51,  4.23it/s]
 54%|█████▍    | 1727/3213 [05:59<05:23,  4.59it/s]
 54%|█████▍    | 1728/3213 [05:59<05:17,  4.67it/s]
 54%|█████▍    | 1729/3213 [05:59<05:26,  4.55it/s]
 54%|█████▍    | 1730/3213 [05:59<05:22,  4.60it/s]
 54%|█████▍    | 1731/3213 [06:00<04:51,  5.08it/s]
 54%|█████▍    | 1732/3213 [06:00<05:12,  4.74it/s]
 54%|█████▍    | 1733/3213 [06:00<04:55,  5.01it/s]
 54%|█████▍    | 1734/3213 [06:00<04:52,  5.06it/s]
 54%|█████▍    | 1735/3213 [06:00<05:08,  4.79it/s]
 54%|█████▍    | 1736/3213 [06:01<04:42,  5.22it/s]
 54%|█████▍    | 1737/3213 [06:01<04:28,  5.49it/s]
 54%|█████▍    | 1738/3213 [06:01<07:14,  3.40it/s]
 54%|█████▍    | 1739/3213 [06:02<06:52,  3.58it/s]
 54%|█████▍    | 1740/3213 [06:02<06:50,  3.59it/s]
 54%|█████▍    | 1741/3213 [06:02<06:47,  3.61it/s]
 54%|█████▍    | 1742/3213 [06:02<06:30,  3.77it/s]
 54%|█████▍    | 1743/3213 [06:03<05:48,  4.22it/s]
 54%|█████▍    | 1744/3213 [06:03<05:25,  4.51it/s]
 54%|█████▍    | 1745/3213 [06:03<05:03,  4.83it/s]
 54%|█████▍    | 1746/3213 [06:03<04:55,  4.96it/s]
 54%|█████▍    | 1747/3213 [06:03<04:33,  5.36it/s]
 54%|█████▍    | 1748/3213 [06:04<05:02,  4.84it/s]
 54%|█████▍    | 1749/3213 [06:04<06:11,  3.94it/s]
 54%|█████▍    | 1750/3213 [06:04<05:51,  4.16it/s]
                                                   
{'loss': 0.0091, 'grad_norm': 0.05529937148094177, 'learning_rate': 9.112978524743232e-06, 'epoch': 1.63}

 54%|█████▍    | 1750/3213 [06:04<05:51,  4.16it/s]
 54%|█████▍    | 1751/3213 [06:04<05:26,  4.48it/s]
 55%|█████▍    | 1752/3213 [06:05<05:36,  4.34it/s]
 55%|█████▍    | 1753/3213 [06:05<05:06,  4.76it/s]
 55%|█████▍    | 1754/3213 [06:05<04:43,  5.14it/s]
 55%|█████▍    | 1755/3213 [06:05<04:33,  5.32it/s]
 55%|█████▍    | 1756/3213 [06:05<04:36,  5.28it/s]
 55%|█████▍    | 1757/3213 [06:05<04:27,  5.43it/s]
 55%|█████▍    | 1758/3213 [06:06<04:25,  5.48it/s]
 55%|█████▍    | 1759/3213 [06:06<04:57,  4.89it/s]
 55%|█████▍    | 1760/3213 [06:06<05:20,  4.53it/s]
 55%|█████▍    | 1761/3213 [06:06<05:04,  4.78it/s]
 55%|█████▍    | 1762/3213 [06:06<04:55,  4.91it/s]
 55%|█████▍    | 1763/3213 [06:07<04:42,  5.14it/s]
 55%|█████▍    | 1764/3213 [06:07<04:43,  5.11it/s]
 55%|█████▍    | 1765/3213 [06:07<04:37,  5.23it/s]
 55%|█████▍    | 1766/3213 [06:07<04:40,  5.16it/s]
 55%|█████▍    | 1767/3213 [06:07<04:23,  5.49it/s]
 55%|█████▌    | 1768/3213 [06:08<04:42,  5.11it/s]
 55%|█████▌    | 1769/3213 [06:08<04:29,  5.35it/s]
 55%|█████▌    | 1770/3213 [06:08<04:35,  5.23it/s]
 55%|█████▌    | 1771/3213 [06:08<04:39,  5.15it/s]
 55%|█████▌    | 1772/3213 [06:08<04:56,  4.86it/s]
 55%|█████▌    | 1773/3213 [06:09<05:02,  4.77it/s]
 55%|█████▌    | 1774/3213 [06:09<04:52,  4.91it/s]
 55%|█████▌    | 1775/3213 [06:09<04:54,  4.89it/s]
 55%|█████▌    | 1776/3213 [06:09<04:55,  4.86it/s]
 55%|█████▌    | 1777/3213 [06:09<05:12,  4.59it/s]
 55%|█████▌    | 1778/3213 [06:10<04:50,  4.95it/s]
 55%|█████▌    | 1779/3213 [06:10<04:40,  5.11it/s]
 55%|█████▌    | 1780/3213 [06:10<04:29,  5.33it/s]
 55%|█████▌    | 1781/3213 [06:10<04:52,  4.90it/s]
 55%|█████▌    | 1782/3213 [06:10<05:03,  4.71it/s]
 55%|█████▌    | 1783/3213 [06:11<05:12,  4.57it/s]
 56%|█████▌    | 1784/3213 [06:11<04:53,  4.87it/s]
 56%|█████▌    | 1785/3213 [06:11<05:15,  4.53it/s]
 56%|█████▌    | 1786/3213 [06:11<04:59,  4.77it/s]
 56%|█████▌    | 1787/3213 [06:11<04:31,  5.24it/s]
 56%|█████▌    | 1788/3213 [06:12<04:37,  5.13it/s]
 56%|█████▌    | 1789/3213 [06:12<04:38,  5.11it/s]
 56%|█████▌    | 1790/3213 [06:12<04:57,  4.78it/s]
 56%|█████▌    | 1791/3213 [06:12<05:03,  4.69it/s]
 56%|█████▌    | 1792/3213 [06:12<04:58,  4.76it/s]
 56%|█████▌    | 1793/3213 [06:13<04:52,  4.85it/s]
 56%|█████▌    | 1794/3213 [06:13<04:40,  5.07it/s]
 56%|█████▌    | 1795/3213 [06:13<04:12,  5.63it/s]
 56%|█████▌    | 1796/3213 [06:13<04:24,  5.35it/s]
 56%|█████▌    | 1797/3213 [06:13<04:53,  4.83it/s]
 56%|█████▌    | 1798/3213 [06:14<04:56,  4.77it/s]
 56%|█████▌    | 1799/3213 [06:14<05:44,  4.10it/s]
 56%|█████▌    | 1800/3213 [06:14<05:33,  4.24it/s]
                                                   
{'loss': 0.01, 'grad_norm': 0.9238215088844299, 'learning_rate': 8.801742919389979e-06, 'epoch': 1.68}

 56%|█████▌    | 1800/3213 [06:14<05:33,  4.24it/s]
 56%|█████▌    | 1801/3213 [06:14<05:23,  4.37it/s]
 56%|█████▌    | 1802/3213 [06:15<05:00,  4.69it/s]
 56%|█████▌    | 1803/3213 [06:15<04:33,  5.15it/s]
 56%|█████▌    | 1804/3213 [06:15<04:45,  4.93it/s]
 56%|█████▌    | 1805/3213 [06:15<04:59,  4.70it/s]
 56%|█████▌    | 1806/3213 [06:15<04:51,  4.82it/s]
 56%|█████▌    | 1807/3213 [06:16<04:57,  4.72it/s]
 56%|█████▋    | 1808/3213 [06:16<05:46,  4.06it/s]
 56%|█████▋    | 1809/3213 [06:16<05:43,  4.08it/s]
 56%|█████▋    | 1810/3213 [06:16<05:11,  4.50it/s]
 56%|█████▋    | 1811/3213 [06:17<04:58,  4.69it/s]
 56%|█████▋    | 1812/3213 [06:17<04:37,  5.04it/s]
 56%|█████▋    | 1813/3213 [06:17<04:35,  5.08it/s]
 56%|█████▋    | 1814/3213 [06:17<04:50,  4.82it/s]
 56%|█████▋    | 1815/3213 [06:17<04:57,  4.70it/s]
 57%|█████▋    | 1816/3213 [06:18<04:34,  5.09it/s]
 57%|█████▋    | 1817/3213 [06:18<04:30,  5.16it/s]
 57%|█████▋    | 1818/3213 [06:18<05:05,  4.56it/s]
 57%|█████▋    | 1819/3213 [06:18<05:05,  4.56it/s]
 57%|█████▋    | 1820/3213 [06:18<05:00,  4.63it/s]
 57%|█████▋    | 1821/3213 [06:19<05:02,  4.60it/s]
 57%|█████▋    | 1822/3213 [06:19<05:22,  4.31it/s]
 57%|█████▋    | 1823/3213 [06:19<05:24,  4.29it/s]
 57%|█████▋    | 1824/3213 [06:19<05:03,  4.57it/s]
 57%|█████▋    | 1825/3213 [06:20<05:13,  4.43it/s]
 57%|█████▋    | 1826/3213 [06:20<04:53,  4.72it/s]
 57%|█████▋    | 1827/3213 [06:20<04:42,  4.91it/s]
 57%|█████▋    | 1828/3213 [06:20<04:45,  4.85it/s]
 57%|█████▋    | 1829/3213 [06:20<04:21,  5.30it/s]
 57%|█████▋    | 1830/3213 [06:20<04:11,  5.50it/s]
 57%|█████▋    | 1831/3213 [06:21<04:02,  5.69it/s]
 57%|█████▋    | 1832/3213 [06:21<05:35,  4.12it/s]
 57%|█████▋    | 1833/3213 [06:21<04:55,  4.66it/s]
 57%|█████▋    | 1834/3213 [06:21<04:36,  4.99it/s]
 57%|█████▋    | 1835/3213 [06:22<04:30,  5.10it/s]
 57%|█████▋    | 1836/3213 [06:22<05:22,  4.26it/s]
 57%|█████▋    | 1837/3213 [06:22<06:05,  3.77it/s]
 57%|█████▋    | 1838/3213 [06:22<06:16,  3.65it/s]
 57%|█████▋    | 1839/3213 [06:23<05:59,  3.82it/s]
 57%|█████▋    | 1840/3213 [06:23<06:18,  3.63it/s]
 57%|█████▋    | 1841/3213 [06:23<06:14,  3.66it/s]
 57%|█████▋    | 1842/3213 [06:23<05:26,  4.20it/s]
 57%|█████▋    | 1843/3213 [06:24<05:14,  4.35it/s]
 57%|█████▋    | 1844/3213 [06:24<05:06,  4.47it/s]
 57%|█████▋    | 1845/3213 [06:24<04:37,  4.92it/s]
 57%|█████▋    | 1846/3213 [06:24<04:24,  5.17it/s]
 57%|█████▋    | 1847/3213 [06:24<04:17,  5.31it/s]
 58%|█████▊    | 1848/3213 [06:25<04:04,  5.57it/s]
 58%|█████▊    | 1849/3213 [06:25<05:00,  4.54it/s]
 58%|█████▊    | 1850/3213 [06:25<05:25,  4.18it/s]
                                                   
{'loss': 0.0087, 'grad_norm': 0.01131313107907772, 'learning_rate': 8.490507314036727e-06, 'epoch': 1.73}

 58%|█████▊    | 1850/3213 [06:25<05:25,  4.18it/s]
 58%|█████▊    | 1851/3213 [06:25<05:10,  4.38it/s]
 58%|█████▊    | 1852/3213 [06:26<05:01,  4.51it/s]
 58%|█████▊    | 1853/3213 [06:26<06:20,  3.57it/s]
 58%|█████▊    | 1854/3213 [06:26<05:48,  3.90it/s]
 58%|█████▊    | 1855/3213 [06:27<07:00,  3.23it/s]
 58%|█████▊    | 1856/3213 [06:27<06:28,  3.49it/s]
 58%|█████▊    | 1857/3213 [06:27<06:26,  3.51it/s]
 58%|█████▊    | 1858/3213 [06:27<06:04,  3.71it/s]
 58%|█████▊    | 1859/3213 [06:28<06:20,  3.56it/s]
 58%|█████▊    | 1860/3213 [06:28<05:49,  3.87it/s]
 58%|█████▊    | 1861/3213 [06:28<05:40,  3.97it/s]
 58%|█████▊    | 1862/3213 [06:28<05:19,  4.22it/s]
 58%|█████▊    | 1863/3213 [06:28<04:58,  4.52it/s]
 58%|█████▊    | 1864/3213 [06:29<04:47,  4.69it/s]
 58%|█████▊    | 1865/3213 [06:29<04:46,  4.71it/s]
 58%|█████▊    | 1866/3213 [06:29<04:44,  4.73it/s]
 58%|█████▊    | 1867/3213 [06:29<04:56,  4.53it/s]
 58%|█████▊    | 1868/3213 [06:30<04:51,  4.62it/s]
 58%|█████▊    | 1869/3213 [06:30<05:05,  4.40it/s]
 58%|█████▊    | 1870/3213 [06:30<05:22,  4.17it/s]
 58%|█████▊    | 1871/3213 [06:30<05:19,  4.20it/s]
 58%|█████▊    | 1872/3213 [06:30<05:01,  4.45it/s]
 58%|█████▊    | 1873/3213 [06:31<04:53,  4.56it/s]
 58%|█████▊    | 1874/3213 [06:31<04:34,  4.88it/s]
 58%|█████▊    | 1875/3213 [06:31<04:17,  5.20it/s]
 58%|█████▊    | 1876/3213 [06:31<04:45,  4.69it/s]
 58%|█████▊    | 1877/3213 [06:32<07:12,  3.09it/s]
 58%|█████▊    | 1878/3213 [06:32<07:20,  3.03it/s]
 58%|█████▊    | 1879/3213 [06:32<06:49,  3.26it/s]
 59%|█████▊    | 1880/3213 [06:33<06:09,  3.61it/s]
 59%|█████▊    | 1881/3213 [06:33<05:25,  4.10it/s]
 59%|█████▊    | 1882/3213 [06:33<04:53,  4.54it/s]
 59%|█████▊    | 1883/3213 [06:33<05:15,  4.22it/s]
 59%|█████▊    | 1884/3213 [06:33<04:45,  4.66it/s]
 59%|█████▊    | 1885/3213 [06:34<04:35,  4.82it/s]
 59%|█████▊    | 1886/3213 [06:34<04:27,  4.96it/s]
 59%|█████▊    | 1887/3213 [06:34<04:22,  5.06it/s]
 59%|█████▉    | 1888/3213 [06:34<05:06,  4.32it/s]
 59%|█████▉    | 1889/3213 [06:35<06:01,  3.67it/s]
 59%|█████▉    | 1890/3213 [06:35<07:28,  2.95it/s]
 59%|█████▉    | 1891/3213 [06:35<06:29,  3.39it/s]
 59%|█████▉    | 1892/3213 [06:36<05:56,  3.70it/s]
 59%|█████▉    | 1893/3213 [06:36<05:34,  3.94it/s]
 59%|█████▉    | 1894/3213 [06:36<05:16,  4.16it/s]
 59%|█████▉    | 1895/3213 [06:36<04:52,  4.51it/s]
 59%|█████▉    | 1896/3213 [06:36<04:45,  4.61it/s]
 59%|█████▉    | 1897/3213 [06:37<04:15,  5.15it/s]
 59%|█████▉    | 1898/3213 [06:37<04:34,  4.79it/s]
 59%|█████▉    | 1899/3213 [06:37<04:47,  4.56it/s]
 59%|█████▉    | 1900/3213 [06:37<04:34,  4.79it/s]
                                                   
{'loss': 0.0107, 'grad_norm': 0.3875363767147064, 'learning_rate': 8.179271708683473e-06, 'epoch': 1.77}

 59%|█████▉    | 1900/3213 [06:37<04:34,  4.79it/s]
 59%|█████▉    | 1901/3213 [06:37<04:36,  4.74it/s]
 59%|█████▉    | 1902/3213 [06:38<04:23,  4.98it/s]
 59%|█████▉    | 1903/3213 [06:38<04:35,  4.75it/s]
 59%|█████▉    | 1904/3213 [06:38<04:07,  5.29it/s]
 59%|█████▉    | 1905/3213 [06:38<03:58,  5.49it/s]
 59%|█████▉    | 1906/3213 [06:38<03:55,  5.55it/s]
 59%|█████▉    | 1907/3213 [06:39<04:38,  4.68it/s]
 59%|█████▉    | 1908/3213 [06:39<04:48,  4.52it/s]
 59%|█████▉    | 1909/3213 [06:39<04:46,  4.55it/s]
 59%|█████▉    | 1910/3213 [06:39<04:20,  5.01it/s]
 59%|█████▉    | 1911/3213 [06:39<04:38,  4.68it/s]
 60%|█████▉    | 1912/3213 [06:40<04:23,  4.94it/s]
 60%|█████▉    | 1913/3213 [06:40<04:17,  5.06it/s]
 60%|█████▉    | 1914/3213 [06:40<04:32,  4.76it/s]
 60%|█████▉    | 1915/3213 [06:40<04:03,  5.33it/s]
 60%|█████▉    | 1916/3213 [06:40<04:11,  5.15it/s]
 60%|█████▉    | 1917/3213 [06:41<04:42,  4.59it/s]
 60%|█████▉    | 1918/3213 [06:41<04:32,  4.76it/s]
 60%|█████▉    | 1919/3213 [06:41<04:20,  4.97it/s]
 60%|█████▉    | 1920/3213 [06:41<04:13,  5.11it/s]
 60%|█████▉    | 1921/3213 [06:41<04:03,  5.30it/s]
 60%|█████▉    | 1922/3213 [06:42<03:51,  5.57it/s]
 60%|█████▉    | 1923/3213 [06:42<03:42,  5.81it/s]
 60%|█████▉    | 1924/3213 [06:42<03:34,  6.01it/s]
 60%|█████▉    | 1925/3213 [06:42<03:31,  6.08it/s]
 60%|█████▉    | 1926/3213 [06:42<03:52,  5.53it/s]
 60%|█████▉    | 1927/3213 [06:42<03:59,  5.37it/s]
 60%|██████    | 1928/3213 [06:43<04:09,  5.16it/s]
 60%|██████    | 1929/3213 [06:43<03:53,  5.51it/s]
 60%|██████    | 1930/3213 [06:43<03:57,  5.40it/s]
 60%|██████    | 1931/3213 [06:43<03:59,  5.36it/s]
 60%|██████    | 1932/3213 [06:43<03:56,  5.41it/s]
 60%|██████    | 1933/3213 [06:44<03:37,  5.88it/s]
 60%|██████    | 1934/3213 [06:44<04:04,  5.24it/s]
 60%|██████    | 1935/3213 [06:44<03:41,  5.78it/s]
 60%|██████    | 1936/3213 [06:44<03:50,  5.54it/s]
 60%|██████    | 1937/3213 [06:45<06:19,  3.36it/s]
 60%|██████    | 1938/3213 [06:45<05:43,  3.71it/s]
 60%|██████    | 1939/3213 [06:45<04:57,  4.28it/s]
 60%|██████    | 1940/3213 [06:45<04:28,  4.75it/s]
 60%|██████    | 1941/3213 [06:45<04:19,  4.90it/s]
 60%|██████    | 1942/3213 [06:46<04:08,  5.12it/s]
 60%|██████    | 1943/3213 [06:46<03:50,  5.51it/s]
 61%|██████    | 1944/3213 [06:46<03:30,  6.04it/s]
 61%|██████    | 1945/3213 [06:46<03:31,  6.00it/s]
 61%|██████    | 1946/3213 [06:46<03:47,  5.56it/s]
 61%|██████    | 1947/3213 [06:46<03:59,  5.29it/s]
 61%|██████    | 1948/3213 [06:47<03:42,  5.69it/s]
 61%|██████    | 1949/3213 [06:47<03:42,  5.68it/s]
 61%|██████    | 1950/3213 [06:47<03:28,  6.07it/s]
                                                   
{'loss': 0.0112, 'grad_norm': 1.170992136001587, 'learning_rate': 7.868036103330222e-06, 'epoch': 1.82}

 61%|██████    | 1950/3213 [06:47<03:28,  6.07it/s]
 61%|██████    | 1951/3213 [06:47<03:21,  6.28it/s]
 61%|██████    | 1952/3213 [06:47<03:28,  6.04it/s]
 61%|██████    | 1953/3213 [06:47<03:23,  6.18it/s]
 61%|██████    | 1954/3213 [06:47<03:16,  6.41it/s]
 61%|██████    | 1955/3213 [06:48<03:28,  6.03it/s]
 61%|██████    | 1956/3213 [06:48<03:20,  6.27it/s]
 61%|██████    | 1957/3213 [06:48<03:18,  6.33it/s]
 61%|██████    | 1958/3213 [06:48<03:15,  6.41it/s]
 61%|██████    | 1959/3213 [06:48<03:03,  6.85it/s]
 61%|██████    | 1960/3213 [06:48<03:14,  6.45it/s]
 61%|██████    | 1961/3213 [06:49<03:38,  5.74it/s]
 61%|██████    | 1962/3213 [06:49<03:18,  6.31it/s]
 61%|██████    | 1963/3213 [06:49<03:06,  6.71it/s]
 61%|██████    | 1964/3213 [06:49<03:03,  6.82it/s]
 61%|██████    | 1965/3213 [06:49<02:58,  7.00it/s]
 61%|██████    | 1966/3213 [06:49<02:55,  7.11it/s]
 61%|██████    | 1967/3213 [06:50<03:24,  6.10it/s]
 61%|██████▏   | 1968/3213 [06:50<03:35,  5.78it/s]
 61%|██████▏   | 1969/3213 [06:50<03:25,  6.07it/s]
 61%|██████▏   | 1970/3213 [06:50<03:29,  5.94it/s]
 61%|██████▏   | 1971/3213 [06:50<03:23,  6.11it/s]
 61%|██████▏   | 1972/3213 [06:50<03:20,  6.20it/s]
 61%|██████▏   | 1973/3213 [06:51<03:30,  5.88it/s]
 61%|██████▏   | 1974/3213 [06:51<03:31,  5.86it/s]
 61%|██████▏   | 1975/3213 [06:51<03:36,  5.71it/s]
 62%|██████▏   | 1976/3213 [06:51<03:20,  6.16it/s]
 62%|██████▏   | 1977/3213 [06:51<03:31,  5.84it/s]
 62%|██████▏   | 1978/3213 [06:51<03:18,  6.23it/s]
 62%|██████▏   | 1979/3213 [06:52<03:13,  6.38it/s]
 62%|██████▏   | 1980/3213 [06:52<03:18,  6.20it/s]
 62%|██████▏   | 1981/3213 [06:52<03:19,  6.17it/s]
 62%|██████▏   | 1982/3213 [06:52<03:47,  5.41it/s]
 62%|██████▏   | 1983/3213 [06:52<04:16,  4.79it/s]
 62%|██████▏   | 1984/3213 [06:53<04:07,  4.96it/s]
 62%|██████▏   | 1985/3213 [06:53<03:50,  5.32it/s]
 62%|██████▏   | 1986/3213 [06:53<03:39,  5.59it/s]
 62%|██████▏   | 1987/3213 [06:53<03:38,  5.61it/s]
 62%|██████▏   | 1988/3213 [06:53<03:48,  5.35it/s]
 62%|██████▏   | 1989/3213 [06:53<03:30,  5.82it/s]
 62%|██████▏   | 1990/3213 [06:54<03:19,  6.15it/s]
 62%|██████▏   | 1991/3213 [06:54<03:30,  5.81it/s]
 62%|██████▏   | 1992/3213 [06:54<03:27,  5.89it/s]
 62%|██████▏   | 1993/3213 [06:54<03:27,  5.89it/s]
 62%|██████▏   | 1994/3213 [06:54<03:55,  5.18it/s]
 62%|██████▏   | 1995/3213 [06:54<04:01,  5.05it/s]
 62%|██████▏   | 1996/3213 [06:55<04:22,  4.64it/s]
 62%|██████▏   | 1997/3213 [06:55<04:14,  4.78it/s]
 62%|██████▏   | 1998/3213 [06:55<04:05,  4.94it/s]
 62%|██████▏   | 1999/3213 [06:55<03:53,  5.20it/s]
 62%|██████▏   | 2000/3213 [06:55<03:47,  5.34it/s]
                                                   
{'loss': 0.0076, 'grad_norm': 0.4801974296569824, 'learning_rate': 7.556800497976969e-06, 'epoch': 1.87}

 62%|██████▏   | 2000/3213 [06:55<03:47,  5.34it/s]
 62%|██████▏   | 2001/3213 [06:56<03:35,  5.63it/s]
 62%|██████▏   | 2002/3213 [06:56<03:16,  6.15it/s]
 62%|██████▏   | 2003/3213 [06:56<03:37,  5.57it/s]
 62%|██████▏   | 2004/3213 [06:56<04:31,  4.45it/s]
 62%|██████▏   | 2005/3213 [06:56<04:12,  4.79it/s]
 62%|██████▏   | 2006/3213 [06:57<03:49,  5.26it/s]
 62%|██████▏   | 2007/3213 [06:57<03:36,  5.57it/s]
 62%|██████▏   | 2008/3213 [06:57<03:26,  5.85it/s]
 63%|██████▎   | 2009/3213 [06:57<03:42,  5.42it/s]
 63%|██████▎   | 2010/3213 [06:57<03:55,  5.11it/s]
 63%|██████▎   | 2011/3213 [06:58<03:37,  5.52it/s]
 63%|██████▎   | 2012/3213 [06:58<03:35,  5.57it/s]
 63%|██████▎   | 2013/3213 [06:58<03:33,  5.63it/s]
 63%|██████▎   | 2014/3213 [06:58<04:05,  4.88it/s]
 63%|██████▎   | 2015/3213 [06:58<04:09,  4.80it/s]
 63%|██████▎   | 2016/3213 [06:58<03:45,  5.32it/s]
 63%|██████▎   | 2017/3213 [06:59<04:11,  4.75it/s]
 63%|██████▎   | 2018/3213 [06:59<04:06,  4.85it/s]
 63%|██████▎   | 2019/3213 [06:59<03:59,  4.99it/s]
 63%|██████▎   | 2020/3213 [06:59<03:59,  4.99it/s]
 63%|██████▎   | 2021/3213 [07:00<04:11,  4.74it/s]
 63%|██████▎   | 2022/3213 [07:00<04:05,  4.85it/s]
 63%|██████▎   | 2023/3213 [07:00<03:40,  5.39it/s]
 63%|██████▎   | 2024/3213 [07:00<04:09,  4.76it/s]
 63%|██████▎   | 2025/3213 [07:00<03:45,  5.27it/s]
 63%|██████▎   | 2026/3213 [07:00<03:39,  5.40it/s]
 63%|██████▎   | 2027/3213 [07:01<04:24,  4.48it/s]
 63%|██████▎   | 2028/3213 [07:01<04:18,  4.58it/s]
 63%|██████▎   | 2029/3213 [07:01<04:21,  4.53it/s]
 63%|██████▎   | 2030/3213 [07:01<04:20,  4.54it/s]
 63%|██████▎   | 2031/3213 [07:02<04:19,  4.56it/s]
 63%|██████▎   | 2032/3213 [07:02<04:06,  4.79it/s]
 63%|██████▎   | 2033/3213 [07:02<03:52,  5.07it/s]
 63%|██████▎   | 2034/3213 [07:02<03:46,  5.21it/s]
 63%|██████▎   | 2035/3213 [07:02<04:09,  4.72it/s]
 63%|██████▎   | 2036/3213 [07:03<04:08,  4.74it/s]
 63%|██████▎   | 2037/3213 [07:03<04:08,  4.73it/s]
 63%|██████▎   | 2038/3213 [07:03<04:06,  4.77it/s]
 63%|██████▎   | 2039/3213 [07:03<03:47,  5.15it/s]
 63%|██████▎   | 2040/3213 [07:03<03:59,  4.91it/s]
 64%|██████▎   | 2041/3213 [07:04<03:59,  4.88it/s]
 64%|██████▎   | 2042/3213 [07:04<04:16,  4.57it/s]
 64%|██████▎   | 2043/3213 [07:04<03:40,  5.31it/s]
 64%|██████▎   | 2044/3213 [07:04<03:23,  5.74it/s]
 64%|██████▎   | 2045/3213 [07:04<03:45,  5.18it/s]
 64%|██████▎   | 2046/3213 [07:05<03:54,  4.97it/s]
 64%|██████▎   | 2047/3213 [07:05<03:52,  5.02it/s]
 64%|██████▎   | 2048/3213 [07:05<03:46,  5.14it/s]
 64%|██████▍   | 2049/3213 [07:05<03:29,  5.55it/s]
 64%|██████▍   | 2050/3213 [07:05<03:42,  5.23it/s]
                                                   
{'loss': 0.01, 'grad_norm': 0.22605234384536743, 'learning_rate': 7.245564892623717e-06, 'epoch': 1.91}

 64%|██████▍   | 2050/3213 [07:05<03:42,  5.23it/s]
 64%|██████▍   | 2051/3213 [07:06<03:28,  5.57it/s]
 64%|██████▍   | 2052/3213 [07:06<03:14,  5.98it/s]
 64%|██████▍   | 2053/3213 [07:06<03:14,  5.98it/s]
 64%|██████▍   | 2054/3213 [07:06<03:48,  5.08it/s]
 64%|██████▍   | 2055/3213 [07:06<03:57,  4.87it/s]
 64%|██████▍   | 2056/3213 [07:07<03:46,  5.11it/s]
 64%|██████▍   | 2057/3213 [07:07<03:30,  5.50it/s]
 64%|██████▍   | 2058/3213 [07:07<03:35,  5.37it/s]
 64%|██████▍   | 2059/3213 [07:07<03:43,  5.17it/s]
 64%|██████▍   | 2060/3213 [07:08<05:17,  3.63it/s]
 64%|██████▍   | 2061/3213 [07:08<05:39,  3.40it/s]
 64%|██████▍   | 2062/3213 [07:08<05:10,  3.71it/s]
 64%|██████▍   | 2063/3213 [07:08<04:23,  4.36it/s]
 64%|██████▍   | 2064/3213 [07:08<03:55,  4.88it/s]
 64%|██████▍   | 2065/3213 [07:09<04:44,  4.03it/s]
 64%|██████▍   | 2066/3213 [07:09<04:03,  4.72it/s]
 64%|██████▍   | 2067/3213 [07:09<03:45,  5.08it/s]
 64%|██████▍   | 2068/3213 [07:09<03:30,  5.45it/s]
 64%|██████▍   | 2069/3213 [07:09<03:12,  5.95it/s]
 64%|██████▍   | 2070/3213 [07:09<03:05,  6.18it/s]
 64%|██████▍   | 2071/3213 [07:10<03:37,  5.25it/s]
 64%|██████▍   | 2072/3213 [07:10<03:58,  4.77it/s]
 65%|██████▍   | 2073/3213 [07:10<03:41,  5.15it/s]
 65%|██████▍   | 2074/3213 [07:10<03:39,  5.20it/s]
 65%|██████▍   | 2075/3213 [07:10<03:34,  5.29it/s]
 65%|██████▍   | 2076/3213 [07:11<03:31,  5.39it/s]
 65%|██████▍   | 2077/3213 [07:11<03:23,  5.59it/s]
 65%|██████▍   | 2078/3213 [07:11<03:35,  5.26it/s]
 65%|██████▍   | 2079/3213 [07:11<03:22,  5.60it/s]
 65%|██████▍   | 2080/3213 [07:11<03:43,  5.06it/s]
 65%|██████▍   | 2081/3213 [07:12<03:41,  5.11it/s]
 65%|██████▍   | 2082/3213 [07:12<03:31,  5.34it/s]
 65%|██████▍   | 2083/3213 [07:12<03:45,  5.02it/s]
 65%|██████▍   | 2084/3213 [07:12<03:46,  4.99it/s]
 65%|██████▍   | 2085/3213 [07:12<03:36,  5.20it/s]
 65%|██████▍   | 2086/3213 [07:13<03:30,  5.36it/s]
 65%|██████▍   | 2087/3213 [07:13<04:45,  3.95it/s]
 65%|██████▍   | 2088/3213 [07:13<04:33,  4.12it/s]
 65%|██████▌   | 2089/3213 [07:13<04:01,  4.66it/s]
 65%|██████▌   | 2090/3213 [07:14<03:56,  4.76it/s]
 65%|██████▌   | 2091/3213 [07:14<03:53,  4.80it/s]
 65%|██████▌   | 2092/3213 [07:14<03:36,  5.17it/s]
 65%|██████▌   | 2093/3213 [07:14<03:28,  5.37it/s]
 65%|██████▌   | 2094/3213 [07:14<03:52,  4.82it/s]
 65%|██████▌   | 2095/3213 [07:15<04:05,  4.54it/s]
 65%|██████▌   | 2096/3213 [07:15<04:04,  4.57it/s]
 65%|██████▌   | 2097/3213 [07:15<03:39,  5.08it/s]
 65%|██████▌   | 2098/3213 [07:15<03:49,  4.86it/s]
 65%|██████▌   | 2099/3213 [07:15<03:32,  5.25it/s]
 65%|██████▌   | 2100/3213 [07:15<03:24,  5.44it/s]
                                                   
{'loss': 0.0095, 'grad_norm': 3.0472445487976074, 'learning_rate': 6.934329287270465e-06, 'epoch': 1.96}

 65%|██████▌   | 2100/3213 [07:16<03:24,  5.44it/s]
 65%|██████▌   | 2101/3213 [07:16<03:14,  5.71it/s]
 65%|██████▌   | 2102/3213 [07:16<03:31,  5.26it/s]
 65%|██████▌   | 2103/3213 [07:16<03:35,  5.16it/s]
 65%|██████▌   | 2104/3213 [07:16<03:53,  4.75it/s]
 66%|██████▌   | 2105/3213 [07:16<03:35,  5.13it/s]
 66%|██████▌   | 2106/3213 [07:17<03:29,  5.28it/s]
 66%|██████▌   | 2107/3213 [07:17<03:31,  5.24it/s]
 66%|██████▌   | 2108/3213 [07:17<03:24,  5.40it/s]
 66%|██████▌   | 2109/3213 [07:17<03:43,  4.95it/s]
 66%|██████▌   | 2110/3213 [07:18<03:56,  4.66it/s]
 66%|██████▌   | 2111/3213 [07:18<03:47,  4.85it/s]
 66%|██████▌   | 2112/3213 [07:18<03:24,  5.38it/s]
 66%|██████▌   | 2113/3213 [07:18<03:09,  5.80it/s]
 66%|██████▌   | 2114/3213 [07:18<03:23,  5.41it/s]
 66%|██████▌   | 2115/3213 [07:18<03:29,  5.24it/s]
 66%|██████▌   | 2116/3213 [07:19<03:37,  5.05it/s]
 66%|██████▌   | 2117/3213 [07:19<03:28,  5.25it/s]
 66%|██████▌   | 2118/3213 [07:19<03:29,  5.22it/s]
 66%|██████▌   | 2119/3213 [07:19<03:19,  5.50it/s]
 66%|██████▌   | 2120/3213 [07:19<03:16,  5.55it/s]
 66%|██████▌   | 2121/3213 [07:19<03:04,  5.90it/s]
 66%|██████▌   | 2122/3213 [07:20<03:09,  5.76it/s]
 66%|██████▌   | 2123/3213 [07:20<03:19,  5.48it/s]
 66%|██████▌   | 2124/3213 [07:20<03:33,  5.11it/s]
 66%|██████▌   | 2125/3213 [07:20<03:17,  5.50it/s]
 66%|██████▌   | 2126/3213 [07:20<03:20,  5.42it/s]
 66%|██████▌   | 2127/3213 [07:21<03:51,  4.69it/s]
 66%|██████▌   | 2128/3213 [07:21<03:51,  4.68it/s]
 66%|██████▋   | 2129/3213 [07:21<03:48,  4.75it/s]
 66%|██████▋   | 2130/3213 [07:21<03:58,  4.53it/s]
 66%|██████▋   | 2131/3213 [07:22<03:42,  4.87it/s]
 66%|██████▋   | 2132/3213 [07:22<03:53,  4.62it/s]
 66%|██████▋   | 2133/3213 [07:22<03:48,  4.73it/s]
 66%|██████▋   | 2134/3213 [07:22<03:58,  4.52it/s]
 66%|██████▋   | 2135/3213 [07:22<03:46,  4.76it/s]
 66%|██████▋   | 2136/3213 [07:23<03:31,  5.10it/s]
 67%|██████▋   | 2137/3213 [07:23<03:29,  5.13it/s]
 67%|██████▋   | 2138/3213 [07:23<04:12,  4.26it/s]
 67%|██████▋   | 2139/3213 [07:23<04:04,  4.40it/s]
 67%|██████▋   | 2140/3213 [07:23<03:56,  4.54it/s]
 67%|██████▋   | 2141/3213 [07:24<04:02,  4.41it/s]
 67%|██████▋   | 2142/3213 [07:24<04:38,  3.84it/s]

  0%|          | 0/95 [00:00<?, ?it/s][A

  4%|▍         | 4/95 [00:00<00:03, 29.43it/s][A

  7%|▋         | 7/95 [00:00<00:03, 25.23it/s][A

 11%|█         | 10/95 [00:00<00:03, 23.80it/s][A

 14%|█▎        | 13/95 [00:00<00:03, 23.03it/s][A

 17%|█▋        | 16/95 [00:00<00:03, 22.76it/s][A

 20%|██        | 19/95 [00:00<00:03, 22.61it/s][A

 23%|██▎       | 22/95 [00:00<00:03, 22.43it/s][A

 26%|██▋       | 25/95 [00:01<00:03, 22.47it/s][A

 29%|██▉       | 28/95 [00:01<00:03, 22.14it/s][A

 33%|███▎      | 31/95 [00:01<00:02, 22.10it/s][A

 36%|███▌      | 34/95 [00:01<00:02, 22.11it/s][A

 39%|███▉      | 37/95 [00:01<00:02, 22.23it/s][A

 42%|████▏     | 40/95 [00:01<00:02, 22.11it/s][A

 45%|████▌     | 43/95 [00:01<00:02, 22.12it/s][A

 48%|████▊     | 46/95 [00:02<00:02, 22.15it/s][A

 52%|█████▏    | 49/95 [00:02<00:02, 22.11it/s][A

 55%|█████▍    | 52/95 [00:02<00:01, 22.09it/s][A

 58%|█████▊    | 55/95 [00:02<00:01, 22.21it/s][A

 61%|██████    | 58/95 [00:02<00:01, 22.16it/s][A

 64%|██████▍   | 61/95 [00:02<00:01, 22.14it/s][A

 67%|██████▋   | 64/95 [00:02<00:01, 22.25it/s][A

 71%|███████   | 67/95 [00:02<00:01, 22.12it/s][A

 74%|███████▎  | 70/95 [00:03<00:01, 22.18it/s][A

 77%|███████▋  | 73/95 [00:03<00:00, 22.20it/s][A

 80%|████████  | 76/95 [00:03<00:00, 22.14it/s][A

 83%|████████▎ | 79/95 [00:03<00:00, 22.08it/s][A

 86%|████████▋ | 82/95 [00:03<00:00, 22.19it/s][A

 89%|████████▉ | 85/95 [00:03<00:00, 22.12it/s][A

 93%|█████████▎| 88/95 [00:03<00:00, 22.12it/s][A

 96%|█████████▌| 91/95 [00:04<00:00, 22.22it/s][A

 99%|█████████▉| 94/95 [00:04<00:00, 22.27it/s][A
                                                   

                                               
[A{'eval_loss': 0.017956199124455452, 'eval_accuracy': 0.9931376601901613, 'eval_precision': 0.9928925619834711, 'eval_recall': 0.9933851496609889, 'eval_f1': 0.9931387947424981, 'eval_runtime': 4.2817, 'eval_samples_per_second': 2824.826, 'eval_steps_per_second': 22.188, 'epoch': 2.0}

 67%|██████▋   | 2142/3213 [07:28<04:38,  3.84it/s]

100%|██████████| 95/95 [00:04<00:00, 22.27it/s][A

                                               [A
 67%|██████▋   | 2143/3213 [07:32<43:46,  2.46s/it]
 67%|██████▋   | 2144/3213 [07:32<32:19,  1.81s/it]
 67%|██████▋   | 2145/3213 [07:32<24:37,  1.38s/it]
 67%|██████▋   | 2146/3213 [07:33<18:46,  1.06s/it]
 67%|██████▋   | 2147/3213 [07:33<14:53,  1.19it/s]
 67%|██████▋   | 2148/3213 [07:33<11:30,  1.54it/s]
 67%|██████▋   | 2149/3213 [07:33<08:53,  1.99it/s]
 67%|██████▋   | 2150/3213 [07:34<07:32,  2.35it/s]
                                                   
{'loss': 0.0086, 'grad_norm': 0.14730197191238403, 'learning_rate': 6.623093681917212e-06, 'epoch': 2.01}

 67%|██████▋   | 2150/3213 [07:34<07:32,  2.35it/s]
 67%|██████▋   | 2151/3213 [07:34<07:11,  2.46it/s]
 67%|██████▋   | 2152/3213 [07:34<06:03,  2.92it/s]
 67%|██████▋   | 2153/3213 [07:34<06:07,  2.88it/s]
 67%|██████▋   | 2154/3213 [07:35<04:57,  3.56it/s]
 67%|██████▋   | 2155/3213 [07:35<04:21,  4.05it/s]
 67%|██████▋   | 2156/3213 [07:35<04:12,  4.18it/s]
 67%|██████▋   | 2157/3213 [07:35<04:02,  4.35it/s]
 67%|██████▋   | 2158/3213 [07:35<03:36,  4.88it/s]
 67%|██████▋   | 2159/3213 [07:36<03:24,  5.16it/s]
 67%|██████▋   | 2160/3213 [07:36<03:24,  5.15it/s]
 67%|██████▋   | 2161/3213 [07:36<03:14,  5.41it/s]
 67%|██████▋   | 2162/3213 [07:36<03:27,  5.07it/s]
 67%|██████▋   | 2163/3213 [07:36<03:11,  5.49it/s]
 67%|██████▋   | 2164/3213 [07:36<03:11,  5.47it/s]
 67%|██████▋   | 2165/3213 [07:37<03:27,  5.05it/s]
 67%|██████▋   | 2166/3213 [07:37<03:30,  4.97it/s]
 67%|██████▋   | 2167/3213 [07:37<03:53,  4.49it/s]
 67%|██████▋   | 2168/3213 [07:37<03:54,  4.45it/s]
 68%|██████▊   | 2169/3213 [07:38<03:55,  4.43it/s]
 68%|██████▊   | 2170/3213 [07:38<04:35,  3.78it/s]
 68%|██████▊   | 2171/3213 [07:38<04:10,  4.17it/s]
 68%|██████▊   | 2172/3213 [07:38<03:47,  4.57it/s]
 68%|██████▊   | 2173/3213 [07:39<03:39,  4.75it/s]
 68%|██████▊   | 2174/3213 [07:39<03:24,  5.07it/s]
 68%|██████▊   | 2175/3213 [07:39<03:22,  5.13it/s]
 68%|██████▊   | 2176/3213 [07:39<03:10,  5.45it/s]
 68%|██████▊   | 2177/3213 [07:39<03:10,  5.43it/s]
 68%|██████▊   | 2178/3213 [07:39<03:32,  4.88it/s]
 68%|██████▊   | 2179/3213 [07:40<03:51,  4.46it/s]
 68%|██████▊   | 2180/3213 [07:40<03:37,  4.74it/s]
 68%|██████▊   | 2181/3213 [07:40<03:21,  5.13it/s]
 68%|██████▊   | 2182/3213 [07:40<03:01,  5.68it/s]
 68%|██████▊   | 2183/3213 [07:40<03:04,  5.59it/s]
 68%|██████▊   | 2184/3213 [07:41<03:23,  5.07it/s]
 68%|██████▊   | 2185/3213 [07:41<03:45,  4.56it/s]
 68%|██████▊   | 2186/3213 [07:41<03:46,  4.54it/s]
 68%|██████▊   | 2187/3213 [07:41<03:30,  4.88it/s]
 68%|██████▊   | 2188/3213 [07:41<03:20,  5.10it/s]
 68%|██████▊   | 2189/3213 [07:42<03:44,  4.55it/s]
 68%|██████▊   | 2190/3213 [07:42<03:47,  4.50it/s]
 68%|██████▊   | 2191/3213 [07:42<04:22,  3.89it/s]
 68%|██████▊   | 2192/3213 [07:43<04:16,  3.98it/s]
 68%|██████▊   | 2193/3213 [07:43<03:45,  4.52it/s]
 68%|██████▊   | 2194/3213 [07:43<03:33,  4.78it/s]
 68%|██████▊   | 2195/3213 [07:43<03:25,  4.95it/s]
 68%|██████▊   | 2196/3213 [07:43<03:20,  5.08it/s]
 68%|██████▊   | 2197/3213 [07:43<03:15,  5.20it/s]
 68%|██████▊   | 2198/3213 [07:44<03:29,  4.84it/s]
 68%|██████▊   | 2199/3213 [07:44<03:20,  5.06it/s]
 68%|██████▊   | 2200/3213 [07:44<03:16,  5.15it/s]
                                                   
{'loss': 0.01, 'grad_norm': 0.8181214332580566, 'learning_rate': 6.311858076563959e-06, 'epoch': 2.05}

 68%|██████▊   | 2200/3213 [07:44<03:16,  5.15it/s]
 69%|██████▊   | 2201/3213 [07:44<03:10,  5.32it/s]
 69%|██████▊   | 2202/3213 [07:44<03:17,  5.12it/s]
 69%|██████▊   | 2203/3213 [07:45<03:10,  5.30it/s]
 69%|██████▊   | 2204/3213 [07:45<03:11,  5.28it/s]
 69%|██████▊   | 2205/3213 [07:45<03:12,  5.24it/s]
 69%|██████▊   | 2206/3213 [07:45<03:09,  5.30it/s]
 69%|██████▊   | 2207/3213 [07:45<03:05,  5.43it/s]
 69%|██████▊   | 2208/3213 [07:45<02:52,  5.82it/s]
 69%|██████▉   | 2209/3213 [07:46<02:50,  5.89it/s]
 69%|██████▉   | 2210/3213 [07:46<02:57,  5.66it/s]
 69%|██████▉   | 2211/3213 [07:46<03:09,  5.27it/s]
 69%|██████▉   | 2212/3213 [07:46<03:03,  5.46it/s]
 69%|██████▉   | 2213/3213 [07:46<03:06,  5.36it/s]
 69%|██████▉   | 2214/3213 [07:47<03:32,  4.71it/s]
 69%|██████▉   | 2215/3213 [07:47<03:25,  4.85it/s]
 69%|██████▉   | 2216/3213 [07:47<03:14,  5.12it/s]
 69%|██████▉   | 2217/3213 [07:47<03:04,  5.41it/s]
 69%|██████▉   | 2218/3213 [07:47<03:04,  5.39it/s]
 69%|██████▉   | 2219/3213 [07:48<03:03,  5.40it/s]
 69%|██████▉   | 2220/3213 [07:48<03:24,  4.85it/s]
 69%|██████▉   | 2221/3213 [07:48<03:24,  4.86it/s]
 69%|██████▉   | 2222/3213 [07:48<03:51,  4.29it/s]
 69%|██████▉   | 2223/3213 [07:49<03:56,  4.19it/s]
 69%|██████▉   | 2224/3213 [07:49<03:38,  4.52it/s]
 69%|██████▉   | 2225/3213 [07:49<03:41,  4.45it/s]
 69%|██████▉   | 2226/3213 [07:49<03:35,  4.59it/s]
 69%|██████▉   | 2227/3213 [07:49<03:38,  4.51it/s]
 69%|██████▉   | 2228/3213 [07:50<03:18,  4.96it/s]
 69%|██████▉   | 2229/3213 [07:50<03:26,  4.76it/s]
 69%|██████▉   | 2230/3213 [07:50<04:01,  4.06it/s]
 69%|██████▉   | 2231/3213 [07:50<03:49,  4.28it/s]
 69%|██████▉   | 2232/3213 [07:51<03:37,  4.52it/s]
 69%|██████▉   | 2233/3213 [07:51<03:15,  5.02it/s]
 70%|██████▉   | 2234/3213 [07:51<04:06,  3.97it/s]
 70%|██████▉   | 2235/3213 [07:52<04:59,  3.26it/s]
 70%|██████▉   | 2236/3213 [07:52<05:03,  3.22it/s]
 70%|██████▉   | 2237/3213 [07:52<04:19,  3.76it/s]
 70%|██████▉   | 2238/3213 [07:52<04:04,  3.99it/s]
 70%|██████▉   | 2239/3213 [07:52<03:56,  4.12it/s]
 70%|██████▉   | 2240/3213 [07:53<03:36,  4.49it/s]
 70%|██████▉   | 2241/3213 [07:53<03:42,  4.37it/s]
 70%|██████▉   | 2242/3213 [07:53<03:31,  4.58it/s]
 70%|██████▉   | 2243/3213 [07:54<04:44,  3.41it/s]
 70%|██████▉   | 2244/3213 [07:54<04:37,  3.50it/s]
 70%|██████▉   | 2245/3213 [07:54<04:25,  3.64it/s]
 70%|██████▉   | 2246/3213 [07:54<04:08,  3.89it/s]
 70%|██████▉   | 2247/3213 [07:54<03:53,  4.13it/s]
 70%|██████▉   | 2248/3213 [07:55<03:25,  4.69it/s]
 70%|██████▉   | 2249/3213 [07:55<03:26,  4.66it/s]
 70%|███████   | 2250/3213 [07:55<03:13,  4.99it/s]
                                                   
{'loss': 0.0055, 'grad_norm': 0.9066945910453796, 'learning_rate': 6.0006224712107076e-06, 'epoch': 2.1}

 70%|███████   | 2250/3213 [07:55<03:13,  4.99it/s]
 70%|███████   | 2251/3213 [07:55<03:40,  4.36it/s]
 70%|███████   | 2252/3213 [07:56<07:49,  2.05it/s]
 70%|███████   | 2253/3213 [07:57<07:08,  2.24it/s]
 70%|███████   | 2254/3213 [07:57<06:16,  2.54it/s]
 70%|███████   | 2255/3213 [07:57<05:31,  2.89it/s]
 70%|███████   | 2256/3213 [07:57<05:02,  3.16it/s]
 70%|███████   | 2257/3213 [07:58<04:51,  3.28it/s]
 70%|███████   | 2258/3213 [07:58<04:27,  3.57it/s]
 70%|███████   | 2259/3213 [07:58<04:17,  3.70it/s]
 70%|███████   | 2260/3213 [07:58<04:03,  3.92it/s]
 70%|███████   | 2261/3213 [07:59<03:44,  4.24it/s]
 70%|███████   | 2262/3213 [07:59<03:21,  4.73it/s]
 70%|███████   | 2263/3213 [07:59<03:10,  5.00it/s]
 70%|███████   | 2264/3213 [07:59<03:06,  5.09it/s]
 70%|███████   | 2265/3213 [07:59<03:22,  4.67it/s]
 71%|███████   | 2266/3213 [08:00<03:17,  4.78it/s]
 71%|███████   | 2267/3213 [08:00<03:14,  4.86it/s]
 71%|███████   | 2268/3213 [08:00<03:18,  4.76it/s]
 71%|███████   | 2269/3213 [08:00<03:01,  5.20it/s]
 71%|███████   | 2270/3213 [08:00<02:57,  5.33it/s]
 71%|███████   | 2271/3213 [08:00<02:45,  5.68it/s]
 71%|███████   | 2272/3213 [08:01<02:53,  5.41it/s]
 71%|███████   | 2273/3213 [08:01<03:13,  4.87it/s]
 71%|███████   | 2274/3213 [08:01<03:15,  4.79it/s]
 71%|███████   | 2275/3213 [08:01<03:32,  4.42it/s]
 71%|███████   | 2276/3213 [08:02<03:19,  4.70it/s]
 71%|███████   | 2277/3213 [08:02<03:12,  4.85it/s]
 71%|███████   | 2278/3213 [08:02<02:58,  5.25it/s]
 71%|███████   | 2279/3213 [08:02<03:04,  5.08it/s]
 71%|███████   | 2280/3213 [08:02<03:36,  4.30it/s]
 71%|███████   | 2281/3213 [08:03<03:11,  4.86it/s]
 71%|███████   | 2282/3213 [08:03<03:24,  4.56it/s]
 71%|███████   | 2283/3213 [08:03<04:06,  3.77it/s]
 71%|███████   | 2284/3213 [08:03<03:50,  4.04it/s]
 71%|███████   | 2285/3213 [08:04<03:52,  3.98it/s]
 71%|███████   | 2286/3213 [08:04<03:53,  3.98it/s]
 71%|███████   | 2287/3213 [08:04<03:44,  4.13it/s]
 71%|███████   | 2288/3213 [08:04<03:34,  4.31it/s]
 71%|███████   | 2289/3213 [08:05<03:34,  4.30it/s]
 71%|███████▏  | 2290/3213 [08:05<03:22,  4.55it/s]
 71%|███████▏  | 2291/3213 [08:05<03:46,  4.06it/s]
 71%|███████▏  | 2292/3213 [08:05<03:42,  4.14it/s]
 71%|███████▏  | 2293/3213 [08:06<03:29,  4.40it/s]
 71%|███████▏  | 2294/3213 [08:06<03:15,  4.70it/s]
 71%|███████▏  | 2295/3213 [08:06<03:09,  4.85it/s]
 71%|███████▏  | 2296/3213 [08:06<03:09,  4.84it/s]
 71%|███████▏  | 2297/3213 [08:06<03:23,  4.50it/s]
 72%|███████▏  | 2298/3213 [08:07<03:04,  4.96it/s]
 72%|███████▏  | 2299/3213 [08:07<03:29,  4.36it/s]
 72%|███████▏  | 2300/3213 [08:07<03:21,  4.53it/s]
                                                   
{'loss': 0.0068, 'grad_norm': 0.6561040282249451, 'learning_rate': 5.689386865857455e-06, 'epoch': 2.15}

 72%|███████▏  | 2300/3213 [08:07<03:21,  4.53it/s]
 72%|███████▏  | 2301/3213 [08:07<03:05,  4.91it/s]
 72%|███████▏  | 2302/3213 [08:07<03:05,  4.91it/s]
 72%|███████▏  | 2303/3213 [08:08<03:38,  4.17it/s]
 72%|███████▏  | 2304/3213 [08:08<03:17,  4.61it/s]
 72%|███████▏  | 2305/3213 [08:08<03:35,  4.21it/s]
 72%|███████▏  | 2306/3213 [08:08<03:40,  4.11it/s]
 72%|███████▏  | 2307/3213 [08:09<04:55,  3.06it/s]
 72%|███████▏  | 2308/3213 [08:09<04:39,  3.24it/s]
 72%|███████▏  | 2309/3213 [08:09<04:07,  3.66it/s]
 72%|███████▏  | 2310/3213 [08:10<04:09,  3.62it/s]
 72%|███████▏  | 2311/3213 [08:10<04:01,  3.74it/s]
 72%|███████▏  | 2312/3213 [08:10<03:42,  4.06it/s]
 72%|███████▏  | 2313/3213 [08:10<03:23,  4.42it/s]
 72%|███████▏  | 2314/3213 [08:11<03:15,  4.61it/s]
 72%|███████▏  | 2315/3213 [08:11<03:06,  4.81it/s]
 72%|███████▏  | 2316/3213 [08:11<02:56,  5.09it/s]
 72%|███████▏  | 2317/3213 [08:11<02:52,  5.19it/s]
 72%|███████▏  | 2318/3213 [08:11<02:50,  5.25it/s]
 72%|███████▏  | 2319/3213 [08:11<02:49,  5.28it/s]
 72%|███████▏  | 2320/3213 [08:12<02:47,  5.32it/s]
 72%|███████▏  | 2321/3213 [08:12<02:34,  5.76it/s]
 72%|███████▏  | 2322/3213 [08:12<02:40,  5.56it/s]
 72%|███████▏  | 2323/3213 [08:12<02:57,  5.01it/s]
 72%|███████▏  | 2324/3213 [08:12<02:59,  4.95it/s]
 72%|███████▏  | 2325/3213 [08:13<03:14,  4.56it/s]
 72%|███████▏  | 2326/3213 [08:13<03:30,  4.22it/s]
 72%|███████▏  | 2327/3213 [08:13<03:48,  3.87it/s]
 72%|███████▏  | 2328/3213 [08:13<03:23,  4.35it/s]
 72%|███████▏  | 2329/3213 [08:14<03:11,  4.62it/s]
 73%|███████▎  | 2330/3213 [08:15<07:14,  2.03it/s]
 73%|███████▎  | 2331/3213 [08:15<05:59,  2.45it/s]
 73%|███████▎  | 2332/3213 [08:15<04:44,  3.09it/s]
 73%|███████▎  | 2333/3213 [08:15<04:06,  3.57it/s]
 73%|███████▎  | 2334/3213 [08:15<03:32,  4.14it/s]
 73%|███████▎  | 2335/3213 [08:16<03:32,  4.14it/s]
 73%|███████▎  | 2336/3213 [08:16<03:26,  4.24it/s]
 73%|███████▎  | 2337/3213 [08:16<03:08,  4.66it/s]
 73%|███████▎  | 2338/3213 [08:16<02:54,  5.02it/s]
 73%|███████▎  | 2339/3213 [08:16<02:54,  5.02it/s]
 73%|███████▎  | 2340/3213 [08:17<02:49,  5.16it/s]
 73%|███████▎  | 2341/3213 [08:17<02:51,  5.10it/s]
 73%|███████▎  | 2342/3213 [08:17<02:49,  5.14it/s]
 73%|███████▎  | 2343/3213 [08:17<02:38,  5.48it/s]
 73%|███████▎  | 2344/3213 [08:17<02:57,  4.91it/s]
 73%|███████▎  | 2345/3213 [08:18<03:16,  4.42it/s]
 73%|███████▎  | 2346/3213 [08:18<03:18,  4.37it/s]
 73%|███████▎  | 2347/3213 [08:18<03:12,  4.51it/s]
 73%|███████▎  | 2348/3213 [08:18<03:10,  4.54it/s]
 73%|███████▎  | 2349/3213 [08:19<03:15,  4.41it/s]
 73%|███████▎  | 2350/3213 [08:19<02:59,  4.80it/s]
                                                   
{'loss': 0.0045, 'grad_norm': 0.006383625790476799, 'learning_rate': 5.378151260504202e-06, 'epoch': 2.19}

 73%|███████▎  | 2350/3213 [08:19<02:59,  4.80it/s]
 73%|███████▎  | 2351/3213 [08:19<02:53,  4.97it/s]
 73%|███████▎  | 2352/3213 [08:19<02:49,  5.07it/s]
 73%|███████▎  | 2353/3213 [08:19<02:59,  4.80it/s]
 73%|███████▎  | 2354/3213 [08:20<03:11,  4.48it/s]
 73%|███████▎  | 2355/3213 [08:20<03:03,  4.67it/s]
 73%|███████▎  | 2356/3213 [08:20<02:57,  4.83it/s]
 73%|███████▎  | 2357/3213 [08:20<02:57,  4.82it/s]
 73%|███████▎  | 2358/3213 [08:20<02:48,  5.08it/s]
 73%|███████▎  | 2359/3213 [08:21<02:42,  5.27it/s]
 73%|███████▎  | 2360/3213 [08:21<02:39,  5.35it/s]
 73%|███████▎  | 2361/3213 [08:21<02:56,  4.83it/s]
 74%|███████▎  | 2362/3213 [08:21<02:56,  4.81it/s]
 74%|███████▎  | 2363/3213 [08:21<02:49,  5.00it/s]
 74%|███████▎  | 2364/3213 [08:22<03:05,  4.58it/s]
 74%|███████▎  | 2365/3213 [08:22<02:57,  4.77it/s]
 74%|███████▎  | 2366/3213 [08:22<02:58,  4.74it/s]
 74%|███████▎  | 2367/3213 [08:22<02:55,  4.81it/s]
 74%|███████▎  | 2368/3213 [08:23<03:16,  4.29it/s]
 74%|███████▎  | 2369/3213 [08:23<02:59,  4.69it/s]
 74%|███████▍  | 2370/3213 [08:23<03:29,  4.03it/s]
 74%|███████▍  | 2371/3213 [08:23<03:19,  4.22it/s]
 74%|███████▍  | 2372/3213 [08:23<03:13,  4.34it/s]
 74%|███████▍  | 2373/3213 [08:24<03:00,  4.66it/s]
 74%|███████▍  | 2374/3213 [08:24<02:55,  4.79it/s]
 74%|███████▍  | 2375/3213 [08:24<04:11,  3.34it/s]
 74%|███████▍  | 2376/3213 [08:25<03:54,  3.57it/s]
 74%|███████▍  | 2377/3213 [08:25<03:21,  4.15it/s]
 74%|███████▍  | 2378/3213 [08:25<03:25,  4.07it/s]
 74%|███████▍  | 2379/3213 [08:25<03:19,  4.18it/s]
 74%|███████▍  | 2380/3213 [08:25<03:05,  4.50it/s]
 74%|███████▍  | 2381/3213 [08:26<02:53,  4.79it/s]
 74%|███████▍  | 2382/3213 [08:26<02:55,  4.74it/s]
 74%|███████▍  | 2383/3213 [08:26<05:07,  2.70it/s]
 74%|███████▍  | 2384/3213 [08:27<04:44,  2.92it/s]
 74%|███████▍  | 2385/3213 [08:27<04:22,  3.16it/s]
 74%|███████▍  | 2386/3213 [08:27<04:04,  3.39it/s]
 74%|███████▍  | 2387/3213 [08:28<04:04,  3.38it/s]
 74%|███████▍  | 2388/3213 [08:28<03:55,  3.50it/s]
 74%|███████▍  | 2389/3213 [08:28<03:35,  3.83it/s]
 74%|███████▍  | 2390/3213 [08:28<03:14,  4.23it/s]
 74%|███████▍  | 2391/3213 [08:28<03:23,  4.04it/s]
 74%|███████▍  | 2392/3213 [08:29<03:21,  4.08it/s]
 74%|███████▍  | 2393/3213 [08:29<03:07,  4.38it/s]
 75%|███████▍  | 2394/3213 [08:29<02:57,  4.61it/s]
 75%|███████▍  | 2395/3213 [08:29<02:58,  4.57it/s]
 75%|███████▍  | 2396/3213 [08:30<03:04,  4.42it/s]
 75%|███████▍  | 2397/3213 [08:30<02:59,  4.55it/s]
 75%|███████▍  | 2398/3213 [08:30<02:50,  4.77it/s]
 75%|███████▍  | 2399/3213 [08:30<02:53,  4.70it/s]
 75%|███████▍  | 2400/3213 [08:30<02:40,  5.05it/s]
                                                   
{'loss': 0.0044, 'grad_norm': 0.02038039080798626, 'learning_rate': 5.06691565515095e-06, 'epoch': 2.24}

 75%|███████▍  | 2400/3213 [08:30<02:40,  5.05it/s]
 75%|███████▍  | 2401/3213 [08:31<02:53,  4.69it/s]
 75%|███████▍  | 2402/3213 [08:31<02:52,  4.69it/s]
 75%|███████▍  | 2403/3213 [08:31<02:55,  4.61it/s]
 75%|███████▍  | 2404/3213 [08:31<03:06,  4.35it/s]
 75%|███████▍  | 2405/3213 [08:32<03:06,  4.33it/s]
 75%|███████▍  | 2406/3213 [08:32<03:00,  4.47it/s]
 75%|███████▍  | 2407/3213 [08:32<02:54,  4.61it/s]
 75%|███████▍  | 2408/3213 [08:32<02:42,  4.97it/s]
 75%|███████▍  | 2409/3213 [08:32<02:32,  5.28it/s]
 75%|███████▌  | 2410/3213 [08:32<02:32,  5.28it/s]
 75%|███████▌  | 2411/3213 [08:33<02:39,  5.02it/s]
 75%|███████▌  | 2412/3213 [08:33<03:09,  4.23it/s]
 75%|███████▌  | 2413/3213 [08:34<05:45,  2.31it/s]
 75%|███████▌  | 2414/3213 [08:34<05:28,  2.43it/s]
 75%|███████▌  | 2415/3213 [08:35<05:28,  2.43it/s]
 75%|███████▌  | 2416/3213 [08:35<04:26,  2.99it/s]
 75%|███████▌  | 2417/3213 [08:35<03:38,  3.64it/s]
 75%|███████▌  | 2418/3213 [08:35<03:06,  4.26it/s]
 75%|███████▌  | 2419/3213 [08:35<02:52,  4.61it/s]
 75%|███████▌  | 2420/3213 [08:35<02:46,  4.75it/s]
 75%|███████▌  | 2421/3213 [08:36<02:56,  4.50it/s]
 75%|███████▌  | 2422/3213 [08:36<02:46,  4.76it/s]
 75%|███████▌  | 2423/3213 [08:36<02:38,  4.99it/s]
 75%|███████▌  | 2424/3213 [08:36<02:49,  4.64it/s]
 75%|███████▌  | 2425/3213 [08:37<02:48,  4.69it/s]
 76%|███████▌  | 2426/3213 [08:37<02:56,  4.47it/s]
 76%|███████▌  | 2427/3213 [08:37<02:53,  4.54it/s]
 76%|███████▌  | 2428/3213 [08:37<02:44,  4.79it/s]
 76%|███████▌  | 2429/3213 [08:37<02:55,  4.48it/s]
 76%|███████▌  | 2430/3213 [08:38<03:05,  4.23it/s]
 76%|███████▌  | 2431/3213 [08:38<03:08,  4.15it/s]
 76%|███████▌  | 2432/3213 [08:38<03:05,  4.21it/s]
 76%|███████▌  | 2433/3213 [08:39<03:24,  3.80it/s]
 76%|███████▌  | 2434/3213 [08:39<03:14,  4.01it/s]
 76%|███████▌  | 2435/3213 [08:39<03:12,  4.04it/s]
 76%|███████▌  | 2436/3213 [08:39<03:41,  3.52it/s]
 76%|███████▌  | 2437/3213 [08:40<03:34,  3.61it/s]
 76%|███████▌  | 2438/3213 [08:40<03:17,  3.92it/s]
 76%|███████▌  | 2439/3213 [08:40<02:56,  4.38it/s]
 76%|███████▌  | 2440/3213 [08:40<02:55,  4.40it/s]
 76%|███████▌  | 2441/3213 [08:40<02:41,  4.77it/s]
 76%|███████▌  | 2442/3213 [08:41<02:31,  5.10it/s]
 76%|███████▌  | 2443/3213 [08:41<02:30,  5.13it/s]
 76%|███████▌  | 2444/3213 [08:41<02:39,  4.84it/s]
 76%|███████▌  | 2445/3213 [08:41<02:24,  5.33it/s]
 76%|███████▌  | 2446/3213 [08:41<02:40,  4.77it/s]
 76%|███████▌  | 2447/3213 [08:42<02:46,  4.59it/s]
 76%|███████▌  | 2448/3213 [08:42<02:56,  4.34it/s]
 76%|███████▌  | 2449/3213 [08:42<03:13,  3.95it/s]
 76%|███████▋  | 2450/3213 [08:43<03:36,  3.53it/s]
                                                   
{'loss': 0.007, 'grad_norm': 0.26449331641197205, 'learning_rate': 4.7556800497976975e-06, 'epoch': 2.29}

 76%|███████▋  | 2450/3213 [08:43<03:36,  3.53it/s]
 76%|███████▋  | 2451/3213 [08:43<03:10,  3.99it/s]
 76%|███████▋  | 2452/3213 [08:43<03:01,  4.19it/s]
 76%|███████▋  | 2453/3213 [08:43<02:51,  4.42it/s]
 76%|███████▋  | 2454/3213 [08:43<02:37,  4.81it/s]
 76%|███████▋  | 2455/3213 [08:43<02:22,  5.31it/s]
 76%|███████▋  | 2456/3213 [08:44<04:27,  2.83it/s]
 76%|███████▋  | 2457/3213 [08:44<03:48,  3.32it/s]
 77%|███████▋  | 2458/3213 [08:45<03:20,  3.76it/s]
 77%|███████▋  | 2459/3213 [08:45<02:59,  4.21it/s]
 77%|███████▋  | 2460/3213 [08:45<02:49,  4.45it/s]
 77%|███████▋  | 2461/3213 [08:45<02:51,  4.38it/s]
 77%|███████▋  | 2462/3213 [08:45<02:46,  4.52it/s]
 77%|███████▋  | 2463/3213 [08:46<02:55,  4.27it/s]
 77%|███████▋  | 2464/3213 [08:46<02:54,  4.29it/s]
 77%|███████▋  | 2465/3213 [08:46<02:49,  4.42it/s]
 77%|███████▋  | 2466/3213 [08:46<02:40,  4.66it/s]
 77%|███████▋  | 2467/3213 [08:46<02:31,  4.92it/s]
 77%|███████▋  | 2468/3213 [08:47<02:26,  5.09it/s]
 77%|███████▋  | 2469/3213 [08:47<02:22,  5.21it/s]
 77%|███████▋  | 2470/3213 [08:47<02:19,  5.34it/s]
 77%|███████▋  | 2471/3213 [08:47<02:21,  5.26it/s]
 77%|███████▋  | 2472/3213 [08:47<02:14,  5.52it/s]
 77%|███████▋  | 2473/3213 [08:47<02:18,  5.36it/s]
 77%|███████▋  | 2474/3213 [08:48<02:12,  5.56it/s]
 77%|███████▋  | 2475/3213 [08:48<02:20,  5.24it/s]
 77%|███████▋  | 2476/3213 [08:48<02:30,  4.90it/s]
 77%|███████▋  | 2477/3213 [08:48<02:36,  4.69it/s]
 77%|███████▋  | 2478/3213 [08:49<02:30,  4.87it/s]
 77%|███████▋  | 2479/3213 [08:49<02:23,  5.13it/s]
 77%|███████▋  | 2480/3213 [08:49<02:20,  5.21it/s]
 77%|███████▋  | 2481/3213 [08:49<02:21,  5.18it/s]
 77%|███████▋  | 2482/3213 [08:49<02:16,  5.37it/s]
 77%|███████▋  | 2483/3213 [08:49<02:12,  5.50it/s]
 77%|███████▋  | 2484/3213 [08:50<02:18,  5.27it/s]
 77%|███████▋  | 2485/3213 [08:50<02:08,  5.67it/s]
 77%|███████▋  | 2486/3213 [08:50<02:09,  5.61it/s]
 77%|███████▋  | 2487/3213 [08:50<02:23,  5.04it/s]
 77%|███████▋  | 2488/3213 [08:50<02:47,  4.33it/s]
 77%|███████▋  | 2489/3213 [08:51<02:44,  4.39it/s]
 77%|███████▋  | 2490/3213 [08:51<02:56,  4.09it/s]
 78%|███████▊  | 2491/3213 [08:51<03:08,  3.84it/s]
 78%|███████▊  | 2492/3213 [08:51<02:48,  4.28it/s]
 78%|███████▊  | 2493/3213 [08:52<02:31,  4.75it/s]
 78%|███████▊  | 2494/3213 [08:52<02:19,  5.17it/s]
 78%|███████▊  | 2495/3213 [08:52<02:15,  5.31it/s]
 78%|███████▊  | 2496/3213 [08:52<02:09,  5.54it/s]
 78%|███████▊  | 2497/3213 [08:52<02:30,  4.77it/s]
 78%|███████▊  | 2498/3213 [08:53<03:03,  3.91it/s]
 78%|███████▊  | 2499/3213 [08:53<02:45,  4.31it/s]
 78%|███████▊  | 2500/3213 [08:53<02:34,  4.60it/s]
                                                   
{'loss': 0.0071, 'grad_norm': 0.025617456063628197, 'learning_rate': 4.444444444444444e-06, 'epoch': 2.33}

 78%|███████▊  | 2500/3213 [08:53<02:34,  4.60it/s]
 78%|███████▊  | 2501/3213 [08:53<02:25,  4.91it/s]
 78%|███████▊  | 2502/3213 [08:53<02:15,  5.27it/s]
 78%|███████▊  | 2503/3213 [08:54<02:23,  4.95it/s]
 78%|███████▊  | 2504/3213 [08:54<02:30,  4.70it/s]
 78%|███████▊  | 2505/3213 [08:54<02:25,  4.86it/s]
 78%|███████▊  | 2506/3213 [08:54<02:14,  5.27it/s]
 78%|███████▊  | 2507/3213 [08:54<02:11,  5.37it/s]
 78%|███████▊  | 2508/3213 [08:55<02:04,  5.66it/s]
 78%|███████▊  | 2509/3213 [08:55<02:05,  5.61it/s]
 78%|███████▊  | 2510/3213 [08:55<01:58,  5.94it/s]
 78%|███████▊  | 2511/3213 [08:55<02:04,  5.62it/s]
 78%|███████▊  | 2512/3213 [08:55<01:59,  5.88it/s]
 78%|███████▊  | 2513/3213 [08:55<01:55,  6.05it/s]
 78%|███████▊  | 2514/3213 [08:56<02:08,  5.42it/s]
 78%|███████▊  | 2515/3213 [08:56<02:10,  5.36it/s]
 78%|███████▊  | 2516/3213 [08:56<02:14,  5.19it/s]
 78%|███████▊  | 2517/3213 [08:56<02:35,  4.48it/s]
 78%|███████▊  | 2518/3213 [08:57<02:43,  4.25it/s]
 78%|███████▊  | 2519/3213 [08:57<02:40,  4.33it/s]
 78%|███████▊  | 2520/3213 [08:57<02:36,  4.42it/s]
 78%|███████▊  | 2521/3213 [08:57<02:38,  4.37it/s]
 78%|███████▊  | 2522/3213 [08:57<02:25,  4.76it/s]
 79%|███████▊  | 2523/3213 [08:58<02:15,  5.10it/s]
 79%|███████▊  | 2524/3213 [08:58<02:16,  5.06it/s]
 79%|███████▊  | 2525/3213 [08:58<02:14,  5.13it/s]
 79%|███████▊  | 2526/3213 [08:58<02:08,  5.34it/s]
 79%|███████▊  | 2527/3213 [08:58<02:10,  5.25it/s]
 79%|███████▊  | 2528/3213 [08:59<02:08,  5.32it/s]
 79%|███████▊  | 2529/3213 [08:59<02:08,  5.33it/s]
 79%|███████▊  | 2530/3213 [08:59<02:10,  5.22it/s]
 79%|███████▉  | 2531/3213 [08:59<02:06,  5.40it/s]
 79%|███████▉  | 2532/3213 [08:59<02:15,  5.03it/s]
 79%|███████▉  | 2533/3213 [09:00<02:08,  5.28it/s]
 79%|███████▉  | 2534/3213 [09:00<02:14,  5.05it/s]
 79%|███████▉  | 2535/3213 [09:00<02:30,  4.51it/s]
 79%|███████▉  | 2536/3213 [09:00<02:21,  4.77it/s]
 79%|███████▉  | 2537/3213 [09:00<02:12,  5.11it/s]
 79%|███████▉  | 2538/3213 [09:01<02:04,  5.42it/s]
 79%|███████▉  | 2539/3213 [09:01<01:59,  5.64it/s]
 79%|███████▉  | 2540/3213 [09:01<02:20,  4.78it/s]
 79%|███████▉  | 2541/3213 [09:01<02:18,  4.85it/s]
 79%|███████▉  | 2542/3213 [09:01<02:36,  4.29it/s]
 79%|███████▉  | 2543/3213 [09:02<02:17,  4.89it/s]
 79%|███████▉  | 2544/3213 [09:02<02:09,  5.17it/s]
 79%|███████▉  | 2545/3213 [09:02<02:03,  5.42it/s]
 79%|███████▉  | 2546/3213 [09:02<01:55,  5.79it/s]
 79%|███████▉  | 2547/3213 [09:02<01:51,  5.99it/s]
 79%|███████▉  | 2548/3213 [09:02<01:55,  5.76it/s]
 79%|███████▉  | 2549/3213 [09:03<01:48,  6.13it/s]
 79%|███████▉  | 2550/3213 [09:03<01:45,  6.31it/s]
                                                   
{'loss': 0.0058, 'grad_norm': 0.14947634935379028, 'learning_rate': 4.1332088390911925e-06, 'epoch': 2.38}

 79%|███████▉  | 2550/3213 [09:03<01:45,  6.31it/s]
 79%|███████▉  | 2551/3213 [09:03<01:50,  5.99it/s]
 79%|███████▉  | 2552/3213 [09:03<01:51,  5.91it/s]
 79%|███████▉  | 2553/3213 [09:03<01:46,  6.21it/s]
 79%|███████▉  | 2554/3213 [09:03<01:50,  5.98it/s]
 80%|███████▉  | 2555/3213 [09:04<01:50,  5.96it/s]
 80%|███████▉  | 2556/3213 [09:04<01:47,  6.12it/s]
 80%|███████▉  | 2557/3213 [09:04<01:50,  5.92it/s]
 80%|███████▉  | 2558/3213 [09:04<01:45,  6.21it/s]
 80%|███████▉  | 2559/3213 [09:04<01:45,  6.22it/s]
 80%|███████▉  | 2560/3213 [09:04<01:45,  6.17it/s]
 80%|███████▉  | 2561/3213 [09:04<01:44,  6.26it/s]
 80%|███████▉  | 2562/3213 [09:05<01:44,  6.24it/s]
 80%|███████▉  | 2563/3213 [09:05<01:42,  6.36it/s]
 80%|███████▉  | 2564/3213 [09:05<01:39,  6.49it/s]
 80%|███████▉  | 2565/3213 [09:05<01:40,  6.44it/s]
 80%|███████▉  | 2566/3213 [09:05<01:47,  6.02it/s]
 80%|███████▉  | 2567/3213 [09:05<01:45,  6.10it/s]
 80%|███████▉  | 2568/3213 [09:06<01:45,  6.12it/s]
 80%|███████▉  | 2569/3213 [09:06<01:47,  6.00it/s]
 80%|███████▉  | 2570/3213 [09:06<01:39,  6.49it/s]
 80%|████████  | 2571/3213 [09:06<01:39,  6.44it/s]
 80%|████████  | 2572/3213 [09:06<01:37,  6.59it/s]
 80%|████████  | 2573/3213 [09:06<01:42,  6.25it/s]
 80%|████████  | 2574/3213 [09:07<02:10,  4.91it/s]
 80%|████████  | 2575/3213 [09:07<01:53,  5.65it/s]
 80%|████████  | 2576/3213 [09:07<01:47,  5.94it/s]
 80%|████████  | 2577/3213 [09:07<01:42,  6.21it/s]
 80%|████████  | 2578/3213 [09:07<01:46,  5.96it/s]
 80%|████████  | 2579/3213 [09:08<02:06,  5.01it/s]
 80%|████████  | 2580/3213 [09:08<02:00,  5.25it/s]
 80%|████████  | 2581/3213 [09:08<01:45,  6.01it/s]
 80%|████████  | 2582/3213 [09:08<01:37,  6.48it/s]
 80%|████████  | 2583/3213 [09:08<01:34,  6.68it/s]
 80%|████████  | 2584/3213 [09:08<01:31,  6.87it/s]
 80%|████████  | 2585/3213 [09:08<01:28,  7.06it/s]
 80%|████████  | 2586/3213 [09:09<01:29,  7.02it/s]
 81%|████████  | 2587/3213 [09:09<01:35,  6.58it/s]
 81%|████████  | 2588/3213 [09:09<01:37,  6.43it/s]
 81%|████████  | 2589/3213 [09:09<01:36,  6.45it/s]
 81%|████████  | 2590/3213 [09:09<01:34,  6.58it/s]
 81%|████████  | 2591/3213 [09:09<01:32,  6.71it/s]
 81%|████████  | 2592/3213 [09:09<01:33,  6.63it/s]
 81%|████████  | 2593/3213 [09:10<01:29,  6.92it/s]
 81%|████████  | 2594/3213 [09:10<01:24,  7.36it/s]
 81%|████████  | 2595/3213 [09:10<01:22,  7.52it/s]
 81%|████████  | 2596/3213 [09:10<01:20,  7.64it/s]
 81%|████████  | 2597/3213 [09:10<01:26,  7.16it/s]
 81%|████████  | 2598/3213 [09:10<01:24,  7.31it/s]
 81%|████████  | 2599/3213 [09:10<01:24,  7.29it/s]
 81%|████████  | 2600/3213 [09:11<01:25,  7.18it/s]
                                                   
{'loss': 0.0035, 'grad_norm': 0.09112565964460373, 'learning_rate': 3.82197323373794e-06, 'epoch': 2.43}

 81%|████████  | 2600/3213 [09:11<01:25,  7.18it/s]
 81%|████████  | 2601/3213 [09:11<01:25,  7.16it/s]
 81%|████████  | 2602/3213 [09:11<01:36,  6.33it/s]
 81%|████████  | 2603/3213 [09:11<01:31,  6.64it/s]
 81%|████████  | 2604/3213 [09:11<01:32,  6.55it/s]
 81%|████████  | 2605/3213 [09:11<01:31,  6.61it/s]
 81%|████████  | 2606/3213 [09:12<01:38,  6.17it/s]
 81%|████████  | 2607/3213 [09:12<01:31,  6.61it/s]
 81%|████████  | 2608/3213 [09:12<01:26,  6.97it/s]
 81%|████████  | 2609/3213 [09:12<01:23,  7.19it/s]
 81%|████████  | 2610/3213 [09:12<01:21,  7.37it/s]
 81%|████████▏ | 2611/3213 [09:12<01:27,  6.91it/s]
 81%|████████▏ | 2612/3213 [09:12<01:27,  6.87it/s]
 81%|████████▏ | 2613/3213 [09:12<01:27,  6.85it/s]
 81%|████████▏ | 2614/3213 [09:13<01:28,  6.78it/s]
 81%|████████▏ | 2615/3213 [09:13<01:30,  6.61it/s]
 81%|████████▏ | 2616/3213 [09:13<01:36,  6.18it/s]
 81%|████████▏ | 2617/3213 [09:13<01:33,  6.40it/s]
 81%|████████▏ | 2618/3213 [09:13<01:37,  6.12it/s]
 82%|████████▏ | 2619/3213 [09:13<01:37,  6.11it/s]
 82%|████████▏ | 2620/3213 [09:14<01:32,  6.38it/s]
 82%|████████▏ | 2621/3213 [09:14<01:38,  6.03it/s]
 82%|████████▏ | 2622/3213 [09:14<01:35,  6.22it/s]
 82%|████████▏ | 2623/3213 [09:14<01:30,  6.53it/s]
 82%|████████▏ | 2624/3213 [09:14<01:35,  6.18it/s]
 82%|████████▏ | 2625/3213 [09:14<01:45,  5.56it/s]
 82%|████████▏ | 2626/3213 [09:15<01:41,  5.80it/s]
 82%|████████▏ | 2627/3213 [09:15<01:33,  6.24it/s]
 82%|████████▏ | 2628/3213 [09:15<01:36,  6.06it/s]
 82%|████████▏ | 2629/3213 [09:15<01:39,  5.88it/s]
 82%|████████▏ | 2630/3213 [09:15<01:48,  5.38it/s]
 82%|████████▏ | 2631/3213 [09:16<01:52,  5.15it/s]
 82%|████████▏ | 2632/3213 [09:16<01:51,  5.19it/s]
 82%|████████▏ | 2633/3213 [09:16<01:49,  5.28it/s]
 82%|████████▏ | 2634/3213 [09:16<02:01,  4.78it/s]
 82%|████████▏ | 2635/3213 [09:16<01:48,  5.33it/s]
 82%|████████▏ | 2636/3213 [09:17<01:53,  5.07it/s]
 82%|████████▏ | 2637/3213 [09:17<01:52,  5.13it/s]
 82%|████████▏ | 2638/3213 [09:17<01:48,  5.31it/s]
 82%|████████▏ | 2639/3213 [09:17<01:38,  5.83it/s]
 82%|████████▏ | 2640/3213 [09:17<01:42,  5.59it/s]
 82%|████████▏ | 2641/3213 [09:17<01:36,  5.95it/s]
 82%|████████▏ | 2642/3213 [09:18<01:38,  5.79it/s]
 82%|████████▏ | 2643/3213 [09:18<01:39,  5.70it/s]
 82%|████████▏ | 2644/3213 [09:18<01:37,  5.86it/s]
 82%|████████▏ | 2645/3213 [09:18<01:32,  6.17it/s]
 82%|████████▏ | 2646/3213 [09:18<01:30,  6.30it/s]
 82%|████████▏ | 2647/3213 [09:18<01:32,  6.14it/s]
 82%|████████▏ | 2648/3213 [09:18<01:25,  6.57it/s]
 82%|████████▏ | 2649/3213 [09:19<01:23,  6.73it/s]
 82%|████████▏ | 2650/3213 [09:19<01:35,  5.90it/s]
                                                   
{'loss': 0.0046, 'grad_norm': 0.41906610131263733, 'learning_rate': 3.510737628384687e-06, 'epoch': 2.47}

 82%|████████▏ | 2650/3213 [09:19<01:35,  5.90it/s]
 83%|████████▎ | 2651/3213 [09:19<01:38,  5.72it/s]
 83%|████████▎ | 2652/3213 [09:19<01:29,  6.29it/s]
 83%|████████▎ | 2653/3213 [09:19<01:26,  6.50it/s]
 83%|████████▎ | 2654/3213 [09:20<01:34,  5.88it/s]
 83%|████████▎ | 2655/3213 [09:20<01:33,  5.95it/s]
 83%|████████▎ | 2656/3213 [09:20<01:29,  6.19it/s]
 83%|████████▎ | 2657/3213 [09:20<01:34,  5.91it/s]
 83%|████████▎ | 2658/3213 [09:20<01:46,  5.22it/s]
 83%|████████▎ | 2659/3213 [09:20<01:54,  4.85it/s]
 83%|████████▎ | 2660/3213 [09:21<01:43,  5.34it/s]
 83%|████████▎ | 2661/3213 [09:21<01:34,  5.83it/s]
 83%|████████▎ | 2662/3213 [09:21<01:33,  5.87it/s]
 83%|████████▎ | 2663/3213 [09:21<01:28,  6.23it/s]
 83%|████████▎ | 2664/3213 [09:21<01:32,  5.92it/s]
 83%|████████▎ | 2665/3213 [09:21<01:44,  5.26it/s]
 83%|████████▎ | 2666/3213 [09:22<01:38,  5.54it/s]
 83%|████████▎ | 2667/3213 [09:22<01:45,  5.18it/s]
 83%|████████▎ | 2668/3213 [09:22<01:45,  5.18it/s]
 83%|████████▎ | 2669/3213 [09:22<01:32,  5.88it/s]
 83%|████████▎ | 2670/3213 [09:22<01:38,  5.52it/s]
 83%|████████▎ | 2671/3213 [09:23<01:34,  5.75it/s]
 83%|████████▎ | 2672/3213 [09:23<01:31,  5.89it/s]
 83%|████████▎ | 2673/3213 [09:23<01:27,  6.16it/s]
 83%|████████▎ | 2674/3213 [09:23<01:26,  6.20it/s]
 83%|████████▎ | 2675/3213 [09:23<01:32,  5.83it/s]
 83%|████████▎ | 2676/3213 [09:23<01:34,  5.67it/s]
 83%|████████▎ | 2677/3213 [09:24<01:40,  5.33it/s]
 83%|████████▎ | 2678/3213 [09:24<01:54,  4.68it/s]
 83%|████████▎ | 2679/3213 [09:24<01:43,  5.14it/s]
 83%|████████▎ | 2680/3213 [09:24<01:44,  5.09it/s]
 83%|████████▎ | 2681/3213 [09:24<01:40,  5.27it/s]
 83%|████████▎ | 2682/3213 [09:25<01:39,  5.32it/s]
 84%|████████▎ | 2683/3213 [09:25<01:34,  5.61it/s]
 84%|████████▎ | 2684/3213 [09:25<01:29,  5.93it/s]
 84%|████████▎ | 2685/3213 [09:25<01:26,  6.09it/s]
 84%|████████▎ | 2686/3213 [09:25<01:29,  5.86it/s]
 84%|████████▎ | 2687/3213 [09:25<01:29,  5.88it/s]
 84%|████████▎ | 2688/3213 [09:26<01:30,  5.80it/s]
 84%|████████▎ | 2689/3213 [09:26<01:32,  5.64it/s]
 84%|████████▎ | 2690/3213 [09:26<01:29,  5.85it/s]
 84%|████████▍ | 2691/3213 [09:26<01:26,  6.02it/s]
 84%|████████▍ | 2692/3213 [09:26<01:26,  6.06it/s]
 84%|████████▍ | 2693/3213 [09:26<01:23,  6.22it/s]
 84%|████████▍ | 2694/3213 [09:27<01:26,  6.01it/s]
 84%|████████▍ | 2695/3213 [09:27<01:45,  4.90it/s]
 84%|████████▍ | 2696/3213 [09:27<01:39,  5.21it/s]
 84%|████████▍ | 2697/3213 [09:27<01:51,  4.63it/s]
 84%|████████▍ | 2698/3213 [09:27<01:42,  5.01it/s]
 84%|████████▍ | 2699/3213 [09:28<01:38,  5.21it/s]
 84%|████████▍ | 2700/3213 [09:28<01:32,  5.57it/s]
                                                   
{'loss': 0.0048, 'grad_norm': 0.03190337121486664, 'learning_rate': 3.199502023031435e-06, 'epoch': 2.52}

 84%|████████▍ | 2700/3213 [09:28<01:32,  5.57it/s]
 84%|████████▍ | 2701/3213 [09:28<01:52,  4.54it/s]
 84%|████████▍ | 2702/3213 [09:28<01:52,  4.55it/s]
 84%|████████▍ | 2703/3213 [09:28<01:42,  4.98it/s]
 84%|████████▍ | 2704/3213 [09:29<01:45,  4.84it/s]
 84%|████████▍ | 2705/3213 [09:29<01:35,  5.31it/s]
 84%|████████▍ | 2706/3213 [09:29<01:35,  5.28it/s]
 84%|████████▍ | 2707/3213 [09:29<01:33,  5.42it/s]
 84%|████████▍ | 2708/3213 [09:29<01:29,  5.63it/s]
 84%|████████▍ | 2709/3213 [09:30<01:30,  5.55it/s]
 84%|████████▍ | 2710/3213 [09:30<01:37,  5.16it/s]
 84%|████████▍ | 2711/3213 [09:30<01:25,  5.88it/s]
 84%|████████▍ | 2712/3213 [09:30<01:30,  5.55it/s]
 84%|████████▍ | 2713/3213 [09:30<01:26,  5.75it/s]
 84%|████████▍ | 2714/3213 [09:30<01:24,  5.88it/s]
 85%|████████▍ | 2715/3213 [09:31<01:22,  6.03it/s]
 85%|████████▍ | 2716/3213 [09:31<01:23,  5.95it/s]
 85%|████████▍ | 2717/3213 [09:31<01:24,  5.89it/s]
 85%|████████▍ | 2718/3213 [09:31<01:20,  6.17it/s]
 85%|████████▍ | 2719/3213 [09:31<01:21,  6.07it/s]
 85%|████████▍ | 2720/3213 [09:31<01:20,  6.10it/s]
 85%|████████▍ | 2721/3213 [09:32<01:21,  6.05it/s]
 85%|████████▍ | 2722/3213 [09:32<01:27,  5.59it/s]
 85%|████████▍ | 2723/3213 [09:32<01:30,  5.44it/s]
 85%|████████▍ | 2724/3213 [09:32<01:33,  5.22it/s]
 85%|████████▍ | 2725/3213 [09:32<01:31,  5.33it/s]
 85%|████████▍ | 2726/3213 [09:33<01:29,  5.42it/s]
 85%|████████▍ | 2727/3213 [09:33<01:28,  5.47it/s]
 85%|████████▍ | 2728/3213 [09:33<01:28,  5.48it/s]
 85%|████████▍ | 2729/3213 [09:33<01:27,  5.56it/s]
 85%|████████▍ | 2730/3213 [09:33<01:31,  5.28it/s]
 85%|████████▍ | 2731/3213 [09:33<01:33,  5.16it/s]
 85%|████████▌ | 2732/3213 [09:34<01:30,  5.32it/s]
 85%|████████▌ | 2733/3213 [09:34<01:29,  5.35it/s]
 85%|████████▌ | 2734/3213 [09:34<01:33,  5.12it/s]
 85%|████████▌ | 2735/3213 [09:34<01:33,  5.09it/s]
 85%|████████▌ | 2736/3213 [09:34<01:26,  5.49it/s]
 85%|████████▌ | 2737/3213 [09:35<01:25,  5.57it/s]
 85%|████████▌ | 2738/3213 [09:35<01:23,  5.72it/s]
 85%|████████▌ | 2739/3213 [09:35<01:19,  5.97it/s]
 85%|████████▌ | 2740/3213 [09:35<01:20,  5.85it/s]
 85%|████████▌ | 2741/3213 [09:35<01:23,  5.66it/s]
 85%|████████▌ | 2742/3213 [09:35<01:26,  5.43it/s]
 85%|████████▌ | 2743/3213 [09:36<01:46,  4.40it/s]
 85%|████████▌ | 2744/3213 [09:36<01:49,  4.30it/s]
 85%|████████▌ | 2745/3213 [09:36<01:58,  3.94it/s]
 85%|████████▌ | 2746/3213 [09:36<01:40,  4.67it/s]
 85%|████████▌ | 2747/3213 [09:37<01:35,  4.89it/s]
 86%|████████▌ | 2748/3213 [09:37<01:26,  5.40it/s]
 86%|████████▌ | 2749/3213 [09:37<01:23,  5.59it/s]
 86%|████████▌ | 2750/3213 [09:37<01:19,  5.82it/s]
                                                   
{'loss': 0.0053, 'grad_norm': 0.006346814334392548, 'learning_rate': 2.888266417678183e-06, 'epoch': 2.57}

 86%|████████▌ | 2750/3213 [09:37<01:19,  5.82it/s]
 86%|████████▌ | 2751/3213 [09:37<01:30,  5.08it/s]
 86%|████████▌ | 2752/3213 [09:38<01:28,  5.19it/s]
 86%|████████▌ | 2753/3213 [09:38<01:28,  5.23it/s]
 86%|████████▌ | 2754/3213 [09:38<01:18,  5.87it/s]
 86%|████████▌ | 2755/3213 [09:38<01:16,  5.97it/s]
 86%|████████▌ | 2756/3213 [09:38<01:12,  6.29it/s]
 86%|████████▌ | 2757/3213 [09:38<01:12,  6.29it/s]
 86%|████████▌ | 2758/3213 [09:38<01:10,  6.47it/s]
 86%|████████▌ | 2759/3213 [09:39<01:14,  6.12it/s]
 86%|████████▌ | 2760/3213 [09:39<01:12,  6.29it/s]
 86%|████████▌ | 2761/3213 [09:39<01:12,  6.26it/s]
 86%|████████▌ | 2762/3213 [09:39<01:13,  6.17it/s]
 86%|████████▌ | 2763/3213 [09:39<01:23,  5.40it/s]
 86%|████████▌ | 2764/3213 [09:40<01:28,  5.05it/s]
 86%|████████▌ | 2765/3213 [09:40<01:25,  5.24it/s]
 86%|████████▌ | 2766/3213 [09:40<01:25,  5.24it/s]
 86%|████████▌ | 2767/3213 [09:40<01:17,  5.73it/s]
 86%|████████▌ | 2768/3213 [09:40<01:17,  5.76it/s]
 86%|████████▌ | 2769/3213 [09:40<01:23,  5.33it/s]
 86%|████████▌ | 2770/3213 [09:41<01:15,  5.85it/s]
 86%|████████▌ | 2771/3213 [09:41<01:22,  5.38it/s]
 86%|████████▋ | 2772/3213 [09:41<01:24,  5.22it/s]
 86%|████████▋ | 2773/3213 [09:41<01:29,  4.94it/s]
 86%|████████▋ | 2774/3213 [09:41<01:32,  4.77it/s]
 86%|████████▋ | 2775/3213 [09:42<01:27,  5.02it/s]
 86%|████████▋ | 2776/3213 [09:42<01:27,  4.98it/s]
 86%|████████▋ | 2777/3213 [09:42<01:31,  4.77it/s]
 86%|████████▋ | 2778/3213 [09:42<01:38,  4.42it/s]
 86%|████████▋ | 2779/3213 [09:43<01:41,  4.28it/s]
 87%|████████▋ | 2780/3213 [09:43<01:38,  4.42it/s]
 87%|████████▋ | 2781/3213 [09:43<01:31,  4.70it/s]
 87%|████████▋ | 2782/3213 [09:43<01:24,  5.09it/s]
 87%|████████▋ | 2783/3213 [09:43<01:21,  5.30it/s]
 87%|████████▋ | 2784/3213 [09:43<01:16,  5.63it/s]
 87%|████████▋ | 2785/3213 [09:44<01:21,  5.28it/s]
 87%|████████▋ | 2786/3213 [09:44<01:21,  5.25it/s]
 87%|████████▋ | 2787/3213 [09:44<01:38,  4.34it/s]
 87%|████████▋ | 2788/3213 [09:44<01:37,  4.34it/s]
 87%|████████▋ | 2789/3213 [09:45<01:24,  5.03it/s]
 87%|████████▋ | 2790/3213 [09:45<01:24,  5.00it/s]
 87%|████████▋ | 2791/3213 [09:45<01:15,  5.56it/s]
 87%|████████▋ | 2792/3213 [09:45<01:11,  5.86it/s]
 87%|████████▋ | 2793/3213 [09:45<01:18,  5.35it/s]
 87%|████████▋ | 2794/3213 [09:45<01:20,  5.19it/s]
 87%|████████▋ | 2795/3213 [09:46<01:28,  4.74it/s]
 87%|████████▋ | 2796/3213 [09:46<01:21,  5.12it/s]
 87%|████████▋ | 2797/3213 [09:46<01:13,  5.70it/s]
 87%|████████▋ | 2798/3213 [09:46<01:08,  6.05it/s]
 87%|████████▋ | 2799/3213 [09:46<01:05,  6.31it/s]
 87%|████████▋ | 2800/3213 [09:46<01:05,  6.35it/s]
                                                   
{'loss': 0.0037, 'grad_norm': 0.2643536627292633, 'learning_rate': 2.57703081232493e-06, 'epoch': 2.61}

 87%|████████▋ | 2800/3213 [09:47<01:05,  6.35it/s]
 87%|████████▋ | 2801/3213 [09:47<01:03,  6.44it/s]
 87%|████████▋ | 2802/3213 [09:47<01:04,  6.41it/s]
 87%|████████▋ | 2803/3213 [09:47<01:02,  6.55it/s]
 87%|████████▋ | 2804/3213 [09:47<01:07,  6.06it/s]
 87%|████████▋ | 2805/3213 [09:47<01:16,  5.37it/s]
 87%|████████▋ | 2806/3213 [09:48<01:14,  5.46it/s]
 87%|████████▋ | 2807/3213 [09:48<01:14,  5.43it/s]
 87%|████████▋ | 2808/3213 [09:48<01:12,  5.58it/s]
 87%|████████▋ | 2809/3213 [09:48<01:08,  5.86it/s]
 87%|████████▋ | 2810/3213 [09:48<01:06,  6.03it/s]
 87%|████████▋ | 2811/3213 [09:48<01:03,  6.36it/s]
 88%|████████▊ | 2812/3213 [09:48<01:01,  6.51it/s]
 88%|████████▊ | 2813/3213 [09:49<00:58,  6.83it/s]
 88%|████████▊ | 2814/3213 [09:49<01:01,  6.46it/s]
 88%|████████▊ | 2815/3213 [09:49<01:00,  6.55it/s]
 88%|████████▊ | 2816/3213 [09:49<01:05,  6.03it/s]
 88%|████████▊ | 2817/3213 [09:49<01:03,  6.20it/s]
 88%|████████▊ | 2818/3213 [09:49<01:04,  6.11it/s]
 88%|████████▊ | 2819/3213 [09:50<01:10,  5.58it/s]
 88%|████████▊ | 2820/3213 [09:50<01:24,  4.66it/s]
 88%|████████▊ | 2821/3213 [09:50<01:23,  4.70it/s]
 88%|████████▊ | 2822/3213 [09:50<01:21,  4.83it/s]
 88%|████████▊ | 2823/3213 [09:51<01:16,  5.13it/s]
 88%|████████▊ | 2824/3213 [09:51<01:15,  5.16it/s]
 88%|████████▊ | 2825/3213 [09:51<01:10,  5.49it/s]
 88%|████████▊ | 2826/3213 [09:51<01:06,  5.86it/s]
 88%|████████▊ | 2827/3213 [09:51<01:11,  5.42it/s]
 88%|████████▊ | 2828/3213 [09:51<01:19,  4.84it/s]
 88%|████████▊ | 2829/3213 [09:52<01:15,  5.11it/s]
 88%|████████▊ | 2830/3213 [09:52<01:19,  4.79it/s]
 88%|████████▊ | 2831/3213 [09:52<01:32,  4.12it/s]
 88%|████████▊ | 2832/3213 [09:52<01:30,  4.23it/s]
 88%|████████▊ | 2833/3213 [09:53<01:33,  4.08it/s]
 88%|████████▊ | 2834/3213 [09:53<01:38,  3.86it/s]
 88%|████████▊ | 2835/3213 [09:53<01:39,  3.81it/s]
 88%|████████▊ | 2836/3213 [09:53<01:32,  4.09it/s]
 88%|████████▊ | 2837/3213 [09:54<01:40,  3.74it/s]
 88%|████████▊ | 2838/3213 [09:54<01:26,  4.33it/s]
 88%|████████▊ | 2839/3213 [09:54<01:16,  4.90it/s]
 88%|████████▊ | 2840/3213 [09:54<01:14,  5.00it/s]
 88%|████████▊ | 2841/3213 [09:55<01:33,  4.00it/s]
 88%|████████▊ | 2842/3213 [09:55<01:29,  4.13it/s]
 88%|████████▊ | 2843/3213 [09:55<01:24,  4.39it/s]
 89%|████████▊ | 2844/3213 [09:55<01:16,  4.83it/s]
 89%|████████▊ | 2845/3213 [09:55<01:12,  5.08it/s]
 89%|████████▊ | 2846/3213 [09:56<01:07,  5.40it/s]
 89%|████████▊ | 2847/3213 [09:56<01:07,  5.38it/s]
 89%|████████▊ | 2848/3213 [09:56<01:14,  4.91it/s]
 89%|████████▊ | 2849/3213 [09:56<01:12,  5.01it/s]
 89%|████████▊ | 2850/3213 [09:56<01:10,  5.16it/s]
                                                   
{'loss': 0.0052, 'grad_norm': 0.04115564003586769, 'learning_rate': 2.265795206971678e-06, 'epoch': 2.66}

 89%|████████▊ | 2850/3213 [09:56<01:10,  5.16it/s]
 89%|████████▊ | 2851/3213 [09:57<01:05,  5.49it/s]
 89%|████████▉ | 2852/3213 [09:57<01:13,  4.93it/s]
 89%|████████▉ | 2853/3213 [09:57<01:17,  4.65it/s]
 89%|████████▉ | 2854/3213 [09:57<01:12,  4.94it/s]
 89%|████████▉ | 2855/3213 [09:57<01:08,  5.22it/s]
 89%|████████▉ | 2856/3213 [09:58<01:05,  5.44it/s]
 89%|████████▉ | 2857/3213 [09:58<01:13,  4.85it/s]
 89%|████████▉ | 2858/3213 [09:58<01:06,  5.31it/s]
 89%|████████▉ | 2859/3213 [09:58<01:04,  5.45it/s]
 89%|████████▉ | 2860/3213 [09:58<01:02,  5.65it/s]
 89%|████████▉ | 2861/3213 [09:58<01:02,  5.64it/s]
 89%|████████▉ | 2862/3213 [09:59<01:02,  5.58it/s]
 89%|████████▉ | 2863/3213 [09:59<01:02,  5.57it/s]
 89%|████████▉ | 2864/3213 [09:59<01:00,  5.76it/s]
 89%|████████▉ | 2865/3213 [09:59<01:03,  5.52it/s]
 89%|████████▉ | 2866/3213 [09:59<01:00,  5.76it/s]
 89%|████████▉ | 2867/3213 [09:59<01:01,  5.63it/s]
 89%|████████▉ | 2868/3213 [10:00<00:58,  5.86it/s]
 89%|████████▉ | 2869/3213 [10:00<00:59,  5.81it/s]
 89%|████████▉ | 2870/3213 [10:00<01:03,  5.40it/s]
 89%|████████▉ | 2871/3213 [10:00<01:10,  4.87it/s]
 89%|████████▉ | 2872/3213 [10:01<01:15,  4.51it/s]
 89%|████████▉ | 2873/3213 [10:01<01:17,  4.39it/s]
 89%|████████▉ | 2874/3213 [10:01<01:14,  4.52it/s]
 89%|████████▉ | 2875/3213 [10:01<01:24,  4.02it/s]
 90%|████████▉ | 2876/3213 [10:01<01:14,  4.55it/s]
 90%|████████▉ | 2877/3213 [10:02<01:19,  4.24it/s]
 90%|████████▉ | 2878/3213 [10:02<01:20,  4.17it/s]
 90%|████████▉ | 2879/3213 [10:02<01:16,  4.38it/s]
 90%|████████▉ | 2880/3213 [10:02<01:12,  4.61it/s]
 90%|████████▉ | 2881/3213 [10:03<01:08,  4.82it/s]
 90%|████████▉ | 2882/3213 [10:03<01:18,  4.21it/s]
 90%|████████▉ | 2883/3213 [10:03<01:19,  4.17it/s]
 90%|████████▉ | 2884/3213 [10:03<01:20,  4.10it/s]
 90%|████████▉ | 2885/3213 [10:04<01:18,  4.16it/s]
 90%|████████▉ | 2886/3213 [10:04<01:21,  4.01it/s]
 90%|████████▉ | 2887/3213 [10:04<01:19,  4.12it/s]
 90%|████████▉ | 2888/3213 [10:04<01:19,  4.06it/s]
 90%|████████▉ | 2889/3213 [10:05<01:11,  4.53it/s]
 90%|████████▉ | 2890/3213 [10:05<01:12,  4.45it/s]
 90%|████████▉ | 2891/3213 [10:05<01:06,  4.88it/s]
 90%|█████████ | 2892/3213 [10:05<01:06,  4.80it/s]
 90%|█████████ | 2893/3213 [10:05<01:06,  4.80it/s]
 90%|█████████ | 2894/3213 [10:06<01:16,  4.20it/s]
 90%|█████████ | 2895/3213 [10:06<01:06,  4.78it/s]
 90%|█████████ | 2896/3213 [10:06<00:59,  5.34it/s]
 90%|█████████ | 2897/3213 [10:06<01:06,  4.76it/s]
 90%|█████████ | 2898/3213 [10:06<00:59,  5.32it/s]
 90%|█████████ | 2899/3213 [10:06<00:57,  5.51it/s]
 90%|█████████ | 2900/3213 [10:07<01:00,  5.14it/s]
                                                   
{'loss': 0.0034, 'grad_norm': 0.004094165749847889, 'learning_rate': 1.9545596016184253e-06, 'epoch': 2.71}

 90%|█████████ | 2900/3213 [10:07<01:00,  5.14it/s]
 90%|█████████ | 2901/3213 [10:07<01:03,  4.93it/s]
 90%|█████████ | 2902/3213 [10:07<01:04,  4.85it/s]
 90%|█████████ | 2903/3213 [10:07<01:03,  4.85it/s]
 90%|█████████ | 2904/3213 [10:08<01:14,  4.16it/s]
 90%|█████████ | 2905/3213 [10:08<01:07,  4.57it/s]
 90%|█████████ | 2906/3213 [10:08<01:01,  5.02it/s]
 90%|█████████ | 2907/3213 [10:08<00:56,  5.42it/s]
 91%|█████████ | 2908/3213 [10:08<00:57,  5.28it/s]
 91%|█████████ | 2909/3213 [10:09<00:57,  5.31it/s]
 91%|█████████ | 2910/3213 [10:09<00:57,  5.28it/s]
 91%|█████████ | 2911/3213 [10:09<01:12,  4.17it/s]
 91%|█████████ | 2912/3213 [10:09<01:05,  4.56it/s]
 91%|█████████ | 2913/3213 [10:09<01:01,  4.87it/s]
 91%|█████████ | 2914/3213 [10:10<01:06,  4.51it/s]
 91%|█████████ | 2915/3213 [10:10<01:00,  4.92it/s]
 91%|█████████ | 2916/3213 [10:10<00:57,  5.18it/s]
 91%|█████████ | 2917/3213 [10:10<00:57,  5.12it/s]
 91%|█████████ | 2918/3213 [10:10<00:54,  5.45it/s]
 91%|█████████ | 2919/3213 [10:11<00:57,  5.15it/s]
 91%|█████████ | 2920/3213 [10:11<01:02,  4.69it/s]
 91%|█████████ | 2921/3213 [10:11<00:59,  4.91it/s]
 91%|█████████ | 2922/3213 [10:11<00:59,  4.91it/s]
 91%|█████████ | 2923/3213 [10:11<00:59,  4.86it/s]
 91%|█████████ | 2924/3213 [10:12<00:56,  5.12it/s]
 91%|█████████ | 2925/3213 [10:12<00:56,  5.09it/s]
 91%|█████████ | 2926/3213 [10:12<00:53,  5.32it/s]
 91%|█████████ | 2927/3213 [10:12<00:50,  5.66it/s]
 91%|█████████ | 2928/3213 [10:12<00:59,  4.77it/s]
 91%|█████████ | 2929/3213 [10:13<00:56,  5.00it/s]
 91%|█████████ | 2930/3213 [10:13<01:05,  4.32it/s]
 91%|█████████ | 2931/3213 [10:13<01:11,  3.94it/s]
 91%|█████████▏| 2932/3213 [10:13<01:11,  3.94it/s]
 91%|█████████▏| 2933/3213 [10:14<01:11,  3.94it/s]
 91%|█████████▏| 2934/3213 [10:14<01:09,  4.00it/s]
 91%|█████████▏| 2935/3213 [10:14<01:05,  4.27it/s]
 91%|█████████▏| 2936/3213 [10:14<01:07,  4.12it/s]
 91%|█████████▏| 2937/3213 [10:15<01:04,  4.31it/s]
 91%|█████████▏| 2938/3213 [10:15<00:58,  4.68it/s]
 91%|█████████▏| 2939/3213 [10:15<00:54,  5.04it/s]
 92%|█████████▏| 2940/3213 [10:15<00:52,  5.22it/s]
 92%|█████████▏| 2941/3213 [10:15<00:51,  5.24it/s]
 92%|█████████▏| 2942/3213 [10:16<00:55,  4.89it/s]
 92%|█████████▏| 2943/3213 [10:16<00:56,  4.76it/s]
 92%|█████████▏| 2944/3213 [10:16<01:10,  3.83it/s]
 92%|█████████▏| 2945/3213 [10:16<01:05,  4.10it/s]
 92%|█████████▏| 2946/3213 [10:17<01:03,  4.20it/s]
 92%|█████████▏| 2947/3213 [10:17<00:57,  4.62it/s]
 92%|█████████▏| 2948/3213 [10:17<00:59,  4.43it/s]
 92%|█████████▏| 2949/3213 [10:17<00:54,  4.84it/s]
 92%|█████████▏| 2950/3213 [10:17<00:51,  5.08it/s]
                                                   
{'loss': 0.0064, 'grad_norm': 0.04589825123548508, 'learning_rate': 1.6433239962651728e-06, 'epoch': 2.75}

 92%|█████████▏| 2950/3213 [10:17<00:51,  5.08it/s]
 92%|█████████▏| 2951/3213 [10:18<00:53,  4.93it/s]
 92%|█████████▏| 2952/3213 [10:18<00:55,  4.73it/s]
 92%|█████████▏| 2953/3213 [10:18<00:58,  4.45it/s]
 92%|█████████▏| 2954/3213 [10:18<00:59,  4.32it/s]
 92%|█████████▏| 2955/3213 [10:19<01:04,  3.99it/s]
 92%|█████████▏| 2956/3213 [10:19<01:05,  3.93it/s]
 92%|█████████▏| 2957/3213 [10:19<01:00,  4.21it/s]
 92%|█████████▏| 2958/3213 [10:19<00:54,  4.67it/s]
 92%|█████████▏| 2959/3213 [10:19<00:55,  4.59it/s]
 92%|█████████▏| 2960/3213 [10:20<00:52,  4.85it/s]
 92%|█████████▏| 2961/3213 [10:20<00:50,  4.95it/s]
 92%|█████████▏| 2962/3213 [10:20<00:55,  4.52it/s]
 92%|█████████▏| 2963/3213 [10:20<00:52,  4.75it/s]
 92%|█████████▏| 2964/3213 [10:21<01:01,  4.07it/s]
 92%|█████████▏| 2965/3213 [10:21<01:06,  3.73it/s]
 92%|█████████▏| 2966/3213 [10:21<01:03,  3.92it/s]
 92%|█████████▏| 2967/3213 [10:21<00:59,  4.15it/s]
 92%|█████████▏| 2968/3213 [10:22<00:55,  4.45it/s]
 92%|█████████▏| 2969/3213 [10:22<00:49,  4.89it/s]
 92%|█████████▏| 2970/3213 [10:22<00:48,  4.97it/s]
 92%|█████████▏| 2971/3213 [10:22<00:46,  5.25it/s]
 92%|█████████▏| 2972/3213 [10:22<00:44,  5.47it/s]
 93%|█████████▎| 2973/3213 [10:22<00:49,  4.80it/s]
 93%|█████████▎| 2974/3213 [10:23<00:48,  4.93it/s]
 93%|█████████▎| 2975/3213 [10:23<00:49,  4.81it/s]
 93%|█████████▎| 2976/3213 [10:23<00:56,  4.18it/s]
 93%|█████████▎| 2977/3213 [10:24<01:04,  3.63it/s]
 93%|█████████▎| 2978/3213 [10:24<01:01,  3.79it/s]
 93%|█████████▎| 2979/3213 [10:24<00:56,  4.15it/s]
 93%|█████████▎| 2980/3213 [10:24<00:50,  4.58it/s]
 93%|█████████▎| 2981/3213 [10:24<00:45,  5.07it/s]
 93%|█████████▎| 2982/3213 [10:25<00:54,  4.22it/s]
 93%|█████████▎| 2983/3213 [10:25<00:50,  4.60it/s]
 93%|█████████▎| 2984/3213 [10:25<00:48,  4.73it/s]
 93%|█████████▎| 2985/3213 [10:25<00:47,  4.77it/s]
 93%|█████████▎| 2986/3213 [10:26<00:58,  3.91it/s]
 93%|█████████▎| 2987/3213 [10:26<00:54,  4.16it/s]
 93%|█████████▎| 2988/3213 [10:26<00:52,  4.30it/s]
 93%|█████████▎| 2989/3213 [10:26<00:51,  4.34it/s]
 93%|█████████▎| 2990/3213 [10:26<00:48,  4.63it/s]
 93%|█████████▎| 2991/3213 [10:27<00:47,  4.71it/s]
 93%|█████████▎| 2992/3213 [10:27<00:42,  5.16it/s]
 93%|█████████▎| 2993/3213 [10:27<00:43,  5.11it/s]
 93%|█████████▎| 2994/3213 [10:27<00:46,  4.71it/s]
 93%|█████████▎| 2995/3213 [10:27<00:49,  4.44it/s]
 93%|█████████▎| 2996/3213 [10:28<00:50,  4.33it/s]
 93%|█████████▎| 2997/3213 [10:28<00:51,  4.16it/s]
 93%|█████████▎| 2998/3213 [10:28<00:46,  4.58it/s]
 93%|█████████▎| 2999/3213 [10:28<00:46,  4.64it/s]
 93%|█████████▎| 3000/3213 [10:29<00:44,  4.79it/s]
                                                   
{'loss': 0.0028, 'grad_norm': 0.04087214544415474, 'learning_rate': 1.3320883909119203e-06, 'epoch': 2.8}

 93%|█████████▎| 3000/3213 [10:29<00:44,  4.79it/s]
 93%|█████████▎| 3001/3213 [10:29<00:55,  3.85it/s]
 93%|█████████▎| 3002/3213 [10:29<00:53,  3.93it/s]
 93%|█████████▎| 3003/3213 [10:29<00:49,  4.25it/s]
 93%|█████████▎| 3004/3213 [10:30<00:46,  4.51it/s]
 94%|█████████▎| 3005/3213 [10:30<00:46,  4.52it/s]
 94%|█████████▎| 3006/3213 [10:30<00:45,  4.57it/s]
 94%|█████████▎| 3007/3213 [10:30<00:46,  4.44it/s]
 94%|█████████▎| 3008/3213 [10:30<00:46,  4.39it/s]
 94%|█████████▎| 3009/3213 [10:31<00:43,  4.64it/s]
 94%|█████████▎| 3010/3213 [10:31<00:42,  4.82it/s]
 94%|█████████▎| 3011/3213 [10:31<00:37,  5.34it/s]
 94%|█████████▎| 3012/3213 [10:31<00:36,  5.56it/s]
 94%|█████████▍| 3013/3213 [10:31<00:39,  5.11it/s]
 94%|█████████▍| 3014/3213 [10:32<00:39,  5.05it/s]
 94%|█████████▍| 3015/3213 [10:32<00:41,  4.73it/s]
 94%|█████████▍| 3016/3213 [10:32<00:42,  4.67it/s]
 94%|█████████▍| 3017/3213 [10:32<00:44,  4.41it/s]
 94%|█████████▍| 3018/3213 [10:32<00:40,  4.77it/s]
 94%|█████████▍| 3019/3213 [10:33<00:37,  5.16it/s]
 94%|█████████▍| 3020/3213 [10:33<00:36,  5.32it/s]
 94%|█████████▍| 3021/3213 [10:33<00:38,  4.98it/s]
 94%|█████████▍| 3022/3213 [10:33<00:42,  4.54it/s]
 94%|█████████▍| 3023/3213 [10:33<00:38,  4.97it/s]
 94%|█████████▍| 3024/3213 [10:34<00:44,  4.24it/s]
 94%|█████████▍| 3025/3213 [10:34<00:44,  4.19it/s]
 94%|█████████▍| 3026/3213 [10:34<00:41,  4.49it/s]
 94%|█████████▍| 3027/3213 [10:34<00:39,  4.77it/s]
 94%|█████████▍| 3028/3213 [10:35<00:38,  4.80it/s]
 94%|█████████▍| 3029/3213 [10:35<00:35,  5.15it/s]
 94%|█████████▍| 3030/3213 [10:35<00:34,  5.35it/s]
 94%|█████████▍| 3031/3213 [10:35<00:39,  4.67it/s]
 94%|█████████▍| 3032/3213 [10:35<00:37,  4.80it/s]
 94%|█████████▍| 3033/3213 [10:36<00:35,  5.09it/s]
 94%|█████████▍| 3034/3213 [10:36<00:34,  5.14it/s]
 94%|█████████▍| 3035/3213 [10:36<00:33,  5.28it/s]
 94%|█████████▍| 3036/3213 [10:36<00:32,  5.44it/s]
 95%|█████████▍| 3037/3213 [10:36<00:30,  5.71it/s]
 95%|█████████▍| 3038/3213 [10:36<00:30,  5.76it/s]
 95%|█████████▍| 3039/3213 [10:37<00:28,  6.12it/s]
 95%|█████████▍| 3040/3213 [10:37<00:29,  5.83it/s]
 95%|█████████▍| 3041/3213 [10:37<00:31,  5.44it/s]
 95%|█████████▍| 3042/3213 [10:37<00:33,  5.18it/s]
 95%|█████████▍| 3043/3213 [10:37<00:37,  4.54it/s]
 95%|█████████▍| 3044/3213 [10:38<00:38,  4.38it/s]
 95%|█████████▍| 3045/3213 [10:38<00:36,  4.58it/s]
 95%|█████████▍| 3046/3213 [10:38<00:37,  4.51it/s]
 95%|█████████▍| 3047/3213 [10:38<00:39,  4.23it/s]
 95%|█████████▍| 3048/3213 [10:39<00:38,  4.25it/s]
 95%|█████████▍| 3049/3213 [10:39<00:38,  4.30it/s]
 95%|█████████▍| 3050/3213 [10:39<00:37,  4.29it/s]
                                                   
{'loss': 0.0077, 'grad_norm': 2.0556068420410156, 'learning_rate': 1.020852785558668e-06, 'epoch': 2.85}

 95%|█████████▍| 3050/3213 [10:39<00:37,  4.29it/s]
 95%|█████████▍| 3051/3213 [10:39<00:34,  4.67it/s]
 95%|█████████▍| 3052/3213 [10:39<00:36,  4.38it/s]
 95%|█████████▌| 3053/3213 [10:40<00:36,  4.42it/s]
 95%|█████████▌| 3054/3213 [10:40<00:35,  4.47it/s]
 95%|█████████▌| 3055/3213 [10:40<00:32,  4.84it/s]
 95%|█████████▌| 3056/3213 [10:40<00:30,  5.18it/s]
 95%|█████████▌| 3057/3213 [10:40<00:30,  5.17it/s]
 95%|█████████▌| 3058/3213 [10:41<00:29,  5.26it/s]
 95%|█████████▌| 3059/3213 [10:41<00:31,  4.90it/s]
 95%|█████████▌| 3060/3213 [10:41<00:28,  5.41it/s]
 95%|█████████▌| 3061/3213 [10:41<00:29,  5.16it/s]
 95%|█████████▌| 3062/3213 [10:41<00:29,  5.04it/s]
 95%|█████████▌| 3063/3213 [10:42<00:28,  5.26it/s]
 95%|█████████▌| 3064/3213 [10:42<00:29,  5.06it/s]
 95%|█████████▌| 3065/3213 [10:42<00:28,  5.16it/s]
 95%|█████████▌| 3066/3213 [10:42<00:28,  5.09it/s]
 95%|█████████▌| 3067/3213 [10:42<00:31,  4.65it/s]
 95%|█████████▌| 3068/3213 [10:43<00:29,  4.89it/s]
 96%|█████████▌| 3069/3213 [10:43<00:27,  5.32it/s]
 96%|█████████▌| 3070/3213 [10:43<00:26,  5.31it/s]
 96%|█████████▌| 3071/3213 [10:43<00:35,  4.04it/s]
 96%|█████████▌| 3072/3213 [10:44<00:31,  4.49it/s]
 96%|█████████▌| 3073/3213 [10:44<00:31,  4.40it/s]
 96%|█████████▌| 3074/3213 [10:44<00:30,  4.61it/s]
 96%|█████████▌| 3075/3213 [10:44<00:28,  4.90it/s]
 96%|█████████▌| 3076/3213 [10:44<00:25,  5.34it/s]
 96%|█████████▌| 3077/3213 [10:45<00:31,  4.37it/s]
 96%|█████████▌| 3078/3213 [10:45<00:30,  4.41it/s]
 96%|█████████▌| 3079/3213 [10:45<00:30,  4.41it/s]
 96%|█████████▌| 3080/3213 [10:45<00:28,  4.66it/s]
 96%|█████████▌| 3081/3213 [10:45<00:26,  4.90it/s]
 96%|█████████▌| 3082/3213 [10:46<00:25,  5.05it/s]
 96%|█████████▌| 3083/3213 [10:46<00:25,  5.13it/s]
 96%|█████████▌| 3084/3213 [10:46<00:23,  5.38it/s]
 96%|█████████▌| 3085/3213 [10:46<00:22,  5.62it/s]
 96%|█████████▌| 3086/3213 [10:46<00:22,  5.76it/s]
 96%|█████████▌| 3087/3213 [10:46<00:21,  5.93it/s]
 96%|█████████▌| 3088/3213 [10:47<00:21,  5.70it/s]
 96%|█████████▌| 3089/3213 [10:47<00:22,  5.43it/s]
 96%|█████████▌| 3090/3213 [10:47<00:25,  4.80it/s]
 96%|█████████▌| 3091/3213 [10:47<00:23,  5.13it/s]
 96%|█████████▌| 3092/3213 [10:48<00:26,  4.56it/s]
 96%|█████████▋| 3093/3213 [10:48<00:27,  4.35it/s]
 96%|█████████▋| 3094/3213 [10:48<00:28,  4.23it/s]
 96%|█████████▋| 3095/3213 [10:48<00:27,  4.30it/s]
 96%|█████████▋| 3096/3213 [10:49<00:29,  3.95it/s]
 96%|█████████▋| 3097/3213 [10:49<00:29,  3.93it/s]
 96%|█████████▋| 3098/3213 [10:49<00:25,  4.42it/s]
 96%|█████████▋| 3099/3213 [10:49<00:24,  4.72it/s]
 96%|█████████▋| 3100/3213 [10:49<00:24,  4.65it/s]
                                                   
{'loss': 0.0031, 'grad_norm': 0.036888252943754196, 'learning_rate': 7.096171802054156e-07, 'epoch': 2.89}

 96%|█████████▋| 3100/3213 [10:49<00:24,  4.65it/s]
 97%|█████████▋| 3101/3213 [10:50<00:23,  4.75it/s]
 97%|█████████▋| 3102/3213 [10:50<00:22,  4.86it/s]
 97%|█████████▋| 3103/3213 [10:50<00:23,  4.76it/s]
 97%|█████████▋| 3104/3213 [10:50<00:22,  4.92it/s]
 97%|█████████▋| 3105/3213 [10:50<00:21,  5.12it/s]
 97%|█████████▋| 3106/3213 [10:51<00:20,  5.17it/s]
 97%|█████████▋| 3107/3213 [10:51<00:18,  5.65it/s]
 97%|█████████▋| 3108/3213 [10:51<00:20,  5.17it/s]
 97%|█████████▋| 3109/3213 [10:51<00:21,  4.75it/s]
 97%|█████████▋| 3110/3213 [10:51<00:19,  5.20it/s]
 97%|█████████▋| 3111/3213 [10:52<00:19,  5.25it/s]
 97%|█████████▋| 3112/3213 [10:52<00:18,  5.48it/s]
 97%|█████████▋| 3113/3213 [10:52<00:19,  5.16it/s]
 97%|█████████▋| 3114/3213 [10:52<00:19,  5.08it/s]
 97%|█████████▋| 3115/3213 [10:52<00:19,  4.91it/s]
 97%|█████████▋| 3116/3213 [10:53<00:21,  4.49it/s]
 97%|█████████▋| 3117/3213 [10:53<00:20,  4.70it/s]
 97%|█████████▋| 3118/3213 [10:53<00:19,  4.88it/s]
 97%|█████████▋| 3119/3213 [10:53<00:20,  4.70it/s]
 97%|█████████▋| 3120/3213 [10:54<00:22,  4.10it/s]
 97%|█████████▋| 3121/3213 [10:54<00:23,  3.97it/s]
 97%|█████████▋| 3122/3213 [10:54<00:24,  3.73it/s]
 97%|█████████▋| 3123/3213 [10:54<00:22,  3.97it/s]
 97%|█████████▋| 3124/3213 [10:54<00:20,  4.28it/s]
 97%|█████████▋| 3125/3213 [10:55<00:18,  4.68it/s]
 97%|█████████▋| 3126/3213 [10:55<00:17,  5.00it/s]
 97%|█████████▋| 3127/3213 [10:55<00:16,  5.34it/s]
 97%|█████████▋| 3128/3213 [10:55<00:15,  5.58it/s]
 97%|█████████▋| 3129/3213 [10:55<00:16,  5.00it/s]
 97%|█████████▋| 3130/3213 [10:56<00:16,  5.14it/s]
 97%|█████████▋| 3131/3213 [10:56<00:16,  4.92it/s]
 97%|█████████▋| 3132/3213 [10:56<00:16,  4.91it/s]
 98%|█████████▊| 3133/3213 [10:56<00:15,  5.09it/s]
 98%|█████████▊| 3134/3213 [10:56<00:15,  5.21it/s]
 98%|█████████▊| 3135/3213 [10:57<00:14,  5.30it/s]
 98%|█████████▊| 3136/3213 [10:57<00:14,  5.26it/s]
 98%|█████████▊| 3137/3213 [10:57<00:16,  4.73it/s]
 98%|█████████▊| 3138/3213 [10:57<00:15,  4.87it/s]
 98%|█████████▊| 3139/3213 [10:57<00:14,  4.94it/s]
 98%|█████████▊| 3140/3213 [10:58<00:17,  4.27it/s]
 98%|█████████▊| 3141/3213 [10:58<00:17,  4.03it/s]
 98%|█████████▊| 3142/3213 [10:58<00:18,  3.94it/s]
 98%|█████████▊| 3143/3213 [10:59<00:17,  3.92it/s]
 98%|█████████▊| 3144/3213 [10:59<00:16,  4.30it/s]
 98%|█████████▊| 3145/3213 [10:59<00:14,  4.55it/s]
 98%|█████████▊| 3146/3213 [10:59<00:14,  4.66it/s]
 98%|█████████▊| 3147/3213 [10:59<00:15,  4.33it/s]
 98%|█████████▊| 3148/3213 [11:00<00:13,  4.71it/s]
 98%|█████████▊| 3149/3213 [11:00<00:13,  4.76it/s]
 98%|█████████▊| 3150/3213 [11:00<00:12,  5.13it/s]
                                                   
{'loss': 0.0046, 'grad_norm': 0.1129479631781578, 'learning_rate': 3.9838157485216315e-07, 'epoch': 2.94}

 98%|█████████▊| 3150/3213 [11:00<00:12,  5.13it/s]
 98%|█████████▊| 3151/3213 [11:00<00:11,  5.34it/s]
 98%|█████████▊| 3152/3213 [11:00<00:10,  5.62it/s]
 98%|█████████▊| 3153/3213 [11:00<00:10,  5.46it/s]
 98%|█████████▊| 3154/3213 [11:01<00:13,  4.27it/s]
 98%|█████████▊| 3155/3213 [11:01<00:14,  3.90it/s]
 98%|█████████▊| 3156/3213 [11:01<00:13,  4.26it/s]
 98%|█████████▊| 3157/3213 [11:02<00:13,  4.04it/s]
 98%|█████████▊| 3158/3213 [11:02<00:13,  3.94it/s]
 98%|█████████▊| 3159/3213 [11:02<00:13,  4.14it/s]
 98%|█████████▊| 3160/3213 [11:02<00:11,  4.45it/s]
 98%|█████████▊| 3161/3213 [11:02<00:11,  4.48it/s]
 98%|█████████▊| 3162/3213 [11:03<00:14,  3.53it/s]
 98%|█████████▊| 3163/3213 [11:03<00:12,  3.90it/s]
 98%|█████████▊| 3164/3213 [11:03<00:11,  4.40it/s]
 99%|█████████▊| 3165/3213 [11:03<00:10,  4.73it/s]
 99%|█████████▊| 3166/3213 [11:04<00:09,  5.02it/s]
 99%|█████████▊| 3167/3213 [11:04<00:08,  5.15it/s]
 99%|█████████▊| 3168/3213 [11:04<00:08,  5.25it/s]
 99%|█████████▊| 3169/3213 [11:04<00:08,  5.31it/s]
 99%|█████████▊| 3170/3213 [11:04<00:10,  4.09it/s]
 99%|█████████▊| 3171/3213 [11:05<00:09,  4.55it/s]
 99%|█████████▊| 3172/3213 [11:05<00:08,  4.64it/s]
 99%|█████████▉| 3173/3213 [11:05<00:09,  4.44it/s]
 99%|█████████▉| 3174/3213 [11:05<00:08,  4.48it/s]
 99%|█████████▉| 3175/3213 [11:06<00:08,  4.32it/s]
 99%|█████████▉| 3176/3213 [11:06<00:08,  4.46it/s]
 99%|█████████▉| 3177/3213 [11:06<00:08,  4.39it/s]
 99%|█████████▉| 3178/3213 [11:06<00:07,  4.98it/s]
 99%|█████████▉| 3179/3213 [11:06<00:06,  4.95it/s]
 99%|█████████▉| 3180/3213 [11:06<00:06,  5.18it/s]
 99%|█████████▉| 3181/3213 [11:07<00:06,  5.19it/s]
 99%|█████████▉| 3182/3213 [11:07<00:06,  4.70it/s]
 99%|█████████▉| 3183/3213 [11:07<00:06,  4.72it/s]
 99%|█████████▉| 3184/3213 [11:07<00:06,  4.36it/s]
 99%|█████████▉| 3185/3213 [11:08<00:06,  4.13it/s]
 99%|█████████▉| 3186/3213 [11:08<00:06,  4.27it/s]
 99%|█████████▉| 3187/3213 [11:08<00:06,  4.16it/s]
 99%|█████████▉| 3188/3213 [11:08<00:05,  4.20it/s]
 99%|█████████▉| 3189/3213 [11:09<00:05,  4.26it/s]
 99%|█████████▉| 3190/3213 [11:09<00:05,  3.98it/s]
 99%|█████████▉| 3191/3213 [11:09<00:05,  4.12it/s]
 99%|█████████▉| 3192/3213 [11:09<00:04,  4.41it/s]
 99%|█████████▉| 3193/3213 [11:09<00:04,  4.81it/s]
 99%|█████████▉| 3194/3213 [11:10<00:03,  5.12it/s]
 99%|█████████▉| 3195/3213 [11:10<00:03,  5.30it/s]
 99%|█████████▉| 3196/3213 [11:10<00:03,  4.46it/s]
100%|█████████▉| 3197/3213 [11:10<00:03,  4.32it/s]
100%|█████████▉| 3198/3213 [11:11<00:03,  4.65it/s]
100%|█████████▉| 3199/3213 [11:11<00:02,  4.80it/s]
100%|█████████▉| 3200/3213 [11:11<00:02,  5.23it/s]
                                                   
{'loss': 0.0074, 'grad_norm': 0.07736212015151978, 'learning_rate': 8.714596949891069e-08, 'epoch': 2.99}

100%|█████████▉| 3200/3213 [11:11<00:02,  5.23it/s]
100%|█████████▉| 3201/3213 [11:11<00:02,  5.39it/s]
100%|█████████▉| 3202/3213 [11:11<00:01,  5.66it/s]
100%|█████████▉| 3203/3213 [11:12<00:02,  4.22it/s]
100%|█████████▉| 3204/3213 [11:12<00:02,  4.37it/s]
100%|█████████▉| 3205/3213 [11:12<00:01,  4.44it/s]
100%|█████████▉| 3206/3213 [11:12<00:01,  4.26it/s]
100%|█████████▉| 3207/3213 [11:12<00:01,  4.67it/s]
100%|█████████▉| 3208/3213 [11:13<00:01,  4.65it/s]
100%|█████████▉| 3209/3213 [11:13<00:00,  5.07it/s]
100%|█████████▉| 3210/3213 [11:13<00:00,  5.51it/s]
100%|█████████▉| 3211/3213 [11:13<00:00,  5.71it/s]
100%|█████████▉| 3212/3213 [11:13<00:00,  5.72it/s]
100%|██████████| 3213/3213 [11:14<00:00,  4.79it/s]

  0%|          | 0/95 [00:00<?, ?it/s][A

  4%|▍         | 4/95 [00:00<00:03, 29.29it/s][A

  7%|▋         | 7/95 [00:00<00:03, 24.61it/s][A

 11%|█         | 10/95 [00:00<00:03, 23.54it/s][A

 14%|█▎        | 13/95 [00:00<00:03, 23.06it/s][A

 17%|█▋        | 16/95 [00:00<00:03, 22.66it/s][A

 20%|██        | 19/95 [00:00<00:03, 22.49it/s][A

 23%|██▎       | 22/95 [00:00<00:03, 22.45it/s][A

 26%|██▋       | 25/95 [00:01<00:03, 22.35it/s][A

 29%|██▉       | 28/95 [00:01<00:03, 22.30it/s][A

 33%|███▎      | 31/95 [00:01<00:02, 22.27it/s][A

 36%|███▌      | 34/95 [00:01<00:02, 22.16it/s][A

 39%|███▉      | 37/95 [00:01<00:02, 22.12it/s][A

 42%|████▏     | 40/95 [00:01<00:02, 22.14it/s][A

 45%|████▌     | 43/95 [00:01<00:02, 22.15it/s][A

 48%|████▊     | 46/95 [00:02<00:02, 22.11it/s][A

 52%|█████▏    | 49/95 [00:02<00:02, 22.24it/s][A

 55%|█████▍    | 52/95 [00:02<00:01, 22.18it/s][A

 58%|█████▊    | 55/95 [00:02<00:01, 22.12it/s][A

 61%|██████    | 58/95 [00:02<00:01, 22.15it/s][A

 64%|██████▍   | 61/95 [00:02<00:01, 22.10it/s][A

 67%|██████▋   | 64/95 [00:02<00:01, 21.99it/s][A

 71%|███████   | 67/95 [00:02<00:01, 22.04it/s][A

 74%|███████▎  | 70/95 [00:03<00:01, 22.15it/s][A

 77%|███████▋  | 73/95 [00:03<00:00, 22.09it/s][A

 80%|████████  | 76/95 [00:03<00:00, 22.02it/s][A

 83%|████████▎ | 79/95 [00:03<00:00, 21.82it/s][A

 86%|████████▋ | 82/95 [00:03<00:00, 21.91it/s][A

 89%|████████▉ | 85/95 [00:03<00:00, 21.92it/s][A

 93%|█████████▎| 88/95 [00:03<00:00, 21.39it/s][A

 96%|█████████▌| 91/95 [00:04<00:00, 21.59it/s][A

 99%|█████████▉| 94/95 [00:04<00:00, 21.80it/s][A
                                                   

                                               
[A{'eval_loss': 0.016523009166121483, 'eval_accuracy': 0.9942124844977264, 'eval_precision': 0.9938853082135184, 'eval_recall': 0.9945427484703159, 'eval_f1': 0.9942139196561415, 'eval_runtime': 4.3131, 'eval_samples_per_second': 2804.22, 'eval_steps_per_second': 22.026, 'epoch': 3.0}

100%|██████████| 3213/3213 [11:18<00:00,  4.79it/s]

100%|██████████| 95/95 [00:04<00:00, 21.80it/s][A

                                               [A
                                                   
{'train_runtime': 681.3844, 'train_samples_per_second': 301.755, 'train_steps_per_second': 4.715, 'train_loss': 0.020969245669777207, 'epoch': 3.0}

100%|██████████| 3213/3213 [11:21<00:00,  4.79it/s]
100%|██████████| 3213/3213 [11:21<00:00,  4.72it/s]
[bin] per-epoch history:
  epoch 0.04668534080298786 train_loss=0.2651
  epoch 0.09337068160597572 train_loss=0.0877
  epoch 0.1400560224089636 train_loss=0.0732
  epoch 0.18674136321195145 train_loss=0.0443
  epoch 0.2334267040149393 train_loss=0.0440
  epoch 0.2801120448179272 train_loss=0.0337
  epoch 0.32679738562091504 train_loss=0.0354
  epoch 0.3734827264239029 train_loss=0.0402
  epoch 0.42016806722689076 train_loss=0.0326
  epoch 0.4668534080298786 train_loss=0.0310
  epoch 0.5135387488328664 train_loss=0.0393
  epoch 0.5602240896358543 train_loss=0.0268
  epoch 0.6069094304388422 train_loss=0.0282
  epoch 0.6535947712418301 train_loss=0.0204
  epoch 0.7002801120448179 train_loss=0.0309
  epoch 0.7469654528478058 train_loss=0.0323
  epoch 0.7936507936507936 train_loss=0.0242
  epoch 0.8403361344537815 train_loss=0.0256
  epoch 0.8870214752567693 train_loss=0.0234
  epoch 0.9337068160597572 train_loss=0.0252
  epoch 0.9803921568627451 train_loss=0.0210
  epoch 1.0 val_loss=0.0178 f1=0.9926
  epoch 1.0270774976657329 train_loss=0.0178
  epoch 1.0737628384687208 train_loss=0.0094
  epoch 1.1204481792717087 train_loss=0.0157
  epoch 1.1671335200746966 train_loss=0.0126
  epoch 1.2138188608776843 train_loss=0.0155
  epoch 1.2605042016806722 train_loss=0.0130
  epoch 1.3071895424836601 train_loss=0.0105
  epoch 1.353874883286648 train_loss=0.0082
  epoch 1.4005602240896358 train_loss=0.0120
  epoch 1.4472455648926237 train_loss=0.0125
  epoch 1.4939309056956116 train_loss=0.0118
  epoch 1.5406162464985993 train_loss=0.0124
  epoch 1.5873015873015874 train_loss=0.0118
  epoch 1.6339869281045751 train_loss=0.0091
  epoch 1.680672268907563 train_loss=0.0100
  epoch 1.727357609710551 train_loss=0.0087
  epoch 1.7740429505135387 train_loss=0.0107
  epoch 1.8207282913165266 train_loss=0.0112
  epoch 1.8674136321195145 train_loss=0.0076
  epoch 1.9140989729225022 train_loss=0.0100
  epoch 1.9607843137254903 train_loss=0.0095
  epoch 2.0 val_loss=0.0180 f1=0.9931
  epoch 2.007469654528478 train_loss=0.0086
  epoch 2.0541549953314657 train_loss=0.0100
  epoch 2.100840336134454 train_loss=0.0055
  epoch 2.1475256769374416 train_loss=0.0068
  epoch 2.1942110177404297 train_loss=0.0045
  epoch 2.2408963585434174 train_loss=0.0044
  epoch 2.287581699346405 train_loss=0.0070
  epoch 2.3342670401493932 train_loss=0.0071
  epoch 2.380952380952381 train_loss=0.0058
  epoch 2.4276377217553686 train_loss=0.0035
  epoch 2.4743230625583568 train_loss=0.0046
  epoch 2.5210084033613445 train_loss=0.0048
  epoch 2.567693744164332 train_loss=0.0053
  epoch 2.6143790849673203 train_loss=0.0037
  epoch 2.661064425770308 train_loss=0.0052
  epoch 2.707749766573296 train_loss=0.0034
  epoch 2.754435107376284 train_loss=0.0064
  epoch 2.8011204481792715 train_loss=0.0028
  epoch 2.8478057889822597 train_loss=0.0077
  epoch 2.8944911297852474 train_loss=0.0031
  epoch 2.9411764705882355 train_loss=0.0046
  epoch 2.987861811391223 train_loss=0.0074
  epoch 3.0 val_loss=0.0165 f1=0.9942

  0%|          | 0/95 [00:00<?, ?it/s]
  3%|▎         | 3/95 [00:00<00:03, 27.64it/s]
  6%|▋         | 6/95 [00:00<00:03, 22.70it/s]
  9%|▉         | 9/95 [00:00<00:03, 22.43it/s]
 13%|█▎        | 12/95 [00:00<00:03, 22.15it/s]
 16%|█▌        | 15/95 [00:00<00:03, 22.22it/s]
 19%|█▉        | 18/95 [00:00<00:03, 22.23it/s]
 22%|██▏       | 21/95 [00:00<00:03, 22.20it/s]
 25%|██▌       | 24/95 [00:01<00:03, 22.20it/s]
 28%|██▊       | 27/95 [00:01<00:03, 22.22it/s]
 32%|███▏      | 30/95 [00:01<00:02, 22.13it/s]
 35%|███▍      | 33/95 [00:01<00:02, 22.18it/s]
 38%|███▊      | 36/95 [00:01<00:02, 22.17it/s]
 41%|████      | 39/95 [00:01<00:02, 22.13it/s]
 44%|████▍     | 42/95 [00:01<00:02, 22.18it/s]
 47%|████▋     | 45/95 [00:02<00:02, 22.18it/s]
 51%|█████     | 48/95 [00:02<00:02, 22.14it/s]
 54%|█████▎    | 51/95 [00:02<00:01, 22.28it/s]
 57%|█████▋    | 54/95 [00:02<00:01, 22.28it/s]
 60%|██████    | 57/95 [00:02<00:01, 22.20it/s]
 63%|██████▎   | 60/95 [00:02<00:01, 22.24it/s]
 66%|██████▋   | 63/95 [00:02<00:01, 22.16it/s]
 69%|██████▉   | 66/95 [00:02<00:01, 22.08it/s]
 73%|███████▎  | 69/95 [00:03<00:01, 22.10it/s]
 76%|███████▌  | 72/95 [00:03<00:01, 22.14it/s]
 79%|███████▉  | 75/95 [00:03<00:00, 22.06it/s]
 82%|████████▏ | 78/95 [00:03<00:00, 22.09it/s]
 85%|████████▌ | 81/95 [00:03<00:00, 22.16it/s]
 88%|████████▊ | 84/95 [00:03<00:00, 22.10it/s]
 92%|█████████▏| 87/95 [00:03<00:00, 21.87it/s]
 95%|█████████▍| 90/95 [00:04<00:00, 21.86it/s]
 98%|█████████▊| 93/95 [00:04<00:00, 22.06it/s]
100%|██████████| 95/95 [00:04<00:00, 22.25it/s]
[bin] final val AUROC = 0.9998
[bin] final val F1    = 0.9942
[bin] saved model to /workspace/store/models/bert_clickbait_prefix_finetuned

[modal] exit code: 0
