[modal] $ /usr/local/bin/python /workspace/track_b/modal_run/train_guides/train_clickbait.py --trainval-csv /workspace/store/data/prefix_splits/trainval_binary.csv --test-csv /workspace/store/data/prefix_splits/test_binary.csv --out-dir /workspace/store/models/bert_clickbait_prefix_finetuned
/usr/local/lib/python3.11/site-packages/transformers/utils/hub.py:124: FutureWarning: Using `TRANSFORMERS_CACHE` is deprecated and will be removed in v5 of Transformers. Use `HF_HOME` instead.
  warnings.warn(
[bin] trainval size 80632 pos=40316 neg=40316
[bin] internal split train=68537 val=12095
Some weights of BertForSequenceClassification were not initialized from the model checkpoint at bert-base-uncased and are newly initialized: ['classifier.bias', 'classifier.weight']
You should probably TRAIN this model on a down-stream task to be able to use it for predictions and inference.
/usr/local/lib/python3.11/site-packages/transformers/training_args.py:1474: FutureWarning: `evaluation_strategy` is deprecated and will be removed in version 4.46 of 🤗 Transformers. Use `eval_strategy` instead
  warnings.warn(
[RANK 0] Detected kernel version 4.19.0, which is below the recommended minimum of 5.5.0; this can cause the process to hang. It is recommended to upgrade the kernel to the minimum version or higher.

  0%|          | 0/3213 [00:00<?, ?it/s]
  0%|          | 1/3213 [00:02<2:05:43,  2.35s/it]
  0%|          | 2/3213 [00:02<56:03,  1.05s/it]  
  0%|          | 3/3213 [00:02<34:18,  1.56it/s]
  0%|          | 4/3213 [00:02<23:20,  2.29it/s]
  0%|          | 5/3213 [00:02<17:15,  3.10it/s]
  0%|          | 6/3213 [00:03<13:46,  3.88it/s]
  0%|          | 7/3213 [00:03<11:13,  4.76it/s]
  0%|          | 8/3213 [00:03<10:00,  5.34it/s]
  0%|          | 9/3213 [00:03<08:50,  6.04it/s]
  0%|          | 10/3213 [00:03<08:24,  6.35it/s]
  0%|          | 11/3213 [00:03<08:25,  6.33it/s]
  0%|          | 12/3213 [00:03<08:03,  6.62it/s]
  0%|          | 13/3213 [00:03<07:34,  7.03it/s]
  0%|          | 14/3213 [00:04<07:21,  7.24it/s]
  0%|          | 15/3213 [00:04<07:20,  7.25it/s]
  0%|          | 16/3213 [00:04<07:06,  7.49it/s]
  1%|          | 17/3213 [00:04<06:55,  7.70it/s]
  1%|          | 18/3213 [00:04<06:46,  7.85it/s]
  1%|          | 19/3213 [00:04<06:43,  7.92it/s]
  1%|          | 20/3213 [00:04<06:38,  8.02it/s]
  1%|          | 21/3213 [00:04<06:39,  7.99it/s]
  1%|          | 22/3213 [00:05<06:49,  7.79it/s]
  1%|          | 23/3213 [00:05<06:54,  7.70it/s]
  1%|          | 24/3213 [00:05<06:48,  7.81it/s]
  1%|          | 25/3213 [00:05<06:34,  8.09it/s]
  1%|          | 26/3213 [00:05<06:32,  8.11it/s]
  1%|          | 27/3213 [00:05<06:31,  8.13it/s]
  1%|          | 28/3213 [00:05<06:52,  7.73it/s]
  1%|          | 29/3213 [00:05<06:43,  7.89it/s]
  1%|          | 30/3213 [00:06<07:16,  7.30it/s]
  1%|          | 31/3213 [00:06<07:40,  6.92it/s]
  1%|          | 32/3213 [00:06<07:36,  6.98it/s]
  1%|          | 33/3213 [00:06<07:30,  7.06it/s]
  1%|          | 34/3213 [00:06<07:46,  6.82it/s]
  1%|          | 35/3213 [00:06<07:24,  7.15it/s]
  1%|          | 36/3213 [00:06<07:32,  7.01it/s]
  1%|          | 37/3213 [00:07<07:20,  7.21it/s]
  1%|          | 38/3213 [00:07<07:42,  6.86it/s]
  1%|          | 39/3213 [00:07<07:16,  7.28it/s]
  1%|          | 40/3213 [00:07<07:13,  7.32it/s]
  1%|▏         | 41/3213 [00:07<07:06,  7.44it/s]
  1%|▏         | 42/3213 [00:07<07:04,  7.47it/s]
  1%|▏         | 43/3213 [00:07<07:09,  7.37it/s]
  1%|▏         | 44/3213 [00:08<07:16,  7.26it/s]
  1%|▏         | 45/3213 [00:08<08:08,  6.48it/s]
  1%|▏         | 46/3213 [00:08<07:55,  6.66it/s]
  1%|▏         | 47/3213 [00:08<08:09,  6.47it/s]
  1%|▏         | 48/3213 [00:08<08:11,  6.44it/s]
  2%|▏         | 49/3213 [00:08<08:02,  6.55it/s]
  2%|▏         | 50/3213 [00:09<08:26,  6.25it/s]
                                                 
{'loss': 0.2303, 'grad_norm': 1.503609538078308, 'learning_rate': 1.968876439464675e-05, 'epoch': 0.05}

  2%|▏         | 50/3213 [00:09<08:26,  6.25it/s]
  2%|▏         | 51/3213 [00:09<08:33,  6.16it/s]
  2%|▏         | 52/3213 [00:09<08:14,  6.40it/s]
  2%|▏         | 53/3213 [00:09<08:10,  6.44it/s]
  2%|▏         | 54/3213 [00:09<08:14,  6.39it/s]
  2%|▏         | 55/3213 [00:09<08:02,  6.54it/s]
  2%|▏         | 56/3213 [00:09<07:38,  6.89it/s]
  2%|▏         | 57/3213 [00:10<07:32,  6.97it/s]
  2%|▏         | 58/3213 [00:10<07:48,  6.74it/s]
  2%|▏         | 59/3213 [00:10<07:32,  6.97it/s]
  2%|▏         | 60/3213 [00:10<07:57,  6.60it/s]
  2%|▏         | 61/3213 [00:10<08:04,  6.50it/s]
  2%|▏         | 62/3213 [00:10<07:54,  6.65it/s]
  2%|▏         | 63/3213 [00:10<07:31,  6.98it/s]
  2%|▏         | 64/3213 [00:11<07:50,  6.70it/s]
  2%|▏         | 65/3213 [00:11<08:00,  6.56it/s]
  2%|▏         | 66/3213 [00:11<08:08,  6.44it/s]
  2%|▏         | 67/3213 [00:11<07:48,  6.71it/s]
  2%|▏         | 68/3213 [00:11<07:34,  6.93it/s]
  2%|▏         | 69/3213 [00:11<07:25,  7.05it/s]
  2%|▏         | 70/3213 [00:12<07:26,  7.03it/s]
  2%|▏         | 71/3213 [00:12<07:24,  7.06it/s]
  2%|▏         | 72/3213 [00:12<08:04,  6.49it/s]
  2%|▏         | 73/3213 [00:12<07:45,  6.75it/s]
  2%|▏         | 74/3213 [00:12<07:26,  7.04it/s]
  2%|▏         | 75/3213 [00:12<07:53,  6.63it/s]
  2%|▏         | 76/3213 [00:12<08:01,  6.51it/s]
  2%|▏         | 77/3213 [00:13<08:00,  6.52it/s]
  2%|▏         | 78/3213 [00:13<08:07,  6.44it/s]
  2%|▏         | 79/3213 [00:13<07:54,  6.61it/s]
  2%|▏         | 80/3213 [00:13<07:43,  6.75it/s]
  3%|▎         | 81/3213 [00:13<07:36,  6.86it/s]
  3%|▎         | 82/3213 [00:13<07:12,  7.23it/s]
  3%|▎         | 83/3213 [00:13<07:20,  7.11it/s]
  3%|▎         | 84/3213 [00:14<07:35,  6.86it/s]
  3%|▎         | 85/3213 [00:14<07:52,  6.62it/s]
  3%|▎         | 86/3213 [00:14<07:38,  6.82it/s]
  3%|▎         | 87/3213 [00:14<07:31,  6.93it/s]
  3%|▎         | 88/3213 [00:14<07:24,  7.04it/s]
  3%|▎         | 89/3213 [00:14<07:22,  7.07it/s]
  3%|▎         | 90/3213 [00:14<07:19,  7.11it/s]
  3%|▎         | 91/3213 [00:15<07:10,  7.24it/s]
  3%|▎         | 92/3213 [00:15<08:11,  6.34it/s]
  3%|▎         | 93/3213 [00:15<08:05,  6.43it/s]
  3%|▎         | 94/3213 [00:15<08:25,  6.17it/s]
  3%|▎         | 95/3213 [00:15<08:18,  6.26it/s]
  3%|▎         | 96/3213 [00:15<09:04,  5.72it/s]
  3%|▎         | 97/3213 [00:16<09:07,  5.69it/s]
  3%|▎         | 98/3213 [00:16<08:59,  5.77it/s]
  3%|▎         | 99/3213 [00:16<08:33,  6.06it/s]
  3%|▎         | 100/3213 [00:16<08:15,  6.29it/s]
                                                  
{'loss': 0.0746, 'grad_norm': 6.687378883361816, 'learning_rate': 1.9377528789293495e-05, 'epoch': 0.09}

  3%|▎         | 100/3213 [00:16<08:15,  6.29it/s]
  3%|▎         | 101/3213 [00:16<07:59,  6.50it/s]
  3%|▎         | 102/3213 [00:16<07:47,  6.66it/s]
  3%|▎         | 103/3213 [00:17<08:10,  6.34it/s]
  3%|▎         | 104/3213 [00:17<08:06,  6.38it/s]
  3%|▎         | 105/3213 [00:17<08:53,  5.83it/s]
  3%|▎         | 106/3213 [00:17<09:11,  5.64it/s]
  3%|▎         | 107/3213 [00:17<08:42,  5.94it/s]
  3%|▎         | 108/3213 [00:17<08:33,  6.05it/s]
  3%|▎         | 109/3213 [00:18<08:30,  6.08it/s]
  3%|▎         | 110/3213 [00:18<07:57,  6.49it/s]
  3%|▎         | 111/3213 [00:18<07:48,  6.62it/s]
  3%|▎         | 112/3213 [00:18<07:46,  6.64it/s]
  4%|▎         | 113/3213 [00:18<07:48,  6.62it/s]
  4%|▎         | 114/3213 [00:18<07:43,  6.69it/s]
  4%|▎         | 115/3213 [00:18<07:39,  6.75it/s]
  4%|▎         | 116/3213 [00:19<07:53,  6.54it/s]
  4%|▎         | 117/3213 [00:19<07:36,  6.77it/s]
  4%|▎         | 118/3213 [00:19<07:47,  6.61it/s]
  4%|▎         | 119/3213 [00:19<08:40,  5.94it/s]
  4%|▎         | 120/3213 [00:19<08:30,  6.06it/s]
  4%|▍         | 121/3213 [00:19<07:56,  6.48it/s]
  4%|▍         | 122/3213 [00:20<08:07,  6.35it/s]
  4%|▍         | 123/3213 [00:20<08:03,  6.39it/s]
  4%|▍         | 124/3213 [00:20<07:41,  6.69it/s]
  4%|▍         | 125/3213 [00:20<07:29,  6.88it/s]
  4%|▍         | 126/3213 [00:20<07:33,  6.80it/s]
  4%|▍         | 127/3213 [00:20<07:22,  6.97it/s]
  4%|▍         | 128/3213 [00:20<07:23,  6.96it/s]
  4%|▍         | 129/3213 [00:21<07:19,  7.02it/s]
  4%|▍         | 130/3213 [00:21<07:05,  7.24it/s]
  4%|▍         | 131/3213 [00:21<07:18,  7.03it/s]
  4%|▍         | 132/3213 [00:21<07:29,  6.85it/s]
  4%|▍         | 133/3213 [00:21<07:54,  6.50it/s]
  4%|▍         | 134/3213 [00:21<07:23,  6.94it/s]
  4%|▍         | 135/3213 [00:21<07:40,  6.69it/s]
  4%|▍         | 136/3213 [00:22<07:53,  6.50it/s]
  4%|▍         | 137/3213 [00:22<08:36,  5.96it/s]
  4%|▍         | 138/3213 [00:22<08:19,  6.15it/s]
  4%|▍         | 139/3213 [00:22<08:06,  6.32it/s]
  4%|▍         | 140/3213 [00:22<08:37,  5.94it/s]
  4%|▍         | 141/3213 [00:22<08:29,  6.03it/s]
  4%|▍         | 142/3213 [00:23<08:28,  6.04it/s]
  4%|▍         | 143/3213 [00:23<08:55,  5.73it/s]
  4%|▍         | 144/3213 [00:23<08:44,  5.86it/s]
  5%|▍         | 145/3213 [00:23<08:19,  6.15it/s]
  5%|▍         | 146/3213 [00:23<08:19,  6.15it/s]
  5%|▍         | 147/3213 [00:23<08:14,  6.19it/s]
  5%|▍         | 148/3213 [00:24<08:43,  5.85it/s]
  5%|▍         | 149/3213 [00:24<08:34,  5.95it/s]
  5%|▍         | 150/3213 [00:24<07:48,  6.53it/s]
                                                  
{'loss': 0.0722, 'grad_norm': 2.5504438877105713, 'learning_rate': 1.9066293183940247e-05, 'epoch': 0.14}

  5%|▍         | 150/3213 [00:24<07:48,  6.53it/s]
  5%|▍         | 151/3213 [00:24<07:51,  6.49it/s]
  5%|▍         | 152/3213 [00:24<08:02,  6.35it/s]
  5%|▍         | 153/3213 [00:24<07:38,  6.67it/s]
  5%|▍         | 154/3213 [00:25<07:31,  6.77it/s]
  5%|▍         | 155/3213 [00:25<07:28,  6.82it/s]
  5%|▍         | 156/3213 [00:25<07:31,  6.77it/s]
  5%|▍         | 157/3213 [00:25<07:22,  6.91it/s]
  5%|▍         | 158/3213 [00:25<07:06,  7.17it/s]
  5%|▍         | 159/3213 [00:25<07:02,  7.22it/s]
  5%|▍         | 160/3213 [00:25<06:52,  7.40it/s]
  5%|▌         | 161/3213 [00:25<06:49,  7.45it/s]
  5%|▌         | 162/3213 [00:26<07:08,  7.12it/s]
  5%|▌         | 163/3213 [00:26<07:06,  7.14it/s]
  5%|▌         | 164/3213 [00:26<07:16,  6.98it/s]
  5%|▌         | 165/3213 [00:26<07:20,  6.92it/s]
  5%|▌         | 166/3213 [00:26<07:09,  7.09it/s]
  5%|▌         | 167/3213 [00:26<06:59,  7.26it/s]
  5%|▌         | 168/3213 [00:26<06:55,  7.33it/s]
  5%|▌         | 169/3213 [00:27<06:45,  7.51it/s]
  5%|▌         | 170/3213 [00:27<06:48,  7.44it/s]
  5%|▌         | 171/3213 [00:27<06:43,  7.54it/s]
  5%|▌         | 172/3213 [00:27<06:45,  7.51it/s]
  5%|▌         | 173/3213 [00:27<06:24,  7.92it/s]
  5%|▌         | 174/3213 [00:27<06:47,  7.46it/s]
  5%|▌         | 175/3213 [00:27<07:07,  7.10it/s]
  5%|▌         | 176/3213 [00:28<07:19,  6.91it/s]
  6%|▌         | 177/3213 [00:28<07:16,  6.96it/s]
  6%|▌         | 178/3213 [00:28<07:15,  6.97it/s]
  6%|▌         | 179/3213 [00:28<07:15,  6.97it/s]
  6%|▌         | 180/3213 [00:28<07:11,  7.03it/s]
  6%|▌         | 181/3213 [00:28<06:44,  7.50it/s]
  6%|▌         | 182/3213 [00:28<06:37,  7.63it/s]
  6%|▌         | 183/3213 [00:29<06:35,  7.66it/s]
  6%|▌         | 184/3213 [00:29<06:54,  7.30it/s]
  6%|▌         | 185/3213 [00:29<07:09,  7.04it/s]
  6%|▌         | 186/3213 [00:29<07:19,  6.89it/s]
  6%|▌         | 187/3213 [00:29<07:02,  7.16it/s]
  6%|▌         | 188/3213 [00:29<06:55,  7.28it/s]
  6%|▌         | 189/3213 [00:29<07:47,  6.47it/s]
  6%|▌         | 190/3213 [00:30<07:28,  6.74it/s]
  6%|▌         | 191/3213 [00:30<07:12,  6.98it/s]
  6%|▌         | 192/3213 [00:30<07:13,  6.97it/s]
  6%|▌         | 193/3213 [00:30<06:58,  7.21it/s]
  6%|▌         | 194/3213 [00:30<06:57,  7.22it/s]
  6%|▌         | 195/3213 [00:30<07:03,  7.12it/s]
  6%|▌         | 196/3213 [00:30<07:33,  6.65it/s]
  6%|▌         | 197/3213 [00:31<07:36,  6.61it/s]
  6%|▌         | 198/3213 [00:31<07:25,  6.77it/s]
  6%|▌         | 199/3213 [00:31<07:01,  7.15it/s]
  6%|▌         | 200/3213 [00:31<06:47,  7.39it/s]
                                                  
{'loss': 0.043, 'grad_norm': 2.333803653717041, 'learning_rate': 1.875505757858699e-05, 'epoch': 0.19}

  6%|▌         | 200/3213 [00:31<06:47,  7.39it/s]
  6%|▋         | 201/3213 [00:31<06:38,  7.55it/s]
  6%|▋         | 202/3213 [00:31<06:33,  7.64it/s]
  6%|▋         | 203/3213 [00:31<06:40,  7.51it/s]
  6%|▋         | 204/3213 [00:31<06:49,  7.35it/s]
  6%|▋         | 205/3213 [00:32<07:04,  7.08it/s]
  6%|▋         | 206/3213 [00:32<07:23,  6.78it/s]
  6%|▋         | 207/3213 [00:32<07:08,  7.02it/s]
  6%|▋         | 208/3213 [00:32<06:53,  7.28it/s]
  7%|▋         | 209/3213 [00:32<07:01,  7.12it/s]
  7%|▋         | 210/3213 [00:32<07:03,  7.08it/s]
  7%|▋         | 211/3213 [00:32<06:46,  7.38it/s]
  7%|▋         | 212/3213 [00:33<06:38,  7.52it/s]
  7%|▋         | 213/3213 [00:33<06:51,  7.29it/s]
  7%|▋         | 214/3213 [00:33<06:53,  7.25it/s]
  7%|▋         | 215/3213 [00:33<06:44,  7.41it/s]
  7%|▋         | 216/3213 [00:33<06:58,  7.17it/s]
  7%|▋         | 217/3213 [00:33<06:30,  7.66it/s]
  7%|▋         | 218/3213 [00:33<06:53,  7.25it/s]
  7%|▋         | 219/3213 [00:34<06:52,  7.25it/s]
  7%|▋         | 220/3213 [00:34<07:03,  7.07it/s]
  7%|▋         | 221/3213 [00:34<06:47,  7.33it/s]
  7%|▋         | 222/3213 [00:34<06:42,  7.44it/s]
  7%|▋         | 223/3213 [00:34<06:37,  7.52it/s]
  7%|▋         | 224/3213 [00:34<06:37,  7.52it/s]
  7%|▋         | 225/3213 [00:34<06:32,  7.60it/s]
  7%|▋         | 226/3213 [00:34<06:37,  7.51it/s]
  7%|▋         | 227/3213 [00:35<06:28,  7.68it/s]
  7%|▋         | 228/3213 [00:35<06:29,  7.66it/s]
  7%|▋         | 229/3213 [00:35<06:21,  7.82it/s]
  7%|▋         | 230/3213 [00:35<06:25,  7.73it/s]
  7%|▋         | 231/3213 [00:35<06:27,  7.70it/s]
  7%|▋         | 232/3213 [00:35<06:28,  7.68it/s]
  7%|▋         | 233/3213 [00:35<06:28,  7.66it/s]
  7%|▋         | 234/3213 [00:36<06:21,  7.80it/s]
  7%|▋         | 235/3213 [00:36<06:16,  7.92it/s]
  7%|▋         | 236/3213 [00:36<06:18,  7.86it/s]
  7%|▋         | 237/3213 [00:36<06:09,  8.05it/s]
  7%|▋         | 238/3213 [00:36<06:07,  8.09it/s]
  7%|▋         | 239/3213 [00:36<06:07,  8.09it/s]
  7%|▋         | 240/3213 [00:36<06:07,  8.10it/s]
  8%|▊         | 241/3213 [00:36<06:15,  7.92it/s]
  8%|▊         | 242/3213 [00:37<06:22,  7.77it/s]
  8%|▊         | 243/3213 [00:37<06:17,  7.87it/s]
  8%|▊         | 244/3213 [00:37<06:28,  7.64it/s]
  8%|▊         | 245/3213 [00:37<06:34,  7.53it/s]
  8%|▊         | 246/3213 [00:37<06:24,  7.72it/s]
  8%|▊         | 247/3213 [00:37<06:17,  7.86it/s]
  8%|▊         | 248/3213 [00:37<06:12,  7.95it/s]
  8%|▊         | 249/3213 [00:37<06:10,  8.00it/s]
  8%|▊         | 250/3213 [00:38<06:13,  7.94it/s]
                                                  
{'loss': 0.0455, 'grad_norm': 1.4812043905258179, 'learning_rate': 1.844382197323374e-05, 'epoch': 0.23}

  8%|▊         | 250/3213 [00:38<06:13,  7.94it/s]
  8%|▊         | 251/3213 [00:38<06:09,  8.01it/s]
  8%|▊         | 252/3213 [00:38<06:06,  8.08it/s]
  8%|▊         | 253/3213 [00:38<06:06,  8.08it/s]
  8%|▊         | 254/3213 [00:38<06:05,  8.11it/s]
  8%|▊         | 255/3213 [00:38<06:13,  7.93it/s]
  8%|▊         | 256/3213 [00:38<06:01,  8.18it/s]
  8%|▊         | 257/3213 [00:38<06:05,  8.10it/s]
  8%|▊         | 258/3213 [00:39<06:17,  7.83it/s]
  8%|▊         | 259/3213 [00:39<06:12,  7.92it/s]
  8%|▊         | 260/3213 [00:39<06:27,  7.61it/s]
  8%|▊         | 261/3213 [00:39<06:37,  7.43it/s]
  8%|▊         | 262/3213 [00:39<06:40,  7.37it/s]
  8%|▊         | 263/3213 [00:39<07:02,  6.99it/s]
  8%|▊         | 264/3213 [00:39<07:04,  6.95it/s]
  8%|▊         | 265/3213 [00:40<06:53,  7.14it/s]
  8%|▊         | 266/3213 [00:40<07:17,  6.73it/s]
  8%|▊         | 267/3213 [00:40<07:09,  6.86it/s]
  8%|▊         | 268/3213 [00:40<06:57,  7.05it/s]
  8%|▊         | 269/3213 [00:40<06:48,  7.22it/s]
  8%|▊         | 270/3213 [00:40<06:37,  7.40it/s]
  8%|▊         | 271/3213 [00:40<06:27,  7.58it/s]
  8%|▊         | 272/3213 [00:40<06:20,  7.73it/s]
  8%|▊         | 273/3213 [00:41<06:17,  7.79it/s]
  9%|▊         | 274/3213 [00:41<06:16,  7.80it/s]
  9%|▊         | 275/3213 [00:41<06:15,  7.81it/s]
  9%|▊         | 276/3213 [00:41<06:02,  8.10it/s]
  9%|▊         | 277/3213 [00:41<06:01,  8.12it/s]
  9%|▊         | 278/3213 [00:41<06:00,  8.15it/s]
  9%|▊         | 279/3213 [00:41<06:02,  8.10it/s]
  9%|▊         | 280/3213 [00:41<06:03,  8.08it/s]
  9%|▊         | 281/3213 [00:42<06:12,  7.87it/s]
  9%|▉         | 282/3213 [00:42<06:43,  7.26it/s]
  9%|▉         | 283/3213 [00:42<06:34,  7.43it/s]
  9%|▉         | 284/3213 [00:42<06:33,  7.45it/s]
  9%|▉         | 285/3213 [00:42<06:37,  7.37it/s]
  9%|▉         | 286/3213 [00:42<06:50,  7.13it/s]
  9%|▉         | 287/3213 [00:42<06:33,  7.43it/s]
  9%|▉         | 288/3213 [00:43<06:47,  7.19it/s]
  9%|▉         | 289/3213 [00:43<06:57,  7.00it/s]
  9%|▉         | 290/3213 [00:43<06:54,  7.05it/s]
  9%|▉         | 291/3213 [00:43<06:33,  7.43it/s]
  9%|▉         | 292/3213 [00:43<06:26,  7.56it/s]
  9%|▉         | 293/3213 [00:43<06:42,  7.26it/s]
  9%|▉         | 294/3213 [00:43<06:46,  7.19it/s]
  9%|▉         | 295/3213 [00:44<06:37,  7.34it/s]
  9%|▉         | 296/3213 [00:44<06:47,  7.16it/s]
  9%|▉         | 297/3213 [00:44<06:52,  7.07it/s]
  9%|▉         | 298/3213 [00:44<06:45,  7.19it/s]
  9%|▉         | 299/3213 [00:44<06:42,  7.23it/s]
  9%|▉         | 300/3213 [00:44<06:27,  7.51it/s]
                                                  
{'loss': 0.0399, 'grad_norm': 0.8087007999420166, 'learning_rate': 1.8132586367880488e-05, 'epoch': 0.28}

  9%|▉         | 300/3213 [00:44<06:27,  7.51it/s]
  9%|▉         | 301/3213 [00:44<06:24,  7.58it/s]
  9%|▉         | 302/3213 [00:44<06:21,  7.63it/s]
  9%|▉         | 303/3213 [00:45<06:20,  7.65it/s]
  9%|▉         | 304/3213 [00:45<06:20,  7.64it/s]
  9%|▉         | 305/3213 [00:45<06:34,  7.37it/s]
 10%|▉         | 306/3213 [00:45<06:30,  7.45it/s]
 10%|▉         | 307/3213 [00:45<06:12,  7.80it/s]
 10%|▉         | 308/3213 [00:45<06:33,  7.39it/s]
 10%|▉         | 309/3213 [00:45<06:27,  7.50it/s]
 10%|▉         | 310/3213 [00:46<06:33,  7.38it/s]
 10%|▉         | 311/3213 [00:46<06:34,  7.36it/s]
 10%|▉         | 312/3213 [00:46<06:37,  7.30it/s]
 10%|▉         | 313/3213 [00:46<06:33,  7.38it/s]
 10%|▉         | 314/3213 [00:46<06:31,  7.41it/s]
 10%|▉         | 315/3213 [00:46<06:31,  7.40it/s]
 10%|▉         | 316/3213 [00:46<06:33,  7.37it/s]
 10%|▉         | 317/3213 [00:47<06:34,  7.33it/s]
 10%|▉         | 318/3213 [00:47<06:28,  7.45it/s]
 10%|▉         | 319/3213 [00:47<06:41,  7.21it/s]
 10%|▉         | 320/3213 [00:47<06:36,  7.29it/s]
 10%|▉         | 321/3213 [00:47<06:36,  7.29it/s]
 10%|█         | 322/3213 [00:47<06:27,  7.46it/s]
 10%|█         | 323/3213 [00:47<06:26,  7.48it/s]
 10%|█         | 324/3213 [00:47<06:25,  7.50it/s]
 10%|█         | 325/3213 [00:48<06:21,  7.56it/s]
 10%|█         | 326/3213 [00:48<06:22,  7.55it/s]
 10%|█         | 327/3213 [00:48<06:35,  7.30it/s]
 10%|█         | 328/3213 [00:48<06:40,  7.21it/s]
 10%|█         | 329/3213 [00:48<06:45,  7.12it/s]
 10%|█         | 330/3213 [00:48<06:29,  7.40it/s]
 10%|█         | 331/3213 [00:48<06:36,  7.27it/s]
 10%|█         | 332/3213 [00:49<07:00,  6.85it/s]
 10%|█         | 333/3213 [00:49<06:31,  7.35it/s]
 10%|█         | 334/3213 [00:49<06:26,  7.46it/s]
 10%|█         | 335/3213 [00:49<06:28,  7.40it/s]
 10%|█         | 336/3213 [00:49<06:29,  7.38it/s]
 10%|█         | 337/3213 [00:49<06:41,  7.16it/s]
 11%|█         | 338/3213 [00:49<06:28,  7.40it/s]
 11%|█         | 339/3213 [00:50<06:40,  7.17it/s]
 11%|█         | 340/3213 [00:50<06:32,  7.32it/s]
 11%|█         | 341/3213 [00:50<06:25,  7.44it/s]
 11%|█         | 342/3213 [00:50<06:17,  7.61it/s]
 11%|█         | 343/3213 [00:50<06:14,  7.66it/s]
 11%|█         | 344/3213 [00:50<06:15,  7.64it/s]
 11%|█         | 345/3213 [00:50<06:15,  7.64it/s]
 11%|█         | 346/3213 [00:50<06:11,  7.72it/s]
 11%|█         | 347/3213 [00:51<06:06,  7.82it/s]
 11%|█         | 348/3213 [00:51<06:03,  7.89it/s]
 11%|█         | 349/3213 [00:51<06:10,  7.73it/s]
 11%|█         | 350/3213 [00:51<06:16,  7.60it/s]
                                                  
{'loss': 0.0343, 'grad_norm': 0.6772359609603882, 'learning_rate': 1.7821350762527233e-05, 'epoch': 0.33}

 11%|█         | 350/3213 [00:51<06:16,  7.60it/s]
 11%|█         | 351/3213 [00:51<06:27,  7.38it/s]
 11%|█         | 352/3213 [00:51<06:48,  7.01it/s]
 11%|█         | 353/3213 [00:51<06:58,  6.84it/s]
 11%|█         | 354/3213 [00:52<06:32,  7.28it/s]
 11%|█         | 355/3213 [00:52<06:29,  7.34it/s]
 11%|█         | 356/3213 [00:52<06:40,  7.13it/s]
 11%|█         | 357/3213 [00:52<06:21,  7.48it/s]
 11%|█         | 358/3213 [00:52<06:21,  7.49it/s]
 11%|█         | 359/3213 [00:52<06:22,  7.46it/s]
 11%|█         | 360/3213 [00:52<06:18,  7.53it/s]
 11%|█         | 361/3213 [00:52<06:12,  7.66it/s]
 11%|█▏        | 362/3213 [00:53<06:18,  7.54it/s]
 11%|█▏        | 363/3213 [00:53<06:22,  7.46it/s]
 11%|█▏        | 364/3213 [00:53<06:25,  7.39it/s]
 11%|█▏        | 365/3213 [00:53<06:14,  7.60it/s]
 11%|█▏        | 366/3213 [00:53<06:47,  6.99it/s]
 11%|█▏        | 367/3213 [00:53<06:33,  7.24it/s]
 11%|█▏        | 368/3213 [00:53<06:26,  7.37it/s]
 11%|█▏        | 369/3213 [00:54<06:24,  7.40it/s]
 12%|█▏        | 370/3213 [00:54<06:42,  7.06it/s]
 12%|█▏        | 371/3213 [00:54<06:49,  6.94it/s]
 12%|█▏        | 372/3213 [00:54<06:36,  7.17it/s]
 12%|█▏        | 373/3213 [00:54<06:34,  7.21it/s]
 12%|█▏        | 374/3213 [00:54<06:36,  7.17it/s]
 12%|█▏        | 375/3213 [00:54<06:38,  7.12it/s]
 12%|█▏        | 376/3213 [00:55<06:24,  7.38it/s]
 12%|█▏        | 377/3213 [00:55<06:27,  7.31it/s]
 12%|█▏        | 378/3213 [00:55<06:25,  7.35it/s]
 12%|█▏        | 379/3213 [00:55<06:21,  7.43it/s]
 12%|█▏        | 380/3213 [00:55<06:12,  7.61it/s]
 12%|█▏        | 381/3213 [00:55<06:06,  7.73it/s]
 12%|█▏        | 382/3213 [00:55<06:10,  7.64it/s]
 12%|█▏        | 383/3213 [00:55<06:05,  7.75it/s]
 12%|█▏        | 384/3213 [00:56<06:28,  7.28it/s]
 12%|█▏        | 385/3213 [00:56<06:08,  7.67it/s]
 12%|█▏        | 386/3213 [00:56<06:11,  7.61it/s]
 12%|█▏        | 387/3213 [00:56<06:02,  7.79it/s]
 12%|█▏        | 388/3213 [00:56<05:57,  7.90it/s]
 12%|█▏        | 389/3213 [00:56<05:53,  7.99it/s]
 12%|█▏        | 390/3213 [00:56<05:50,  8.05it/s]
 12%|█▏        | 391/3213 [00:56<05:55,  7.93it/s]
 12%|█▏        | 392/3213 [00:57<05:54,  7.95it/s]
 12%|█▏        | 393/3213 [00:57<06:03,  7.77it/s]
 12%|█▏        | 394/3213 [00:57<06:18,  7.44it/s]
 12%|█▏        | 395/3213 [00:57<06:30,  7.22it/s]
 12%|█▏        | 396/3213 [00:57<06:24,  7.33it/s]
 12%|█▏        | 397/3213 [00:57<06:43,  6.97it/s]
 12%|█▏        | 398/3213 [00:57<06:45,  6.95it/s]
 12%|█▏        | 399/3213 [00:58<06:36,  7.09it/s]
 12%|█▏        | 400/3213 [00:58<06:55,  6.78it/s]
                                                  
{'loss': 0.0413, 'grad_norm': 1.204567790031433, 'learning_rate': 1.751011515717398e-05, 'epoch': 0.37}

 12%|█▏        | 400/3213 [00:58<06:55,  6.78it/s]
 12%|█▏        | 401/3213 [00:58<06:41,  7.00it/s]
 13%|█▎        | 402/3213 [00:58<06:36,  7.10it/s]
 13%|█▎        | 403/3213 [00:58<06:21,  7.36it/s]
 13%|█▎        | 404/3213 [00:58<06:13,  7.51it/s]
 13%|█▎        | 405/3213 [00:58<06:34,  7.11it/s]
 13%|█▎        | 406/3213 [00:59<06:40,  7.01it/s]
 13%|█▎        | 407/3213 [00:59<06:33,  7.13it/s]
 13%|█▎        | 408/3213 [00:59<06:26,  7.25it/s]
 13%|█▎        | 409/3213 [00:59<06:16,  7.44it/s]
 13%|█▎        | 410/3213 [00:59<06:10,  7.56it/s]
 13%|█▎        | 411/3213 [00:59<06:03,  7.71it/s]
 13%|█▎        | 412/3213 [00:59<06:03,  7.70it/s]
 13%|█▎        | 413/3213 [00:59<06:01,  7.74it/s]
 13%|█▎        | 414/3213 [01:00<06:20,  7.35it/s]
 13%|█▎        | 415/3213 [01:00<06:11,  7.53it/s]
 13%|█▎        | 416/3213 [01:00<06:01,  7.73it/s]
 13%|█▎        | 417/3213 [01:00<06:03,  7.70it/s]
 13%|█▎        | 418/3213 [01:00<06:08,  7.58it/s]
 13%|█▎        | 419/3213 [01:00<05:51,  7.95it/s]
 13%|█▎        | 420/3213 [01:00<05:51,  7.96it/s]
 13%|█▎        | 421/3213 [01:01<06:09,  7.56it/s]
 13%|█▎        | 422/3213 [01:01<05:48,  8.00it/s]
 13%|█▎        | 423/3213 [01:01<05:59,  7.75it/s]
 13%|█▎        | 424/3213 [01:01<06:07,  7.59it/s]
 13%|█▎        | 425/3213 [01:01<06:04,  7.64it/s]
 13%|█▎        | 426/3213 [01:01<06:01,  7.70it/s]
 13%|█▎        | 427/3213 [01:01<05:59,  7.75it/s]
 13%|█▎        | 428/3213 [01:01<05:58,  7.77it/s]
 13%|█▎        | 429/3213 [01:02<05:58,  7.76it/s]
 13%|█▎        | 430/3213 [01:02<06:09,  7.53it/s]
 13%|█▎        | 431/3213 [01:02<06:10,  7.52it/s]
 13%|█▎        | 432/3213 [01:02<06:09,  7.53it/s]
 13%|█▎        | 433/3213 [01:02<06:04,  7.63it/s]
 14%|█▎        | 434/3213 [01:02<05:58,  7.75it/s]
 14%|█▎        | 435/3213 [01:02<05:53,  7.86it/s]
 14%|█▎        | 436/3213 [01:02<05:52,  7.88it/s]
 14%|█▎        | 437/3213 [01:03<05:52,  7.87it/s]
 14%|█▎        | 438/3213 [01:03<05:56,  7.78it/s]
 14%|█▎        | 439/3213 [01:03<06:11,  7.47it/s]
 14%|█▎        | 440/3213 [01:03<06:00,  7.68it/s]
 14%|█▎        | 441/3213 [01:03<05:54,  7.82it/s]
 14%|█▍        | 442/3213 [01:03<05:51,  7.88it/s]
 14%|█▍        | 443/3213 [01:03<05:47,  7.96it/s]
 14%|█▍        | 444/3213 [01:03<05:47,  7.97it/s]
 14%|█▍        | 445/3213 [01:04<06:08,  7.50it/s]
 14%|█▍        | 446/3213 [01:04<06:09,  7.48it/s]
 14%|█▍        | 447/3213 [01:04<05:52,  7.86it/s]
 14%|█▍        | 448/3213 [01:04<05:49,  7.92it/s]
 14%|█▍        | 449/3213 [01:04<05:51,  7.86it/s]
 14%|█▍        | 450/3213 [01:04<05:42,  8.07it/s]
                                                  
{'loss': 0.0335, 'grad_norm': 0.207071915268898, 'learning_rate': 1.719887955182073e-05, 'epoch': 0.42}

 14%|█▍        | 450/3213 [01:04<05:42,  8.07it/s]
 14%|█▍        | 451/3213 [01:04<05:41,  8.09it/s]
 14%|█▍        | 452/3213 [01:04<05:43,  8.03it/s]
 14%|█▍        | 453/3213 [01:05<05:40,  8.10it/s]
 14%|█▍        | 454/3213 [01:05<05:43,  8.03it/s]
 14%|█▍        | 455/3213 [01:05<05:43,  8.02it/s]
 14%|█▍        | 456/3213 [01:05<05:42,  8.04it/s]
 14%|█▍        | 457/3213 [01:05<05:43,  8.03it/s]
 14%|█▍        | 458/3213 [01:05<05:41,  8.06it/s]
 14%|█▍        | 459/3213 [01:05<05:46,  7.96it/s]
 14%|█▍        | 460/3213 [01:05<05:45,  7.96it/s]
 14%|█▍        | 461/3213 [01:06<05:53,  7.79it/s]
 14%|█▍        | 462/3213 [01:06<05:53,  7.79it/s]
 14%|█▍        | 463/3213 [01:06<05:51,  7.82it/s]
 14%|█▍        | 464/3213 [01:06<05:52,  7.80it/s]
 14%|█▍        | 465/3213 [01:06<06:02,  7.58it/s]
 15%|█▍        | 466/3213 [01:06<05:40,  8.06it/s]
 15%|█▍        | 467/3213 [01:06<05:54,  7.74it/s]
 15%|█▍        | 468/3213 [01:07<05:50,  7.84it/s]
 15%|█▍        | 469/3213 [01:07<05:49,  7.86it/s]
 15%|█▍        | 470/3213 [01:07<06:04,  7.52it/s]
 15%|█▍        | 471/3213 [01:07<05:57,  7.67it/s]
 15%|█▍        | 472/3213 [01:07<05:54,  7.74it/s]
 15%|█▍        | 473/3213 [01:07<05:49,  7.85it/s]
 15%|█▍        | 474/3213 [01:07<05:49,  7.84it/s]
 15%|█▍        | 475/3213 [01:07<05:44,  7.95it/s]
 15%|█▍        | 476/3213 [01:08<05:45,  7.91it/s]
 15%|█▍        | 477/3213 [01:08<05:46,  7.90it/s]
 15%|█▍        | 478/3213 [01:08<05:51,  7.79it/s]
 15%|█▍        | 479/3213 [01:08<05:45,  7.91it/s]
 15%|█▍        | 480/3213 [01:08<05:42,  7.98it/s]
 15%|█▍        | 481/3213 [01:08<05:43,  7.96it/s]
 15%|█▌        | 482/3213 [01:08<05:41,  7.99it/s]
 15%|█▌        | 483/3213 [01:08<05:41,  8.01it/s]
 15%|█▌        | 484/3213 [01:09<05:48,  7.84it/s]
 15%|█▌        | 485/3213 [01:09<05:43,  7.93it/s]
 15%|█▌        | 486/3213 [01:09<05:44,  7.92it/s]
 15%|█▌        | 487/3213 [01:09<05:52,  7.73it/s]
 15%|█▌        | 488/3213 [01:09<05:50,  7.76it/s]
 15%|█▌        | 489/3213 [01:09<05:45,  7.88it/s]
 15%|█▌        | 490/3213 [01:09<05:44,  7.91it/s]
 15%|█▌        | 491/3213 [01:09<05:40,  8.00it/s]
 15%|█▌        | 492/3213 [01:10<05:45,  7.88it/s]
 15%|█▌        | 493/3213 [01:10<05:36,  8.07it/s]
 15%|█▌        | 494/3213 [01:10<05:36,  8.08it/s]
 15%|█▌        | 495/3213 [01:10<05:36,  8.09it/s]
 15%|█▌        | 496/3213 [01:10<05:35,  8.09it/s]
 15%|█▌        | 497/3213 [01:10<05:38,  8.04it/s]
 15%|█▌        | 498/3213 [01:10<05:41,  7.96it/s]
 16%|█▌        | 499/3213 [01:10<05:33,  8.14it/s]
 16%|█▌        | 500/3213 [01:11<05:48,  7.79it/s]
                                                  
{'loss': 0.0274, 'grad_norm': 1.3868881464004517, 'learning_rate': 1.6887643946467478e-05, 'epoch': 0.47}

 16%|█▌        | 500/3213 [01:11<05:48,  7.79it/s]
 16%|█▌        | 501/3213 [01:11<05:49,  7.77it/s]
 16%|█▌        | 502/3213 [01:11<05:41,  7.95it/s]
 16%|█▌        | 503/3213 [01:11<05:41,  7.95it/s]
 16%|█▌        | 504/3213 [01:11<05:40,  7.96it/s]
 16%|█▌        | 505/3213 [01:11<05:39,  7.98it/s]
 16%|█▌        | 506/3213 [01:11<05:43,  7.88it/s]
 16%|█▌        | 507/3213 [01:11<05:37,  8.02it/s]
 16%|█▌        | 508/3213 [01:12<05:36,  8.05it/s]
 16%|█▌        | 509/3213 [01:12<05:38,  7.99it/s]
 16%|█▌        | 510/3213 [01:12<05:47,  7.79it/s]
 16%|█▌        | 511/3213 [01:12<05:42,  7.89it/s]
 16%|█▌        | 512/3213 [01:12<05:39,  7.95it/s]
 16%|█▌        | 513/3213 [01:12<05:36,  8.03it/s]
 16%|█▌        | 514/3213 [01:12<05:34,  8.07it/s]
 16%|█▌        | 515/3213 [01:12<05:33,  8.09it/s]
 16%|█▌        | 516/3213 [01:13<05:35,  8.03it/s]
 16%|█▌        | 517/3213 [01:13<05:49,  7.71it/s]
 16%|█▌        | 518/3213 [01:13<05:32,  8.11it/s]
 16%|█▌        | 519/3213 [01:13<05:30,  8.14it/s]
 16%|█▌        | 520/3213 [01:13<05:47,  7.76it/s]
 16%|█▌        | 521/3213 [01:13<05:28,  8.18it/s]
 16%|█▌        | 522/3213 [01:13<05:35,  8.02it/s]
 16%|█▋        | 523/3213 [01:13<05:28,  8.20it/s]
 16%|█▋        | 524/3213 [01:14<05:42,  7.84it/s]
 16%|█▋        | 525/3213 [01:14<05:24,  8.28it/s]
 16%|█▋        | 526/3213 [01:14<05:26,  8.23it/s]
 16%|█▋        | 527/3213 [01:14<05:35,  8.02it/s]
 16%|█▋        | 528/3213 [01:14<05:24,  8.26it/s]
 16%|█▋        | 529/3213 [01:14<05:24,  8.26it/s]
 16%|█▋        | 530/3213 [01:14<05:25,  8.25it/s]
 17%|█▋        | 531/3213 [01:14<05:25,  8.23it/s]
 17%|█▋        | 532/3213 [01:15<05:37,  7.94it/s]
 17%|█▋        | 533/3213 [01:15<05:35,  7.98it/s]
 17%|█▋        | 534/3213 [01:15<05:34,  8.01it/s]
 17%|█▋        | 535/3213 [01:15<05:31,  8.07it/s]
 17%|█▋        | 536/3213 [01:15<05:35,  7.99it/s]
 17%|█▋        | 537/3213 [01:15<05:32,  8.04it/s]
 17%|█▋        | 538/3213 [01:15<05:34,  8.00it/s]
 17%|█▋        | 539/3213 [01:15<05:29,  8.12it/s]
 17%|█▋        | 540/3213 [01:16<05:28,  8.13it/s]
 17%|█▋        | 541/3213 [01:16<05:39,  7.87it/s]
 17%|█▋        | 542/3213 [01:16<05:31,  8.06it/s]
 17%|█▋        | 543/3213 [01:16<05:30,  8.08it/s]
 17%|█▋        | 544/3213 [01:16<05:30,  8.08it/s]
 17%|█▋        | 545/3213 [01:16<05:32,  8.03it/s]
 17%|█▋        | 546/3213 [01:16<05:29,  8.08it/s]
 17%|█▋        | 547/3213 [01:16<05:28,  8.13it/s]
 17%|█▋        | 548/3213 [01:17<05:36,  7.92it/s]
 17%|█▋        | 549/3213 [01:17<05:35,  7.95it/s]
 17%|█▋        | 550/3213 [01:17<05:36,  7.92it/s]
                                                  
{'loss': 0.0379, 'grad_norm': 5.890285491943359, 'learning_rate': 1.6576408341114227e-05, 'epoch': 0.51}

 17%|█▋        | 550/3213 [01:17<05:36,  7.92it/s]
 17%|█▋        | 551/3213 [01:17<05:32,  8.00it/s]
 17%|█▋        | 552/3213 [01:17<05:30,  8.05it/s]
 17%|█▋        | 553/3213 [01:17<05:27,  8.11it/s]
 17%|█▋        | 554/3213 [01:17<05:28,  8.10it/s]
 17%|█▋        | 555/3213 [01:17<05:25,  8.17it/s]
 17%|█▋        | 556/3213 [01:18<05:29,  8.06it/s]
 17%|█▋        | 557/3213 [01:18<05:27,  8.11it/s]
 17%|█▋        | 558/3213 [01:18<05:32,  7.98it/s]
 17%|█▋        | 559/3213 [01:18<05:26,  8.12it/s]
 17%|█▋        | 560/3213 [01:18<05:40,  7.79it/s]
 17%|█▋        | 561/3213 [01:18<05:43,  7.72it/s]
 17%|█▋        | 562/3213 [01:18<05:37,  7.85it/s]
 18%|█▊        | 563/3213 [01:18<05:33,  7.94it/s]
 18%|█▊        | 564/3213 [01:19<05:59,  7.36it/s]
 18%|█▊        | 565/3213 [01:19<05:38,  7.83it/s]
 18%|█▊        | 566/3213 [01:19<05:30,  8.00it/s]
 18%|█▊        | 567/3213 [01:19<05:35,  7.89it/s]
 18%|█▊        | 568/3213 [01:19<05:24,  8.15it/s]
 18%|█▊        | 569/3213 [01:19<05:24,  8.16it/s]
 18%|█▊        | 570/3213 [01:19<05:25,  8.11it/s]
 18%|█▊        | 571/3213 [01:19<05:22,  8.18it/s]
 18%|█▊        | 572/3213 [01:20<05:29,  8.00it/s]
 18%|█▊        | 573/3213 [01:20<05:28,  8.04it/s]
 18%|█▊        | 574/3213 [01:20<05:40,  7.74it/s]
 18%|█▊        | 575/3213 [01:20<05:36,  7.85it/s]
 18%|█▊        | 576/3213 [01:20<05:33,  7.90it/s]
 18%|█▊        | 577/3213 [01:20<05:31,  7.94it/s]
 18%|█▊        | 578/3213 [01:20<05:31,  7.94it/s]
 18%|█▊        | 579/3213 [01:20<05:27,  8.05it/s]
 18%|█▊        | 580/3213 [01:21<05:26,  8.06it/s]
 18%|█▊        | 581/3213 [01:21<05:29,  7.99it/s]
 18%|█▊        | 582/3213 [01:21<05:29,  8.00it/s]
 18%|█▊        | 583/3213 [01:21<05:28,  8.01it/s]
 18%|█▊        | 584/3213 [01:21<05:30,  7.96it/s]
 18%|█▊        | 585/3213 [01:21<05:27,  8.01it/s]
 18%|█▊        | 586/3213 [01:21<05:26,  8.05it/s]
 18%|█▊        | 587/3213 [01:21<05:28,  8.00it/s]
 18%|█▊        | 588/3213 [01:22<05:34,  7.85it/s]
 18%|█▊        | 589/3213 [01:22<05:23,  8.12it/s]
 18%|█▊        | 590/3213 [01:22<05:23,  8.11it/s]
 18%|█▊        | 591/3213 [01:22<05:23,  8.10it/s]
 18%|█▊        | 592/3213 [01:22<05:23,  8.11it/s]
 18%|█▊        | 593/3213 [01:22<05:29,  7.95it/s]
 18%|█▊        | 594/3213 [01:22<05:27,  8.00it/s]
 19%|█▊        | 595/3213 [01:22<05:24,  8.06it/s]
 19%|█▊        | 596/3213 [01:23<05:34,  7.83it/s]
 19%|█▊        | 597/3213 [01:23<05:32,  7.88it/s]
 19%|█▊        | 598/3213 [01:23<05:27,  8.00it/s]
 19%|█▊        | 599/3213 [01:23<05:26,  8.01it/s]
 19%|█▊        | 600/3213 [01:23<05:24,  8.05it/s]
                                                  
{'loss': 0.0295, 'grad_norm': 6.170449733734131, 'learning_rate': 1.626517273576097e-05, 'epoch': 0.56}

 19%|█▊        | 600/3213 [01:23<05:24,  8.05it/s]
 19%|█▊        | 601/3213 [01:23<05:29,  7.94it/s]
 19%|█▊        | 602/3213 [01:23<05:38,  7.71it/s]
 19%|█▉        | 603/3213 [01:23<05:29,  7.92it/s]
 19%|█▉        | 604/3213 [01:24<05:38,  7.71it/s]
 19%|█▉        | 605/3213 [01:24<05:37,  7.73it/s]
 19%|█▉        | 606/3213 [01:24<05:45,  7.54it/s]
 19%|█▉        | 607/3213 [01:24<05:38,  7.70it/s]
 19%|█▉        | 608/3213 [01:24<05:32,  7.83it/s]
 19%|█▉        | 609/3213 [01:24<05:28,  7.93it/s]
 19%|█▉        | 610/3213 [01:24<05:30,  7.88it/s]
 19%|█▉        | 611/3213 [01:24<05:21,  8.09it/s]
 19%|█▉        | 612/3213 [01:25<05:24,  8.02it/s]
 19%|█▉        | 613/3213 [01:25<05:26,  7.96it/s]
 19%|█▉        | 614/3213 [01:25<05:37,  7.70it/s]
 19%|█▉        | 615/3213 [01:25<05:18,  8.15it/s]
 19%|█▉        | 616/3213 [01:25<05:19,  8.13it/s]
 19%|█▉        | 617/3213 [01:25<05:18,  8.14it/s]
 19%|█▉        | 618/3213 [01:25<05:18,  8.14it/s]
 19%|█▉        | 619/3213 [01:25<05:18,  8.14it/s]
 19%|█▉        | 620/3213 [01:26<05:18,  8.15it/s]
 19%|█▉        | 621/3213 [01:26<05:17,  8.15it/s]
 19%|█▉        | 622/3213 [01:26<05:17,  8.15it/s]
 19%|█▉        | 623/3213 [01:26<05:17,  8.16it/s]
 19%|█▉        | 624/3213 [01:26<05:17,  8.16it/s]
 19%|█▉        | 625/3213 [01:26<05:16,  8.19it/s]
 19%|█▉        | 626/3213 [01:26<05:16,  8.17it/s]
 20%|█▉        | 627/3213 [01:26<05:21,  8.05it/s]
 20%|█▉        | 628/3213 [01:27<05:20,  8.07it/s]
 20%|█▉        | 629/3213 [01:27<05:23,  8.00it/s]
 20%|█▉        | 630/3213 [01:27<05:32,  7.76it/s]
 20%|█▉        | 631/3213 [01:27<05:28,  7.87it/s]
 20%|█▉        | 632/3213 [01:27<05:25,  7.93it/s]
 20%|█▉        | 633/3213 [01:27<05:23,  7.97it/s]
 20%|█▉        | 634/3213 [01:27<05:29,  7.83it/s]
 20%|█▉        | 635/3213 [01:27<05:18,  8.10it/s]
 20%|█▉        | 636/3213 [01:28<05:21,  8.03it/s]
 20%|█▉        | 637/3213 [01:28<05:16,  8.15it/s]
 20%|█▉        | 638/3213 [01:28<05:16,  8.13it/s]
 20%|█▉        | 639/3213 [01:28<05:16,  8.14it/s]
 20%|█▉        | 640/3213 [01:28<05:15,  8.15it/s]
 20%|█▉        | 641/3213 [01:28<05:14,  8.17it/s]
 20%|█▉        | 642/3213 [01:28<05:14,  8.16it/s]
 20%|██        | 643/3213 [01:28<05:15,  8.14it/s]
 20%|██        | 644/3213 [01:29<05:25,  7.88it/s]
 20%|██        | 645/3213 [01:29<05:26,  7.86it/s]
 20%|██        | 646/3213 [01:29<05:20,  8.00it/s]
 20%|██        | 647/3213 [01:29<05:20,  8.00it/s]
 20%|██        | 648/3213 [01:29<05:17,  8.08it/s]
 20%|██        | 649/3213 [01:29<05:17,  8.09it/s]
 20%|██        | 650/3213 [01:29<05:20,  8.00it/s]
                                                  
{'loss': 0.034, 'grad_norm': 0.9604070782661438, 'learning_rate': 1.595393713040772e-05, 'epoch': 0.61}

 20%|██        | 650/3213 [01:29<05:20,  8.00it/s]
 20%|██        | 651/3213 [01:29<05:16,  8.09it/s]
 20%|██        | 652/3213 [01:30<05:26,  7.83it/s]
 20%|██        | 653/3213 [01:30<05:16,  8.10it/s]
 20%|██        | 654/3213 [01:30<05:19,  8.02it/s]
 20%|██        | 655/3213 [01:30<05:18,  8.04it/s]
 20%|██        | 656/3213 [01:30<05:18,  8.03it/s]
 20%|██        | 657/3213 [01:30<05:28,  7.78it/s]
 20%|██        | 658/3213 [01:30<05:23,  7.89it/s]
 21%|██        | 659/3213 [01:30<05:21,  7.94it/s]
 21%|██        | 660/3213 [01:31<05:21,  7.95it/s]
 21%|██        | 661/3213 [01:31<05:23,  7.88it/s]
 21%|██        | 662/3213 [01:31<05:35,  7.61it/s]
 21%|██        | 663/3213 [01:31<05:15,  8.09it/s]
 21%|██        | 664/3213 [01:31<05:14,  8.11it/s]
 21%|██        | 665/3213 [01:31<05:14,  8.10it/s]
 21%|██        | 666/3213 [01:31<05:21,  7.93it/s]
 21%|██        | 667/3213 [01:31<05:10,  8.20it/s]
 21%|██        | 668/3213 [01:32<05:11,  8.17it/s]
 21%|██        | 669/3213 [01:32<05:12,  8.13it/s]
 21%|██        | 670/3213 [01:32<05:31,  7.67it/s]
 21%|██        | 671/3213 [01:32<05:18,  7.99it/s]
 21%|██        | 672/3213 [01:32<05:28,  7.74it/s]
 21%|██        | 673/3213 [01:32<05:23,  7.84it/s]
 21%|██        | 674/3213 [01:32<05:20,  7.93it/s]
 21%|██        | 675/3213 [01:32<05:17,  7.99it/s]
 21%|██        | 676/3213 [01:33<05:16,  8.02it/s]
 21%|██        | 677/3213 [01:33<05:23,  7.85it/s]
 21%|██        | 678/3213 [01:33<05:18,  7.96it/s]
 21%|██        | 679/3213 [01:33<05:17,  7.98it/s]
 21%|██        | 680/3213 [01:33<05:16,  8.00it/s]
 21%|██        | 681/3213 [01:33<05:29,  7.68it/s]
 21%|██        | 682/3213 [01:33<05:24,  7.79it/s]
 21%|██▏       | 683/3213 [01:33<05:24,  7.81it/s]
 21%|██▏       | 684/3213 [01:34<05:42,  7.39it/s]
 21%|██▏       | 685/3213 [01:34<05:34,  7.56it/s]
 21%|██▏       | 686/3213 [01:34<05:27,  7.73it/s]
 21%|██▏       | 687/3213 [01:34<05:20,  7.87it/s]
 21%|██▏       | 688/3213 [01:34<05:17,  7.94it/s]
 21%|██▏       | 689/3213 [01:34<05:15,  8.01it/s]
 21%|██▏       | 690/3213 [01:34<05:13,  8.04it/s]
 22%|██▏       | 691/3213 [01:34<05:14,  8.01it/s]
 22%|██▏       | 692/3213 [01:35<05:10,  8.13it/s]
 22%|██▏       | 693/3213 [01:35<05:10,  8.12it/s]
 22%|██▏       | 694/3213 [01:35<05:10,  8.11it/s]
 22%|██▏       | 695/3213 [01:35<05:10,  8.10it/s]
 22%|██▏       | 696/3213 [01:35<05:10,  8.10it/s]
 22%|██▏       | 697/3213 [01:35<05:11,  8.09it/s]
 22%|██▏       | 698/3213 [01:35<05:12,  8.04it/s]
 22%|██▏       | 699/3213 [01:35<05:12,  8.05it/s]
 22%|██▏       | 700/3213 [01:36<05:22,  7.80it/s]
                                                  
{'loss': 0.0252, 'grad_norm': 1.6245667934417725, 'learning_rate': 1.5642701525054468e-05, 'epoch': 0.65}

 22%|██▏       | 700/3213 [01:36<05:22,  7.80it/s]
 22%|██▏       | 701/3213 [01:36<05:27,  7.66it/s]
 22%|██▏       | 702/3213 [01:36<05:17,  7.92it/s]
 22%|██▏       | 703/3213 [01:36<05:24,  7.72it/s]
 22%|██▏       | 704/3213 [01:36<05:38,  7.41it/s]
 22%|██▏       | 705/3213 [01:36<05:30,  7.59it/s]
 22%|██▏       | 706/3213 [01:36<05:35,  7.48it/s]
 22%|██▏       | 707/3213 [01:37<05:17,  7.89it/s]
 22%|██▏       | 708/3213 [01:37<05:17,  7.89it/s]
 22%|██▏       | 709/3213 [01:37<05:28,  7.63it/s]
 22%|██▏       | 710/3213 [01:37<05:22,  7.77it/s]
 22%|██▏       | 711/3213 [01:37<05:18,  7.86it/s]
 22%|██▏       | 712/3213 [01:37<05:15,  7.93it/s]
 22%|██▏       | 713/3213 [01:37<05:13,  7.98it/s]
 22%|██▏       | 714/3213 [01:37<05:11,  8.02it/s]
 22%|██▏       | 715/3213 [01:38<05:11,  8.01it/s]
 22%|██▏       | 716/3213 [01:38<05:11,  8.02it/s]
 22%|██▏       | 717/3213 [01:38<05:06,  8.16it/s]
 22%|██▏       | 718/3213 [01:38<05:05,  8.17it/s]
 22%|██▏       | 719/3213 [01:38<05:04,  8.18it/s]
 22%|██▏       | 720/3213 [01:38<05:06,  8.13it/s]
 22%|██▏       | 721/3213 [01:38<05:07,  8.11it/s]
 22%|██▏       | 722/3213 [01:38<05:07,  8.09it/s]
 23%|██▎       | 723/3213 [01:39<05:11,  8.00it/s]
 23%|██▎       | 724/3213 [01:39<05:24,  7.67it/s]
 23%|██▎       | 725/3213 [01:39<05:23,  7.69it/s]
 23%|██▎       | 726/3213 [01:39<05:21,  7.74it/s]
 23%|██▎       | 727/3213 [01:39<05:29,  7.55it/s]
 23%|██▎       | 728/3213 [01:39<05:22,  7.71it/s]
 23%|██▎       | 729/3213 [01:39<05:25,  7.62it/s]
 23%|██▎       | 730/3213 [01:39<05:12,  7.93it/s]
 23%|██▎       | 731/3213 [01:40<05:13,  7.93it/s]
 23%|██▎       | 732/3213 [01:40<05:09,  8.02it/s]
 23%|██▎       | 733/3213 [01:40<05:08,  8.03it/s]
 23%|██▎       | 734/3213 [01:40<05:07,  8.05it/s]
 23%|██▎       | 735/3213 [01:40<05:06,  8.08it/s]
 23%|██▎       | 736/3213 [01:40<05:15,  7.86it/s]
 23%|██▎       | 737/3213 [01:40<05:12,  7.93it/s]
 23%|██▎       | 738/3213 [01:40<05:10,  7.98it/s]
 23%|██▎       | 739/3213 [01:41<05:13,  7.90it/s]
 23%|██▎       | 740/3213 [01:41<05:13,  7.89it/s]
 23%|██▎       | 741/3213 [01:41<05:06,  8.06it/s]
 23%|██▎       | 742/3213 [01:41<05:05,  8.08it/s]
 23%|██▎       | 743/3213 [01:41<05:19,  7.72it/s]
 23%|██▎       | 744/3213 [01:41<05:15,  7.83it/s]
 23%|██▎       | 745/3213 [01:41<05:13,  7.88it/s]
 23%|██▎       | 746/3213 [01:41<05:11,  7.92it/s]
 23%|██▎       | 747/3213 [01:42<05:09,  7.97it/s]
 23%|██▎       | 748/3213 [01:42<05:10,  7.95it/s]
 23%|██▎       | 749/3213 [01:42<05:18,  7.73it/s]
 23%|██▎       | 750/3213 [01:42<05:14,  7.83it/s]
                                                  
{'loss': 0.0353, 'grad_norm': 0.4938305914402008, 'learning_rate': 1.5331465919701216e-05, 'epoch': 0.7}

 23%|██▎       | 750/3213 [01:42<05:14,  7.83it/s]
 23%|██▎       | 751/3213 [01:42<05:10,  7.92it/s]
 23%|██▎       | 752/3213 [01:42<05:07,  8.00it/s]
 23%|██▎       | 753/3213 [01:42<05:06,  8.03it/s]
 23%|██▎       | 754/3213 [01:42<05:05,  8.06it/s]
 23%|██▎       | 755/3213 [01:43<05:07,  7.98it/s]
 24%|██▎       | 756/3213 [01:43<05:06,  8.01it/s]
 24%|██▎       | 757/3213 [01:43<05:08,  7.96it/s]
 24%|██▎       | 758/3213 [01:43<05:05,  8.04it/s]
 24%|██▎       | 759/3213 [01:43<05:04,  8.05it/s]
 24%|██▎       | 760/3213 [01:43<05:03,  8.07it/s]
 24%|██▎       | 761/3213 [01:43<05:04,  8.06it/s]
 24%|██▎       | 762/3213 [01:43<05:01,  8.13it/s]
 24%|██▎       | 763/3213 [01:44<05:14,  7.80it/s]
 24%|██▍       | 764/3213 [01:44<05:01,  8.13it/s]
 24%|██▍       | 765/3213 [01:44<05:00,  8.15it/s]
 24%|██▍       | 766/3213 [01:44<05:05,  8.01it/s]
 24%|██▍       | 767/3213 [01:44<05:00,  8.13it/s]
 24%|██▍       | 768/3213 [01:44<05:03,  8.04it/s]
 24%|██▍       | 769/3213 [01:44<05:03,  8.06it/s]
 24%|██▍       | 770/3213 [01:44<05:01,  8.10it/s]
 24%|██▍       | 771/3213 [01:45<05:10,  7.86it/s]
 24%|██▍       | 772/3213 [01:45<05:15,  7.74it/s]
 24%|██▍       | 773/3213 [01:45<05:39,  7.19it/s]
 24%|██▍       | 774/3213 [01:45<05:28,  7.42it/s]
 24%|██▍       | 775/3213 [01:45<05:18,  7.65it/s]
 24%|██▍       | 776/3213 [01:45<05:16,  7.70it/s]
 24%|██▍       | 777/3213 [01:45<05:20,  7.60it/s]
 24%|██▍       | 778/3213 [01:46<05:29,  7.39it/s]
 24%|██▍       | 779/3213 [01:46<05:29,  7.38it/s]
 24%|██▍       | 780/3213 [01:46<05:26,  7.46it/s]
 24%|██▍       | 781/3213 [01:46<05:19,  7.60it/s]
 24%|██▍       | 782/3213 [01:46<05:14,  7.74it/s]
 24%|██▍       | 783/3213 [01:46<05:13,  7.75it/s]
 24%|██▍       | 784/3213 [01:46<05:08,  7.86it/s]
 24%|██▍       | 785/3213 [01:46<05:06,  7.93it/s]
 24%|██▍       | 786/3213 [01:47<05:11,  7.79it/s]
 24%|██▍       | 787/3213 [01:47<05:08,  7.86it/s]
 25%|██▍       | 788/3213 [01:47<05:21,  7.54it/s]
 25%|██▍       | 789/3213 [01:47<05:13,  7.74it/s]
 25%|██▍       | 790/3213 [01:47<05:09,  7.84it/s]
 25%|██▍       | 791/3213 [01:47<05:07,  7.87it/s]
 25%|██▍       | 792/3213 [01:47<05:16,  7.66it/s]
 25%|██▍       | 793/3213 [01:47<05:02,  8.00it/s]
 25%|██▍       | 794/3213 [01:48<05:02,  7.99it/s]
 25%|██▍       | 795/3213 [01:48<05:06,  7.88it/s]
 25%|██▍       | 796/3213 [01:48<05:08,  7.83it/s]
 25%|██▍       | 797/3213 [01:48<05:09,  7.80it/s]
 25%|██▍       | 798/3213 [01:48<05:14,  7.69it/s]
 25%|██▍       | 799/3213 [01:48<05:25,  7.42it/s]
 25%|██▍       | 800/3213 [01:48<05:22,  7.49it/s]
                                                  
{'loss': 0.0313, 'grad_norm': 0.11230410635471344, 'learning_rate': 1.5020230314347963e-05, 'epoch': 0.75}

 25%|██▍       | 800/3213 [01:48<05:22,  7.49it/s]
 25%|██▍       | 801/3213 [01:48<05:16,  7.63it/s]
 25%|██▍       | 802/3213 [01:49<05:14,  7.66it/s]
 25%|██▍       | 803/3213 [01:49<05:24,  7.42it/s]
 25%|██▌       | 804/3213 [01:49<05:30,  7.29it/s]
 25%|██▌       | 805/3213 [01:49<05:21,  7.48it/s]
 25%|██▌       | 806/3213 [01:49<05:15,  7.63it/s]
 25%|██▌       | 807/3213 [01:49<05:15,  7.63it/s]
 25%|██▌       | 808/3213 [01:49<05:09,  7.77it/s]
 25%|██▌       | 809/3213 [01:50<05:09,  7.76it/s]
 25%|██▌       | 810/3213 [01:50<05:04,  7.88it/s]
 25%|██▌       | 811/3213 [01:50<05:04,  7.89it/s]
 25%|██▌       | 812/3213 [01:50<05:02,  7.94it/s]
 25%|██▌       | 813/3213 [01:50<05:01,  7.96it/s]
 25%|██▌       | 814/3213 [01:50<05:07,  7.79it/s]
 25%|██▌       | 815/3213 [01:50<05:06,  7.83it/s]
 25%|██▌       | 816/3213 [01:50<05:03,  7.90it/s]
 25%|██▌       | 817/3213 [01:51<05:04,  7.87it/s]
 25%|██▌       | 818/3213 [01:51<05:01,  7.93it/s]
 25%|██▌       | 819/3213 [01:51<04:59,  7.99it/s]
 26%|██▌       | 820/3213 [01:51<05:17,  7.53it/s]
 26%|██▌       | 821/3213 [01:51<05:14,  7.61it/s]
 26%|██▌       | 822/3213 [01:51<05:11,  7.68it/s]
 26%|██▌       | 823/3213 [01:51<05:19,  7.48it/s]
 26%|██▌       | 824/3213 [01:51<05:00,  7.94it/s]
 26%|██▌       | 825/3213 [01:52<05:00,  7.96it/s]
 26%|██▌       | 826/3213 [01:52<05:09,  7.71it/s]
 26%|██▌       | 827/3213 [01:52<05:07,  7.76it/s]
 26%|██▌       | 828/3213 [01:52<05:05,  7.82it/s]
 26%|██▌       | 829/3213 [01:52<05:04,  7.84it/s]
 26%|██▌       | 830/3213 [01:52<04:57,  8.01it/s]
 26%|██▌       | 831/3213 [01:52<04:56,  8.04it/s]
 26%|██▌       | 832/3213 [01:52<04:54,  8.08it/s]
 26%|██▌       | 833/3213 [01:53<04:55,  8.06it/s]
 26%|██▌       | 834/3213 [01:53<04:56,  8.03it/s]
 26%|██▌       | 835/3213 [01:53<05:08,  7.72it/s]
 26%|██▌       | 836/3213 [01:53<04:51,  8.14it/s]
 26%|██▌       | 837/3213 [01:53<04:52,  8.11it/s]
 26%|██▌       | 838/3213 [01:53<05:04,  7.79it/s]
 26%|██▌       | 839/3213 [01:53<04:55,  8.03it/s]
 26%|██▌       | 840/3213 [01:53<04:52,  8.12it/s]
 26%|██▌       | 841/3213 [01:54<05:07,  7.72it/s]
 26%|██▌       | 842/3213 [01:54<05:15,  7.51it/s]
 26%|██▌       | 843/3213 [01:54<05:04,  7.79it/s]
 26%|██▋       | 844/3213 [01:54<05:06,  7.73it/s]
 26%|██▋       | 845/3213 [01:54<04:59,  7.91it/s]
 26%|██▋       | 846/3213 [01:54<04:59,  7.91it/s]
 26%|██▋       | 847/3213 [01:54<04:57,  7.95it/s]
 26%|██▋       | 848/3213 [01:55<05:10,  7.63it/s]
 26%|██▋       | 849/3213 [01:55<04:52,  8.08it/s]
 26%|██▋       | 850/3213 [01:55<05:05,  7.74it/s]
                                                  
{'loss': 0.0262, 'grad_norm': 1.5118011236190796, 'learning_rate': 1.470899470899471e-05, 'epoch': 0.79}

 26%|██▋       | 850/3213 [01:55<05:05,  7.74it/s]
 26%|██▋       | 851/3213 [01:55<05:08,  7.66it/s]
 27%|██▋       | 852/3213 [01:55<05:03,  7.77it/s]
 27%|██▋       | 853/3213 [01:55<05:00,  7.86it/s]
 27%|██▋       | 854/3213 [01:55<04:58,  7.91it/s]
 27%|██▋       | 855/3213 [01:55<04:58,  7.91it/s]
 27%|██▋       | 856/3213 [01:56<04:58,  7.90it/s]
 27%|██▋       | 857/3213 [01:56<04:54,  8.01it/s]
 27%|██▋       | 858/3213 [01:56<05:10,  7.59it/s]
 27%|██▋       | 859/3213 [01:56<05:05,  7.72it/s]
 27%|██▋       | 860/3213 [01:56<05:01,  7.81it/s]
 27%|██▋       | 861/3213 [01:56<05:12,  7.54it/s]
 27%|██▋       | 862/3213 [01:56<05:05,  7.70it/s]
 27%|██▋       | 863/3213 [01:56<05:01,  7.81it/s]
 27%|██▋       | 864/3213 [01:57<04:59,  7.85it/s]
 27%|██▋       | 865/3213 [01:57<04:55,  7.94it/s]
 27%|██▋       | 866/3213 [01:57<05:04,  7.72it/s]
 27%|██▋       | 867/3213 [01:57<04:59,  7.84it/s]
 27%|██▋       | 868/3213 [01:57<04:56,  7.92it/s]
 27%|██▋       | 869/3213 [01:57<04:53,  8.00it/s]
 27%|██▋       | 870/3213 [01:57<05:03,  7.71it/s]
 27%|██▋       | 871/3213 [01:57<04:45,  8.19it/s]
 27%|██▋       | 872/3213 [01:58<04:49,  8.08it/s]
 27%|██▋       | 873/3213 [01:58<04:48,  8.11it/s]
 27%|██▋       | 874/3213 [01:58<04:48,  8.09it/s]
 27%|██▋       | 875/3213 [01:58<04:49,  8.07it/s]
 27%|██▋       | 876/3213 [01:58<04:50,  8.06it/s]
 27%|██▋       | 877/3213 [01:58<04:51,  8.02it/s]
 27%|██▋       | 878/3213 [01:58<04:50,  8.03it/s]
 27%|██▋       | 879/3213 [01:58<04:49,  8.06it/s]
 27%|██▋       | 880/3213 [01:59<04:51,  8.00it/s]
 27%|██▋       | 881/3213 [01:59<04:51,  8.01it/s]
 27%|██▋       | 882/3213 [01:59<04:50,  8.02it/s]
 27%|██▋       | 883/3213 [01:59<04:51,  8.00it/s]
 28%|██▊       | 884/3213 [01:59<04:49,  8.05it/s]
 28%|██▊       | 885/3213 [01:59<04:48,  8.08it/s]
 28%|██▊       | 886/3213 [01:59<04:51,  7.98it/s]
 28%|██▊       | 887/3213 [01:59<04:45,  8.14it/s]
 28%|██▊       | 888/3213 [02:00<04:47,  8.08it/s]
 28%|██▊       | 889/3213 [02:00<04:46,  8.10it/s]
 28%|██▊       | 890/3213 [02:00<04:46,  8.12it/s]
 28%|██▊       | 891/3213 [02:00<04:43,  8.20it/s]
 28%|██▊       | 892/3213 [02:00<04:58,  7.79it/s]
 28%|██▊       | 893/3213 [02:00<04:56,  7.84it/s]
 28%|██▊       | 894/3213 [02:00<05:01,  7.68it/s]
 28%|██▊       | 895/3213 [02:00<04:59,  7.74it/s]
 28%|██▊       | 896/3213 [02:01<04:54,  7.87it/s]
 28%|██▊       | 897/3213 [02:01<04:52,  7.91it/s]
 28%|██▊       | 898/3213 [02:01<04:50,  7.98it/s]
 28%|██▊       | 899/3213 [02:01<04:48,  8.01it/s]
 28%|██▊       | 900/3213 [02:01<04:48,  8.03it/s]
                                                  
{'loss': 0.0238, 'grad_norm': 0.22607171535491943, 'learning_rate': 1.4397759103641458e-05, 'epoch': 0.84}

 28%|██▊       | 900/3213 [02:01<04:48,  8.03it/s]
 28%|██▊       | 901/3213 [02:01<04:47,  8.04it/s]
 28%|██▊       | 902/3213 [02:01<05:00,  7.69it/s]
 28%|██▊       | 903/3213 [02:01<04:46,  8.05it/s]
 28%|██▊       | 904/3213 [02:02<04:45,  8.08it/s]
 28%|██▊       | 905/3213 [02:02<04:45,  8.09it/s]
 28%|██▊       | 906/3213 [02:02<04:59,  7.69it/s]
 28%|██▊       | 907/3213 [02:02<04:55,  7.80it/s]
 28%|██▊       | 908/3213 [02:02<04:53,  7.87it/s]
 28%|██▊       | 909/3213 [02:02<04:50,  7.92it/s]
 28%|██▊       | 910/3213 [02:02<04:49,  7.96it/s]
 28%|██▊       | 911/3213 [02:02<04:47,  8.00it/s]
 28%|██▊       | 912/3213 [02:03<04:46,  8.04it/s]
 28%|██▊       | 913/3213 [02:03<04:57,  7.73it/s]
 28%|██▊       | 914/3213 [02:03<04:40,  8.18it/s]
 28%|██▊       | 915/3213 [02:03<04:41,  8.17it/s]
 29%|██▊       | 916/3213 [02:03<04:41,  8.16it/s]
 29%|██▊       | 917/3213 [02:03<04:41,  8.16it/s]
 29%|██▊       | 918/3213 [02:03<04:52,  7.84it/s]
 29%|██▊       | 919/3213 [02:03<04:38,  8.25it/s]
 29%|██▊       | 920/3213 [02:04<04:42,  8.11it/s]
 29%|██▊       | 921/3213 [02:04<04:42,  8.11it/s]
 29%|██▊       | 922/3213 [02:04<04:46,  8.00it/s]
 29%|██▊       | 923/3213 [02:04<05:00,  7.62it/s]
 29%|██▉       | 924/3213 [02:04<04:55,  7.74it/s]
 29%|██▉       | 925/3213 [02:04<04:59,  7.63it/s]
 29%|██▉       | 926/3213 [02:04<04:44,  8.04it/s]
 29%|██▉       | 927/3213 [02:04<04:47,  7.96it/s]
 29%|██▉       | 928/3213 [02:05<04:46,  7.98it/s]
 29%|██▉       | 929/3213 [02:05<04:53,  7.78it/s]
 29%|██▉       | 930/3213 [02:05<04:43,  8.05it/s]
 29%|██▉       | 931/3213 [02:05<04:41,  8.10it/s]
 29%|██▉       | 932/3213 [02:05<04:41,  8.09it/s]
 29%|██▉       | 933/3213 [02:05<04:41,  8.11it/s]
 29%|██▉       | 934/3213 [02:05<04:40,  8.11it/s]
 29%|██▉       | 935/3213 [02:05<04:40,  8.12it/s]
 29%|██▉       | 936/3213 [02:06<04:40,  8.12it/s]
 29%|██▉       | 937/3213 [02:06<04:40,  8.10it/s]
 29%|██▉       | 938/3213 [02:06<04:39,  8.14it/s]
 29%|██▉       | 939/3213 [02:06<04:39,  8.12it/s]
 29%|██▉       | 940/3213 [02:06<04:39,  8.13it/s]
 29%|██▉       | 941/3213 [02:06<04:47,  7.91it/s]
 29%|██▉       | 942/3213 [02:06<04:45,  7.96it/s]
 29%|██▉       | 943/3213 [02:06<04:42,  8.03it/s]
 29%|██▉       | 944/3213 [02:07<04:51,  7.78it/s]
 29%|██▉       | 945/3213 [02:07<04:51,  7.78it/s]
 29%|██▉       | 946/3213 [02:07<04:46,  7.90it/s]
 29%|██▉       | 947/3213 [02:07<04:42,  8.02it/s]
 30%|██▉       | 948/3213 [02:07<04:41,  8.05it/s]
 30%|██▉       | 949/3213 [02:07<04:40,  8.06it/s]
 30%|██▉       | 950/3213 [02:07<04:42,  8.01it/s]
                                                  
{'loss': 0.0207, 'grad_norm': 0.5633710026741028, 'learning_rate': 1.4086523498288205e-05, 'epoch': 0.89}

 30%|██▉       | 950/3213 [02:07<04:42,  8.01it/s]
 30%|██▉       | 951/3213 [02:07<04:38,  8.13it/s]
 30%|██▉       | 952/3213 [02:08<04:37,  8.14it/s]
 30%|██▉       | 953/3213 [02:08<04:37,  8.14it/s]
 30%|██▉       | 954/3213 [02:08<04:38,  8.10it/s]
 30%|██▉       | 955/3213 [02:08<04:38,  8.12it/s]
 30%|██▉       | 956/3213 [02:08<04:38,  8.11it/s]
 30%|██▉       | 957/3213 [02:08<04:39,  8.08it/s]
 30%|██▉       | 958/3213 [02:08<04:39,  8.07it/s]
 30%|██▉       | 959/3213 [02:08<04:39,  8.06it/s]
 30%|██▉       | 960/3213 [02:09<04:41,  8.01it/s]
 30%|██▉       | 961/3213 [02:09<04:43,  7.94it/s]
 30%|██▉       | 962/3213 [02:09<04:38,  8.08it/s]
 30%|██▉       | 963/3213 [02:09<04:40,  8.03it/s]
 30%|███       | 964/3213 [02:09<04:41,  7.99it/s]
 30%|███       | 965/3213 [02:09<04:40,  8.00it/s]
 30%|███       | 966/3213 [02:09<04:42,  7.95it/s]
 30%|███       | 967/3213 [02:09<04:38,  8.05it/s]
 30%|███       | 968/3213 [02:10<04:46,  7.84it/s]
 30%|███       | 969/3213 [02:10<04:41,  7.96it/s]
 30%|███       | 970/3213 [02:10<04:49,  7.76it/s]
 30%|███       | 971/3213 [02:10<04:44,  7.87it/s]
 30%|███       | 972/3213 [02:10<04:41,  7.96it/s]
 30%|███       | 973/3213 [02:10<04:40,  8.00it/s]
 30%|███       | 974/3213 [02:10<04:38,  8.03it/s]
 30%|███       | 975/3213 [02:10<04:38,  8.02it/s]
 30%|███       | 976/3213 [02:11<04:38,  8.03it/s]
 30%|███       | 977/3213 [02:11<04:41,  7.95it/s]
 30%|███       | 978/3213 [02:11<04:40,  7.98it/s]
 30%|███       | 979/3213 [02:11<04:38,  8.03it/s]
 31%|███       | 980/3213 [02:11<04:35,  8.09it/s]
 31%|███       | 981/3213 [02:11<04:39,  8.00it/s]
 31%|███       | 982/3213 [02:11<04:39,  7.98it/s]
 31%|███       | 983/3213 [02:11<04:31,  8.22it/s]
 31%|███       | 984/3213 [02:12<04:32,  8.19it/s]
 31%|███       | 985/3213 [02:12<04:39,  7.98it/s]
 31%|███       | 986/3213 [02:12<04:57,  7.49it/s]
 31%|███       | 987/3213 [02:12<04:39,  7.96it/s]
 31%|███       | 988/3213 [02:12<04:38,  8.00it/s]
 31%|███       | 989/3213 [02:12<04:37,  8.02it/s]
 31%|███       | 990/3213 [02:12<04:37,  8.02it/s]
 31%|███       | 991/3213 [02:12<04:38,  7.99it/s]
 31%|███       | 992/3213 [02:13<04:50,  7.65it/s]
 31%|███       | 993/3213 [02:13<04:36,  8.04it/s]
 31%|███       | 994/3213 [02:13<04:34,  8.08it/s]
 31%|███       | 995/3213 [02:13<04:30,  8.20it/s]
 31%|███       | 996/3213 [02:13<04:30,  8.19it/s]
 31%|███       | 997/3213 [02:13<04:30,  8.18it/s]
 31%|███       | 998/3213 [02:13<04:33,  8.09it/s]
 31%|███       | 999/3213 [02:13<04:29,  8.21it/s]
 31%|███       | 1000/3213 [02:14<04:41,  7.86it/s]
                                                   
{'loss': 0.0265, 'grad_norm': 0.34960028529167175, 'learning_rate': 1.3775287892934951e-05, 'epoch': 0.93}

 31%|███       | 1000/3213 [02:14<04:41,  7.86it/s]
 31%|███       | 1001/3213 [02:14<04:38,  7.94it/s]
 31%|███       | 1002/3213 [02:14<04:29,  8.19it/s]
 31%|███       | 1003/3213 [02:14<04:33,  8.09it/s]
 31%|███       | 1004/3213 [02:14<04:31,  8.14it/s]
 31%|███▏      | 1005/3213 [02:14<04:33,  8.08it/s]
 31%|███▏      | 1006/3213 [02:14<04:32,  8.10it/s]
 31%|███▏      | 1007/3213 [02:14<04:31,  8.13it/s]
 31%|███▏      | 1008/3213 [02:15<04:47,  7.66it/s]
 31%|███▏      | 1009/3213 [02:15<04:37,  7.93it/s]
 31%|███▏      | 1010/3213 [02:15<04:36,  7.96it/s]
 31%|███▏      | 1011/3213 [02:15<04:35,  7.99it/s]
 31%|███▏      | 1012/3213 [02:15<04:33,  8.04it/s]
 32%|███▏      | 1013/3213 [02:15<04:32,  8.08it/s]
 32%|███▏      | 1014/3213 [02:15<04:32,  8.07it/s]
 32%|███▏      | 1015/3213 [02:15<04:29,  8.15it/s]
 32%|███▏      | 1016/3213 [02:16<04:44,  7.72it/s]
 32%|███▏      | 1017/3213 [02:16<04:41,  7.80it/s]
 32%|███▏      | 1018/3213 [02:16<04:30,  8.11it/s]
 32%|███▏      | 1019/3213 [02:16<04:30,  8.11it/s]
 32%|███▏      | 1020/3213 [02:16<04:30,  8.10it/s]
 32%|███▏      | 1021/3213 [02:16<04:30,  8.10it/s]
 32%|███▏      | 1022/3213 [02:16<04:29,  8.12it/s]
 32%|███▏      | 1023/3213 [02:16<04:29,  8.13it/s]
 32%|███▏      | 1024/3213 [02:17<04:38,  7.86it/s]
 32%|███▏      | 1025/3213 [02:17<04:38,  7.85it/s]
 32%|███▏      | 1026/3213 [02:17<04:45,  7.65it/s]
 32%|███▏      | 1027/3213 [02:17<04:37,  7.87it/s]
 32%|███▏      | 1028/3213 [02:17<04:35,  7.94it/s]
 32%|███▏      | 1029/3213 [02:17<04:33,  7.99it/s]
 32%|███▏      | 1030/3213 [02:17<04:40,  7.78it/s]
 32%|███▏      | 1031/3213 [02:17<04:28,  8.14it/s]
 32%|███▏      | 1032/3213 [02:18<04:31,  8.03it/s]
 32%|███▏      | 1033/3213 [02:18<04:29,  8.08it/s]
 32%|███▏      | 1034/3213 [02:18<04:28,  8.11it/s]
 32%|███▏      | 1035/3213 [02:18<04:29,  8.09it/s]
 32%|███▏      | 1036/3213 [02:18<04:31,  8.02it/s]
 32%|███▏      | 1037/3213 [02:18<04:30,  8.04it/s]
 32%|███▏      | 1038/3213 [02:18<04:29,  8.06it/s]
 32%|███▏      | 1039/3213 [02:18<04:29,  8.07it/s]
 32%|███▏      | 1040/3213 [02:19<04:51,  7.45it/s]
 32%|███▏      | 1041/3213 [02:19<04:40,  7.74it/s]
 32%|███▏      | 1042/3213 [02:19<04:31,  8.00it/s]
 32%|███▏      | 1043/3213 [02:19<04:28,  8.09it/s]
 32%|███▏      | 1044/3213 [02:19<04:26,  8.12it/s]
 33%|███▎      | 1045/3213 [02:19<04:26,  8.14it/s]
 33%|███▎      | 1046/3213 [02:19<04:36,  7.85it/s]
 33%|███▎      | 1047/3213 [02:19<04:22,  8.25it/s]
 33%|███▎      | 1048/3213 [02:20<04:28,  8.07it/s]
 33%|███▎      | 1049/3213 [02:20<04:24,  8.19it/s]
 33%|███▎      | 1050/3213 [02:20<04:31,  7.97it/s]
                                                   
{'loss': 0.021, 'grad_norm': 0.07187293469905853, 'learning_rate': 1.3464052287581701e-05, 'epoch': 0.98}

 33%|███▎      | 1050/3213 [02:20<04:31,  7.97it/s]
 33%|███▎      | 1051/3213 [02:20<04:30,  8.01it/s]
 33%|███▎      | 1052/3213 [02:20<04:29,  8.03it/s]
 33%|███▎      | 1053/3213 [02:20<04:28,  8.05it/s]
 33%|███▎      | 1054/3213 [02:20<04:27,  8.06it/s]
 33%|███▎      | 1055/3213 [02:20<04:26,  8.08it/s]
 33%|███▎      | 1056/3213 [02:21<04:29,  8.01it/s]
 33%|███▎      | 1057/3213 [02:21<04:32,  7.90it/s]
 33%|███▎      | 1058/3213 [02:21<04:34,  7.85it/s]
 33%|███▎      | 1059/3213 [02:21<04:31,  7.93it/s]
 33%|███▎      | 1060/3213 [02:21<04:29,  7.98it/s]
 33%|███▎      | 1061/3213 [02:21<04:30,  7.96it/s]
 33%|███▎      | 1062/3213 [02:21<04:30,  7.94it/s]
 33%|███▎      | 1063/3213 [02:21<04:39,  7.69it/s]
 33%|███▎      | 1064/3213 [02:22<04:36,  7.76it/s]
 33%|███▎      | 1065/3213 [02:22<04:31,  7.90it/s]
 33%|███▎      | 1066/3213 [02:22<04:32,  7.87it/s]
 33%|███▎      | 1067/3213 [02:22<04:30,  7.93it/s]
 33%|███▎      | 1068/3213 [02:22<04:27,  8.01it/s]
 33%|███▎      | 1069/3213 [02:22<04:26,  8.06it/s]
 33%|███▎      | 1070/3213 [02:22<04:24,  8.09it/s]
 33%|███▎      | 1071/3213 [02:22<04:31,  7.90it/s]

  0%|          | 0/95 [00:00<?, ?it/s][A

  4%|▍         | 4/95 [00:00<00:02, 31.51it/s][A

  8%|▊         | 8/95 [00:00<00:03, 26.65it/s][A

 12%|█▏        | 11/95 [00:00<00:03, 25.32it/s][A

 15%|█▍        | 14/95 [00:00<00:03, 24.56it/s][A

 18%|█▊        | 17/95 [00:00<00:03, 24.16it/s][A

 21%|██        | 20/95 [00:00<00:03, 24.06it/s][A

 24%|██▍       | 23/95 [00:00<00:03, 23.73it/s][A

 27%|██▋       | 26/95 [00:01<00:02, 23.89it/s][A

 31%|███       | 29/95 [00:01<00:02, 23.62it/s][A

 34%|███▎      | 32/95 [00:01<00:02, 23.56it/s][A

 37%|███▋      | 35/95 [00:01<00:02, 23.55it/s][A

 40%|████      | 38/95 [00:01<00:02, 23.56it/s][A

 43%|████▎     | 41/95 [00:01<00:02, 23.47it/s][A

 46%|████▋     | 44/95 [00:01<00:02, 23.44it/s][A

 49%|████▉     | 47/95 [00:01<00:02, 23.63it/s][A

 53%|█████▎    | 50/95 [00:02<00:01, 23.72it/s][A

 56%|█████▌    | 53/95 [00:02<00:01, 23.61it/s][A

 59%|█████▉    | 56/95 [00:02<00:01, 23.59it/s][A

 62%|██████▏   | 59/95 [00:02<00:01, 23.50it/s][A

 65%|██████▌   | 62/95 [00:02<00:01, 23.44it/s][A

 68%|██████▊   | 65/95 [00:02<00:01, 23.50it/s][A

 72%|███████▏  | 68/95 [00:02<00:01, 23.54it/s][A

 75%|███████▍  | 71/95 [00:02<00:01, 23.71it/s][A

 78%|███████▊  | 74/95 [00:03<00:00, 23.64it/s][A

 81%|████████  | 77/95 [00:03<00:00, 23.56it/s][A

 84%|████████▍ | 80/95 [00:03<00:00, 23.79it/s][A

 87%|████████▋ | 83/95 [00:03<00:00, 23.70it/s][A

 91%|█████████ | 86/95 [00:03<00:00, 23.78it/s][A

 94%|█████████▎| 89/95 [00:03<00:00, 23.77it/s][A

 97%|█████████▋| 92/95 [00:03<00:00, 23.62it/s][A

100%|██████████| 95/95 [00:03<00:00, 23.81it/s][A
                                                   

                                               
[A{'eval_loss': 0.02018551714718342, 'eval_accuracy': 0.9918974782968168, 'eval_precision': 0.9959979989994997, 'eval_recall': 0.9877625268728295, 'eval_f1': 0.9918631683825971, 'eval_runtime': 4.5598, 'eval_samples_per_second': 2652.508, 'eval_steps_per_second': 20.834, 'epoch': 1.0}

 33%|███▎      | 1071/3213 [02:27<04:31,  7.90it/s]

100%|██████████| 95/95 [00:03<00:00, 23.81it/s][A

                                               [A
 33%|███▎      | 1072/3213 [02:31<1:31:59,  2.58s/it]
 33%|███▎      | 1073/3213 [02:31<1:05:50,  1.85s/it]
 33%|███▎      | 1074/3213 [02:31<47:42,  1.34s/it]  
 33%|███▎      | 1075/3213 [02:31<34:43,  1.03it/s]
 33%|███▎      | 1076/3213 [02:31<25:37,  1.39it/s]
 34%|███▎      | 1077/3213 [02:31<19:18,  1.84it/s]
 34%|███▎      | 1078/3213 [02:32<14:48,  2.40it/s]
 34%|███▎      | 1079/3213 [02:32<12:03,  2.95it/s]
 34%|███▎      | 1080/3213 [02:32<09:46,  3.64it/s]
 34%|███▎      | 1081/3213 [02:32<08:14,  4.31it/s]
 34%|███▎      | 1082/3213 [02:32<06:54,  5.14it/s]
 34%|███▎      | 1083/3213 [02:32<06:08,  5.78it/s]
 34%|███▎      | 1084/3213 [02:32<05:36,  6.33it/s]
 34%|███▍      | 1085/3213 [02:32<05:14,  6.76it/s]
 34%|███▍      | 1086/3213 [02:33<04:58,  7.13it/s]
 34%|███▍      | 1087/3213 [02:33<04:50,  7.33it/s]
 34%|███▍      | 1088/3213 [02:33<04:39,  7.61it/s]
 34%|███▍      | 1089/3213 [02:33<04:33,  7.77it/s]
 34%|███▍      | 1090/3213 [02:33<04:30,  7.85it/s]
 34%|███▍      | 1091/3213 [02:33<04:29,  7.86it/s]
 34%|███▍      | 1092/3213 [02:33<04:33,  7.75it/s]
 34%|███▍      | 1093/3213 [02:33<04:24,  8.02it/s]
 34%|███▍      | 1094/3213 [02:34<04:39,  7.58it/s]
 34%|███▍      | 1095/3213 [02:34<04:24,  8.02it/s]
 34%|███▍      | 1096/3213 [02:34<04:23,  8.03it/s]
 34%|███▍      | 1097/3213 [02:34<04:29,  7.85it/s]
 34%|███▍      | 1098/3213 [02:34<04:21,  8.09it/s]
 34%|███▍      | 1099/3213 [02:34<04:22,  8.06it/s]
 34%|███▍      | 1100/3213 [02:34<04:21,  8.08it/s]
                                                   
{'loss': 0.0217, 'grad_norm': 0.4440101087093353, 'learning_rate': 1.3152816682228448e-05, 'epoch': 1.03}

 34%|███▍      | 1100/3213 [02:34<04:21,  8.08it/s]
 34%|███▍      | 1101/3213 [02:34<04:22,  8.06it/s]
 34%|███▍      | 1102/3213 [02:35<04:27,  7.90it/s]
 34%|███▍      | 1103/3213 [02:35<04:28,  7.84it/s]
 34%|███▍      | 1104/3213 [02:35<04:23,  8.00it/s]
 34%|███▍      | 1105/3213 [02:35<04:22,  8.03it/s]
 34%|███▍      | 1106/3213 [02:35<04:21,  8.05it/s]
 34%|███▍      | 1107/3213 [02:35<04:21,  8.05it/s]
 34%|███▍      | 1108/3213 [02:35<04:29,  7.82it/s]
 35%|███▍      | 1109/3213 [02:35<04:18,  8.13it/s]
 35%|███▍      | 1110/3213 [02:36<04:27,  7.86it/s]
 35%|███▍      | 1111/3213 [02:36<04:18,  8.14it/s]
 35%|███▍      | 1112/3213 [02:36<04:20,  8.06it/s]
 35%|███▍      | 1113/3213 [02:36<04:19,  8.09it/s]
 35%|███▍      | 1114/3213 [02:36<04:21,  8.03it/s]
 35%|███▍      | 1115/3213 [02:36<04:20,  8.06it/s]
 35%|███▍      | 1116/3213 [02:36<04:20,  8.05it/s]
 35%|███▍      | 1117/3213 [02:36<04:30,  7.74it/s]
 35%|███▍      | 1118/3213 [02:37<04:39,  7.51it/s]
 35%|███▍      | 1119/3213 [02:37<04:45,  7.33it/s]
 35%|███▍      | 1120/3213 [02:37<04:34,  7.63it/s]
 35%|███▍      | 1121/3213 [02:37<04:22,  7.96it/s]
 35%|███▍      | 1122/3213 [02:37<04:21,  7.99it/s]
 35%|███▍      | 1123/3213 [02:37<04:20,  8.04it/s]
 35%|███▍      | 1124/3213 [02:37<04:19,  8.06it/s]
 35%|███▌      | 1125/3213 [02:37<04:17,  8.09it/s]
 35%|███▌      | 1126/3213 [02:38<04:17,  8.11it/s]
 35%|███▌      | 1127/3213 [02:38<04:17,  8.10it/s]
 35%|███▌      | 1128/3213 [02:38<04:17,  8.11it/s]
 35%|███▌      | 1129/3213 [02:38<04:17,  8.10it/s]
 35%|███▌      | 1130/3213 [02:38<04:17,  8.08it/s]
 35%|███▌      | 1131/3213 [02:38<04:18,  8.06it/s]
 35%|███▌      | 1132/3213 [02:38<04:18,  8.05it/s]
 35%|███▌      | 1133/3213 [02:38<04:18,  8.04it/s]
 35%|███▌      | 1134/3213 [02:39<04:17,  8.07it/s]
 35%|███▌      | 1135/3213 [02:39<04:23,  7.89it/s]
 35%|███▌      | 1136/3213 [02:39<04:14,  8.16it/s]
 35%|███▌      | 1137/3213 [02:39<04:14,  8.14it/s]
 35%|███▌      | 1138/3213 [02:39<04:15,  8.13it/s]
 35%|███▌      | 1139/3213 [02:39<04:14,  8.14it/s]
 35%|███▌      | 1140/3213 [02:39<04:23,  7.87it/s]
 36%|███▌      | 1141/3213 [02:39<04:13,  8.17it/s]
 36%|███▌      | 1142/3213 [02:40<04:22,  7.89it/s]
 36%|███▌      | 1143/3213 [02:40<04:18,  8.01it/s]
 36%|███▌      | 1144/3213 [02:40<04:19,  7.97it/s]
 36%|███▌      | 1145/3213 [02:40<04:18,  7.99it/s]
 36%|███▌      | 1146/3213 [02:40<04:18,  8.00it/s]
 36%|███▌      | 1147/3213 [02:40<04:17,  8.02it/s]
 36%|███▌      | 1148/3213 [02:40<04:16,  8.04it/s]
 36%|███▌      | 1149/3213 [02:40<04:16,  8.05it/s]
 36%|███▌      | 1150/3213 [02:41<04:16,  8.03it/s]
                                                   
{'loss': 0.0104, 'grad_norm': 0.018017038702964783, 'learning_rate': 1.2841581076875196e-05, 'epoch': 1.07}

 36%|███▌      | 1150/3213 [02:41<04:16,  8.03it/s]
 36%|███▌      | 1151/3213 [02:41<04:19,  7.95it/s]
 36%|███▌      | 1152/3213 [02:41<04:14,  8.09it/s]
 36%|███▌      | 1153/3213 [02:41<04:17,  7.99it/s]
 36%|███▌      | 1154/3213 [02:41<04:17,  8.01it/s]
 36%|███▌      | 1155/3213 [02:41<04:17,  7.99it/s]
 36%|███▌      | 1156/3213 [02:41<04:19,  7.92it/s]
 36%|███▌      | 1157/3213 [02:41<04:17,  7.98it/s]
 36%|███▌      | 1158/3213 [02:42<04:16,  8.00it/s]
 36%|███▌      | 1159/3213 [02:42<04:18,  7.95it/s]
 36%|███▌      | 1160/3213 [02:42<04:28,  7.64it/s]
 36%|███▌      | 1161/3213 [02:42<04:24,  7.75it/s]
 36%|███▌      | 1162/3213 [02:42<04:30,  7.57it/s]
 36%|███▌      | 1163/3213 [02:42<04:36,  7.40it/s]
 36%|███▌      | 1164/3213 [02:42<04:19,  7.91it/s]
 36%|███▋      | 1165/3213 [02:42<04:31,  7.54it/s]
 36%|███▋      | 1166/3213 [02:43<04:25,  7.71it/s]
 36%|███▋      | 1167/3213 [02:43<04:17,  7.96it/s]
 36%|███▋      | 1168/3213 [02:43<04:15,  7.99it/s]
 36%|███▋      | 1169/3213 [02:43<04:14,  8.03it/s]
 36%|███▋      | 1170/3213 [02:43<04:13,  8.07it/s]
 36%|███▋      | 1171/3213 [02:43<04:12,  8.08it/s]
 36%|███▋      | 1172/3213 [02:43<04:18,  7.90it/s]
 37%|███▋      | 1173/3213 [02:43<04:16,  7.94it/s]
 37%|███▋      | 1174/3213 [02:44<04:19,  7.85it/s]
 37%|███▋      | 1175/3213 [02:44<04:19,  7.85it/s]
 37%|███▋      | 1176/3213 [02:44<04:18,  7.89it/s]
 37%|███▋      | 1177/3213 [02:44<04:19,  7.84it/s]
 37%|███▋      | 1178/3213 [02:44<04:16,  7.92it/s]
 37%|███▋      | 1179/3213 [02:44<04:14,  7.99it/s]
 37%|███▋      | 1180/3213 [02:44<04:13,  8.02it/s]
 37%|███▋      | 1181/3213 [02:44<04:14,  7.98it/s]
 37%|███▋      | 1182/3213 [02:45<04:12,  8.05it/s]
 37%|███▋      | 1183/3213 [02:45<04:12,  8.03it/s]
 37%|███▋      | 1184/3213 [02:45<04:14,  7.98it/s]
 37%|███▋      | 1185/3213 [02:45<04:18,  7.84it/s]
 37%|███▋      | 1186/3213 [02:45<04:10,  8.10it/s]
 37%|███▋      | 1187/3213 [02:45<04:11,  8.04it/s]
 37%|███▋      | 1188/3213 [02:45<04:20,  7.78it/s]
 37%|███▋      | 1189/3213 [02:46<04:14,  7.96it/s]
 37%|███▋      | 1190/3213 [02:46<04:32,  7.42it/s]
 37%|███▋      | 1191/3213 [02:46<04:43,  7.13it/s]
 37%|███▋      | 1192/3213 [02:46<04:48,  7.02it/s]
 37%|███▋      | 1193/3213 [02:46<04:35,  7.33it/s]
 37%|███▋      | 1194/3213 [02:46<04:29,  7.50it/s]
 37%|███▋      | 1195/3213 [02:46<04:23,  7.64it/s]
 37%|███▋      | 1196/3213 [02:46<04:21,  7.72it/s]
 37%|███▋      | 1197/3213 [02:47<04:17,  7.83it/s]
 37%|███▋      | 1198/3213 [02:47<04:21,  7.70it/s]
 37%|███▋      | 1199/3213 [02:47<04:25,  7.58it/s]
 37%|███▋      | 1200/3213 [02:47<04:18,  7.78it/s]
                                                   
{'loss': 0.0134, 'grad_norm': 0.27540943026542664, 'learning_rate': 1.2530345471521943e-05, 'epoch': 1.12}

 37%|███▋      | 1200/3213 [02:47<04:18,  7.78it/s]
 37%|███▋      | 1201/3213 [02:47<04:12,  7.96it/s]
 37%|███▋      | 1202/3213 [02:47<04:11,  8.00it/s]
 37%|███▋      | 1203/3213 [02:47<04:11,  7.99it/s]
 37%|███▋      | 1204/3213 [02:47<04:11,  8.00it/s]
 38%|███▊      | 1205/3213 [02:48<04:13,  7.92it/s]
 38%|███▊      | 1206/3213 [02:48<04:23,  7.62it/s]
 38%|███▊      | 1207/3213 [02:48<04:15,  7.85it/s]
 38%|███▊      | 1208/3213 [02:48<04:13,  7.90it/s]
 38%|███▊      | 1209/3213 [02:48<04:18,  7.75it/s]
 38%|███▊      | 1210/3213 [02:48<04:14,  7.88it/s]
 38%|███▊      | 1211/3213 [02:48<04:05,  8.16it/s]
 38%|███▊      | 1212/3213 [02:48<04:06,  8.12it/s]
 38%|███▊      | 1213/3213 [02:49<04:08,  8.04it/s]
 38%|███▊      | 1214/3213 [02:49<04:05,  8.14it/s]
 38%|███▊      | 1215/3213 [02:49<04:16,  7.79it/s]
 38%|███▊      | 1216/3213 [02:49<04:25,  7.53it/s]
 38%|███▊      | 1217/3213 [02:49<04:25,  7.52it/s]
 38%|███▊      | 1218/3213 [02:49<04:25,  7.50it/s]
 38%|███▊      | 1219/3213 [02:49<04:27,  7.45it/s]
 38%|███▊      | 1220/3213 [02:50<04:33,  7.28it/s]
 38%|███▊      | 1221/3213 [02:50<04:29,  7.38it/s]
 38%|███▊      | 1222/3213 [02:50<04:22,  7.58it/s]
 38%|███▊      | 1223/3213 [02:50<04:18,  7.71it/s]
 38%|███▊      | 1224/3213 [02:50<04:14,  7.81it/s]
 38%|███▊      | 1225/3213 [02:50<04:12,  7.86it/s]
 38%|███▊      | 1226/3213 [02:50<04:11,  7.91it/s]
 38%|███▊      | 1227/3213 [02:50<04:09,  7.94it/s]
 38%|███▊      | 1228/3213 [02:51<04:13,  7.82it/s]
 38%|███▊      | 1229/3213 [02:51<04:13,  7.83it/s]
 38%|███▊      | 1230/3213 [02:51<04:08,  7.98it/s]
 38%|███▊      | 1231/3213 [02:51<04:07,  8.01it/s]
 38%|███▊      | 1232/3213 [02:51<04:07,  7.99it/s]
 38%|███▊      | 1233/3213 [02:51<04:07,  7.99it/s]
 38%|███▊      | 1234/3213 [02:51<04:14,  7.79it/s]
 38%|███▊      | 1235/3213 [02:51<04:04,  8.09it/s]
 38%|███▊      | 1236/3213 [02:52<04:05,  8.07it/s]
 38%|███▊      | 1237/3213 [02:52<04:04,  8.09it/s]
 39%|███▊      | 1238/3213 [02:52<04:11,  7.87it/s]
 39%|███▊      | 1239/3213 [02:52<04:09,  7.92it/s]
 39%|███▊      | 1240/3213 [02:52<04:07,  7.97it/s]
 39%|███▊      | 1241/3213 [02:52<04:06,  8.01it/s]
 39%|███▊      | 1242/3213 [02:52<04:07,  7.98it/s]
 39%|███▊      | 1243/3213 [02:52<04:03,  8.08it/s]
 39%|███▊      | 1244/3213 [02:53<04:03,  8.10it/s]
 39%|███▊      | 1245/3213 [02:53<04:05,  8.03it/s]
 39%|███▉      | 1246/3213 [02:53<04:02,  8.10it/s]
 39%|███▉      | 1247/3213 [02:53<04:03,  8.08it/s]
 39%|███▉      | 1248/3213 [02:53<04:03,  8.06it/s]
 39%|███▉      | 1249/3213 [02:53<04:04,  8.05it/s]
 39%|███▉      | 1250/3213 [02:53<04:04,  8.02it/s]
                                                   
{'loss': 0.0104, 'grad_norm': 0.1121562123298645, 'learning_rate': 1.221910986616869e-05, 'epoch': 1.17}

 39%|███▉      | 1250/3213 [02:53<04:04,  8.02it/s]
 39%|███▉      | 1251/3213 [02:53<04:03,  8.07it/s]
 39%|███▉      | 1252/3213 [02:54<04:05,  8.00it/s]
 39%|███▉      | 1253/3213 [02:54<04:02,  8.08it/s]
 39%|███▉      | 1254/3213 [02:54<04:03,  8.04it/s]
 39%|███▉      | 1255/3213 [02:54<04:05,  7.99it/s]
 39%|███▉      | 1256/3213 [02:54<04:09,  7.86it/s]
 39%|███▉      | 1257/3213 [02:54<04:06,  7.94it/s]
 39%|███▉      | 1258/3213 [02:54<04:04,  8.00it/s]
 39%|███▉      | 1259/3213 [02:54<04:03,  8.02it/s]
 39%|███▉      | 1260/3213 [02:55<04:08,  7.86it/s]
 39%|███▉      | 1261/3213 [02:55<04:09,  7.84it/s]
 39%|███▉      | 1262/3213 [02:55<04:03,  8.00it/s]
 39%|███▉      | 1263/3213 [02:55<04:02,  8.05it/s]
 39%|███▉      | 1264/3213 [02:55<04:01,  8.08it/s]
 39%|███▉      | 1265/3213 [02:55<04:00,  8.10it/s]
 39%|███▉      | 1266/3213 [02:55<04:02,  8.04it/s]
 39%|███▉      | 1267/3213 [02:55<03:59,  8.13it/s]
 39%|███▉      | 1268/3213 [02:56<04:06,  7.87it/s]
 39%|███▉      | 1269/3213 [02:56<04:01,  8.05it/s]
 40%|███▉      | 1270/3213 [02:56<04:02,  8.00it/s]
 40%|███▉      | 1271/3213 [02:56<04:05,  7.92it/s]
 40%|███▉      | 1272/3213 [02:56<04:04,  7.93it/s]
 40%|███▉      | 1273/3213 [02:56<04:09,  7.78it/s]
 40%|███▉      | 1274/3213 [02:56<04:05,  7.91it/s]
 40%|███▉      | 1275/3213 [02:56<04:05,  7.90it/s]
 40%|███▉      | 1276/3213 [02:57<04:04,  7.92it/s]
 40%|███▉      | 1277/3213 [02:57<04:10,  7.73it/s]
 40%|███▉      | 1278/3213 [02:57<04:15,  7.57it/s]
 40%|███▉      | 1279/3213 [02:57<04:09,  7.77it/s]
 40%|███▉      | 1280/3213 [02:57<04:05,  7.87it/s]
 40%|███▉      | 1281/3213 [02:57<04:14,  7.59it/s]
 40%|███▉      | 1282/3213 [02:57<04:14,  7.58it/s]
 40%|███▉      | 1283/3213 [02:57<04:16,  7.51it/s]
 40%|███▉      | 1284/3213 [02:58<04:05,  7.86it/s]
 40%|███▉      | 1285/3213 [02:58<04:07,  7.79it/s]
 40%|████      | 1286/3213 [02:58<04:11,  7.65it/s]
 40%|████      | 1287/3213 [02:58<04:00,  8.02it/s]
 40%|████      | 1288/3213 [02:58<04:10,  7.69it/s]
 40%|████      | 1289/3213 [02:58<04:05,  7.83it/s]
 40%|████      | 1290/3213 [02:58<04:04,  7.88it/s]
 40%|████      | 1291/3213 [02:59<04:01,  7.94it/s]
 40%|████      | 1292/3213 [02:59<04:00,  7.98it/s]
 40%|████      | 1293/3213 [02:59<04:07,  7.76it/s]
 40%|████      | 1294/3213 [02:59<04:10,  7.67it/s]
 40%|████      | 1295/3213 [02:59<04:07,  7.76it/s]
 40%|████      | 1296/3213 [02:59<04:04,  7.84it/s]
 40%|████      | 1297/3213 [02:59<04:02,  7.89it/s]
 40%|████      | 1298/3213 [02:59<04:01,  7.94it/s]
 40%|████      | 1299/3213 [03:00<04:00,  7.96it/s]
 40%|████      | 1300/3213 [03:00<04:00,  7.97it/s]
                                                   
{'loss': 0.0201, 'grad_norm': 0.5519663095474243, 'learning_rate': 1.1907874260815438e-05, 'epoch': 1.21}

 40%|████      | 1300/3213 [03:00<04:00,  7.97it/s]
 40%|████      | 1301/3213 [03:00<03:58,  8.03it/s]
 41%|████      | 1302/3213 [03:00<03:57,  8.05it/s]
 41%|████      | 1303/3213 [03:00<03:56,  8.06it/s]
 41%|████      | 1304/3213 [03:00<03:57,  8.03it/s]
 41%|████      | 1305/3213 [03:00<03:57,  8.02it/s]
 41%|████      | 1306/3213 [03:00<03:57,  8.01it/s]
 41%|████      | 1307/3213 [03:01<03:59,  7.95it/s]
 41%|████      | 1308/3213 [03:01<03:58,  7.99it/s]
 41%|████      | 1309/3213 [03:01<03:59,  7.96it/s]
 41%|████      | 1310/3213 [03:01<04:03,  7.81it/s]
 41%|████      | 1311/3213 [03:01<04:00,  7.90it/s]
 41%|████      | 1312/3213 [03:01<03:58,  7.98it/s]
 41%|████      | 1313/3213 [03:01<03:57,  8.01it/s]
 41%|████      | 1314/3213 [03:01<03:56,  8.02it/s]
 41%|████      | 1315/3213 [03:02<03:56,  8.03it/s]
 41%|████      | 1316/3213 [03:02<03:56,  8.04it/s]
 41%|████      | 1317/3213 [03:02<04:04,  7.77it/s]
 41%|████      | 1318/3213 [03:02<03:57,  7.96it/s]
 41%|████      | 1319/3213 [03:02<03:56,  8.01it/s]
 41%|████      | 1320/3213 [03:02<04:07,  7.65it/s]
 41%|████      | 1321/3213 [03:02<03:54,  8.07it/s]
 41%|████      | 1322/3213 [03:02<03:54,  8.06it/s]
 41%|████      | 1323/3213 [03:03<03:57,  7.95it/s]
 41%|████      | 1324/3213 [03:03<03:56,  7.99it/s]
 41%|████      | 1325/3213 [03:03<03:57,  7.95it/s]
 41%|████▏     | 1326/3213 [03:03<04:00,  7.84it/s]
 41%|████▏     | 1327/3213 [03:03<04:09,  7.57it/s]
 41%|████▏     | 1328/3213 [03:03<04:04,  7.70it/s]
 41%|████▏     | 1329/3213 [03:03<04:09,  7.55it/s]
 41%|████▏     | 1330/3213 [03:03<03:54,  8.02it/s]
 41%|████▏     | 1331/3213 [03:04<03:57,  7.92it/s]
 41%|████▏     | 1332/3213 [03:04<03:57,  7.93it/s]
 41%|████▏     | 1333/3213 [03:04<03:57,  7.92it/s]
 42%|████▏     | 1334/3213 [03:04<03:58,  7.88it/s]
 42%|████▏     | 1335/3213 [03:04<03:53,  8.05it/s]
 42%|████▏     | 1336/3213 [03:04<03:53,  8.05it/s]
 42%|████▏     | 1337/3213 [03:04<03:53,  8.05it/s]
 42%|████▏     | 1338/3213 [03:04<03:53,  8.03it/s]
 42%|████▏     | 1339/3213 [03:05<03:57,  7.88it/s]
 42%|████▏     | 1340/3213 [03:05<03:58,  7.86it/s]
 42%|████▏     | 1341/3213 [03:05<03:53,  8.02it/s]
 42%|████▏     | 1342/3213 [03:05<03:52,  8.06it/s]
 42%|████▏     | 1343/3213 [03:05<03:52,  8.05it/s]
 42%|████▏     | 1344/3213 [03:05<03:52,  8.05it/s]
 42%|████▏     | 1345/3213 [03:05<03:57,  7.87it/s]
 42%|████▏     | 1346/3213 [03:05<03:50,  8.09it/s]
 42%|████▏     | 1347/3213 [03:06<03:53,  7.98it/s]
 42%|████▏     | 1348/3213 [03:06<03:51,  8.06it/s]
 42%|████▏     | 1349/3213 [03:06<03:52,  8.03it/s]
 42%|████▏     | 1350/3213 [03:06<03:51,  8.06it/s]
                                                   
{'loss': 0.0136, 'grad_norm': 0.10925964266061783, 'learning_rate': 1.1596638655462186e-05, 'epoch': 1.26}

 42%|████▏     | 1350/3213 [03:06<03:51,  8.06it/s]
 42%|████▏     | 1351/3213 [03:06<03:52,  8.00it/s]
 42%|████▏     | 1352/3213 [03:06<03:52,  8.00it/s]
 42%|████▏     | 1353/3213 [03:06<03:52,  8.01it/s]
 42%|████▏     | 1354/3213 [03:06<03:54,  7.92it/s]
 42%|████▏     | 1355/3213 [03:07<04:01,  7.70it/s]
 42%|████▏     | 1356/3213 [03:07<04:09,  7.45it/s]
 42%|████▏     | 1357/3213 [03:07<03:55,  7.87it/s]
 42%|████▏     | 1358/3213 [03:07<03:51,  8.01it/s]
 42%|████▏     | 1359/3213 [03:07<03:51,  8.02it/s]
 42%|████▏     | 1360/3213 [03:07<03:55,  7.86it/s]
 42%|████▏     | 1361/3213 [03:07<04:00,  7.70it/s]
 42%|████▏     | 1362/3213 [03:07<04:02,  7.63it/s]
 42%|████▏     | 1363/3213 [03:08<04:01,  7.65it/s]
 42%|████▏     | 1364/3213 [03:08<04:07,  7.48it/s]
 42%|████▏     | 1365/3213 [03:08<04:00,  7.68it/s]
 43%|████▎     | 1366/3213 [03:08<03:57,  7.77it/s]
 43%|████▎     | 1367/3213 [03:08<03:55,  7.84it/s]
 43%|████▎     | 1368/3213 [03:08<03:53,  7.90it/s]
 43%|████▎     | 1369/3213 [03:08<03:52,  7.95it/s]
 43%|████▎     | 1370/3213 [03:08<03:53,  7.90it/s]
 43%|████▎     | 1371/3213 [03:09<03:50,  8.00it/s]
 43%|████▎     | 1372/3213 [03:09<03:53,  7.89it/s]
 43%|████▎     | 1373/3213 [03:09<03:52,  7.90it/s]
 43%|████▎     | 1374/3213 [03:09<03:59,  7.69it/s]
 43%|████▎     | 1375/3213 [03:09<04:03,  7.56it/s]
 43%|████▎     | 1376/3213 [03:09<03:50,  7.96it/s]
 43%|████▎     | 1377/3213 [03:09<03:57,  7.74it/s]
 43%|████▎     | 1378/3213 [03:10<03:55,  7.80it/s]
 43%|████▎     | 1379/3213 [03:10<03:54,  7.83it/s]
 43%|████▎     | 1380/3213 [03:10<03:52,  7.90it/s]
 43%|████▎     | 1381/3213 [03:10<03:49,  7.98it/s]
 43%|████▎     | 1382/3213 [03:10<03:48,  8.01it/s]
 43%|████▎     | 1383/3213 [03:10<03:48,  8.01it/s]
 43%|████▎     | 1384/3213 [03:10<03:48,  8.01it/s]
 43%|████▎     | 1385/3213 [03:10<03:48,  8.01it/s]
 43%|████▎     | 1386/3213 [03:11<03:47,  8.02it/s]
 43%|████▎     | 1387/3213 [03:11<03:47,  8.02it/s]
 43%|████▎     | 1388/3213 [03:11<03:47,  8.01it/s]
 43%|████▎     | 1389/3213 [03:11<03:52,  7.84it/s]
 43%|████▎     | 1390/3213 [03:11<03:51,  7.88it/s]
 43%|████▎     | 1391/3213 [03:11<03:49,  7.95it/s]
 43%|████▎     | 1392/3213 [03:11<03:47,  7.99it/s]
 43%|████▎     | 1393/3213 [03:11<03:52,  7.82it/s]
 43%|████▎     | 1394/3213 [03:12<03:44,  8.10it/s]
 43%|████▎     | 1395/3213 [03:12<03:44,  8.09it/s]
 43%|████▎     | 1396/3213 [03:12<03:51,  7.84it/s]
 43%|████▎     | 1397/3213 [03:12<03:45,  8.06it/s]
 44%|████▎     | 1398/3213 [03:12<03:45,  8.03it/s]
 44%|████▎     | 1399/3213 [03:12<03:46,  8.01it/s]
 44%|████▎     | 1400/3213 [03:12<03:45,  8.04it/s]
                                                   
{'loss': 0.0096, 'grad_norm': 0.014829781837761402, 'learning_rate': 1.1285403050108935e-05, 'epoch': 1.31}

 44%|████▎     | 1400/3213 [03:12<03:45,  8.04it/s]
 44%|████▎     | 1401/3213 [03:12<03:57,  7.63it/s]
 44%|████▎     | 1402/3213 [03:13<04:00,  7.54it/s]
 44%|████▎     | 1403/3213 [03:13<04:01,  7.50it/s]
 44%|████▎     | 1404/3213 [03:13<03:49,  7.88it/s]
 44%|████▎     | 1405/3213 [03:13<03:47,  7.94it/s]
 44%|████▍     | 1406/3213 [03:13<03:46,  7.98it/s]
 44%|████▍     | 1407/3213 [03:13<03:46,  7.99it/s]
 44%|████▍     | 1408/3213 [03:13<03:47,  7.95it/s]
 44%|████▍     | 1409/3213 [03:13<03:45,  7.99it/s]
 44%|████▍     | 1410/3213 [03:14<03:47,  7.94it/s]
 44%|████▍     | 1411/3213 [03:14<03:45,  8.00it/s]
 44%|████▍     | 1412/3213 [03:14<03:45,  7.99it/s]
 44%|████▍     | 1413/3213 [03:14<03:54,  7.68it/s]
 44%|████▍     | 1414/3213 [03:14<03:41,  8.11it/s]
 44%|████▍     | 1415/3213 [03:14<03:47,  7.89it/s]
 44%|████▍     | 1416/3213 [03:14<03:45,  7.95it/s]
 44%|████▍     | 1417/3213 [03:14<03:44,  8.00it/s]
 44%|████▍     | 1418/3213 [03:15<03:44,  8.01it/s]
 44%|████▍     | 1419/3213 [03:15<03:46,  7.92it/s]
 44%|████▍     | 1420/3213 [03:15<03:43,  8.02it/s]
 44%|████▍     | 1421/3213 [03:15<03:43,  8.01it/s]
 44%|████▍     | 1422/3213 [03:15<03:43,  8.03it/s]
 44%|████▍     | 1423/3213 [03:15<03:47,  7.87it/s]
 44%|████▍     | 1424/3213 [03:15<03:51,  7.74it/s]
 44%|████▍     | 1425/3213 [03:15<03:38,  8.19it/s]
 44%|████▍     | 1426/3213 [03:16<03:51,  7.73it/s]
 44%|████▍     | 1427/3213 [03:16<03:42,  8.04it/s]
 44%|████▍     | 1428/3213 [03:16<03:41,  8.06it/s]
 44%|████▍     | 1429/3213 [03:16<03:40,  8.08it/s]
 45%|████▍     | 1430/3213 [03:16<03:40,  8.10it/s]
 45%|████▍     | 1431/3213 [03:16<03:40,  8.09it/s]
 45%|████▍     | 1432/3213 [03:16<03:40,  8.10it/s]
 45%|████▍     | 1433/3213 [03:16<03:46,  7.87it/s]
 45%|████▍     | 1434/3213 [03:17<03:44,  7.92it/s]
 45%|████▍     | 1435/3213 [03:17<03:45,  7.89it/s]
 45%|████▍     | 1436/3213 [03:17<03:47,  7.83it/s]
 45%|████▍     | 1437/3213 [03:17<03:43,  7.96it/s]
 45%|████▍     | 1438/3213 [03:17<03:42,  7.97it/s]
 45%|████▍     | 1439/3213 [03:17<03:41,  7.99it/s]
 45%|████▍     | 1440/3213 [03:17<03:42,  7.98it/s]
 45%|████▍     | 1441/3213 [03:17<03:40,  8.04it/s]
 45%|████▍     | 1442/3213 [03:18<03:39,  8.06it/s]
 45%|████▍     | 1443/3213 [03:18<03:39,  8.06it/s]
 45%|████▍     | 1444/3213 [03:18<03:38,  8.10it/s]
 45%|████▍     | 1445/3213 [03:18<03:38,  8.10it/s]
 45%|████▌     | 1446/3213 [03:18<03:38,  8.09it/s]
 45%|████▌     | 1447/3213 [03:18<03:38,  8.07it/s]
 45%|████▌     | 1448/3213 [03:18<03:39,  8.05it/s]
 45%|████▌     | 1449/3213 [03:18<03:39,  8.03it/s]
 45%|████▌     | 1450/3213 [03:19<03:54,  7.52it/s]
                                                   
{'loss': 0.0082, 'grad_norm': 0.03062618151307106, 'learning_rate': 1.0974167444755681e-05, 'epoch': 1.35}

 45%|████▌     | 1450/3213 [03:19<03:54,  7.52it/s]
 45%|████▌     | 1451/3213 [03:19<03:44,  7.86it/s]
 45%|████▌     | 1452/3213 [03:19<03:40,  7.98it/s]
 45%|████▌     | 1453/3213 [03:19<03:42,  7.91it/s]
 45%|████▌     | 1454/3213 [03:19<03:38,  8.05it/s]
 45%|████▌     | 1455/3213 [03:19<03:37,  8.07it/s]
 45%|████▌     | 1456/3213 [03:19<03:39,  8.00it/s]
 45%|████▌     | 1457/3213 [03:19<03:38,  8.05it/s]
 45%|████▌     | 1458/3213 [03:20<03:36,  8.12it/s]
 45%|████▌     | 1459/3213 [03:20<03:36,  8.11it/s]
 45%|████▌     | 1460/3213 [03:20<03:36,  8.09it/s]
 45%|████▌     | 1461/3213 [03:20<03:37,  8.06it/s]
 46%|████▌     | 1462/3213 [03:20<03:37,  8.06it/s]
 46%|████▌     | 1463/3213 [03:20<03:40,  7.95it/s]
 46%|████▌     | 1464/3213 [03:20<03:38,  8.00it/s]
 46%|████▌     | 1465/3213 [03:20<03:37,  8.03it/s]
 46%|████▌     | 1466/3213 [03:21<03:38,  8.01it/s]
 46%|████▌     | 1467/3213 [03:21<03:40,  7.93it/s]
 46%|████▌     | 1468/3213 [03:21<03:37,  8.02it/s]
 46%|████▌     | 1469/3213 [03:21<03:37,  8.02it/s]
 46%|████▌     | 1470/3213 [03:21<03:37,  8.01it/s]
 46%|████▌     | 1471/3213 [03:21<03:36,  8.04it/s]
 46%|████▌     | 1472/3213 [03:21<03:40,  7.91it/s]
 46%|████▌     | 1473/3213 [03:21<03:37,  8.00it/s]
 46%|████▌     | 1474/3213 [03:22<03:37,  8.00it/s]
 46%|████▌     | 1475/3213 [03:22<03:37,  7.99it/s]
 46%|████▌     | 1476/3213 [03:22<03:49,  7.57it/s]
 46%|████▌     | 1477/3213 [03:22<03:45,  7.68it/s]
 46%|████▌     | 1478/3213 [03:22<03:42,  7.78it/s]
 46%|████▌     | 1479/3213 [03:22<03:40,  7.86it/s]
 46%|████▌     | 1480/3213 [03:22<03:38,  7.92it/s]
 46%|████▌     | 1481/3213 [03:22<03:37,  7.95it/s]
 46%|████▌     | 1482/3213 [03:23<03:46,  7.66it/s]
 46%|████▌     | 1483/3213 [03:23<03:42,  7.76it/s]
 46%|████▌     | 1484/3213 [03:23<03:47,  7.60it/s]
 46%|████▌     | 1485/3213 [03:23<03:36,  8.00it/s]
 46%|████▌     | 1486/3213 [03:23<03:35,  8.02it/s]
 46%|████▋     | 1487/3213 [03:23<03:34,  8.06it/s]
 46%|████▋     | 1488/3213 [03:23<03:34,  8.04it/s]
 46%|████▋     | 1489/3213 [03:23<03:34,  8.05it/s]
 46%|████▋     | 1490/3213 [03:24<03:42,  7.74it/s]
 46%|████▋     | 1491/3213 [03:24<03:49,  7.52it/s]
 46%|████▋     | 1492/3213 [03:24<03:37,  7.92it/s]
 46%|████▋     | 1493/3213 [03:24<03:41,  7.77it/s]
 46%|████▋     | 1494/3213 [03:24<03:37,  7.90it/s]
 47%|████▋     | 1495/3213 [03:24<03:36,  7.95it/s]
 47%|████▋     | 1496/3213 [03:24<03:35,  7.99it/s]
 47%|████▋     | 1497/3213 [03:25<03:47,  7.55it/s]
 47%|████▋     | 1498/3213 [03:25<03:33,  8.03it/s]
 47%|████▋     | 1499/3213 [03:25<03:36,  7.92it/s]
 47%|████▋     | 1500/3213 [03:25<03:39,  7.81it/s]
                                                   
{'loss': 0.0154, 'grad_norm': 0.05550515651702881, 'learning_rate': 1.0662931839402428e-05, 'epoch': 1.4}

 47%|████▋     | 1500/3213 [03:25<03:39,  7.81it/s]
 47%|████▋     | 1501/3213 [03:25<03:36,  7.90it/s]
 47%|████▋     | 1502/3213 [03:25<03:34,  7.97it/s]
 47%|████▋     | 1503/3213 [03:25<03:33,  8.01it/s]
 47%|████▋     | 1504/3213 [03:25<03:32,  8.04it/s]
 47%|████▋     | 1505/3213 [03:26<03:31,  8.06it/s]
 47%|████▋     | 1506/3213 [03:26<03:31,  8.07it/s]
 47%|████▋     | 1507/3213 [03:26<03:31,  8.07it/s]
 47%|████▋     | 1508/3213 [03:26<03:32,  8.04it/s]
 47%|████▋     | 1509/3213 [03:26<03:32,  8.04it/s]
 47%|████▋     | 1510/3213 [03:26<03:31,  8.04it/s]
 47%|████▋     | 1511/3213 [03:26<03:31,  8.05it/s]
 47%|████▋     | 1512/3213 [03:26<03:36,  7.86it/s]
 47%|████▋     | 1513/3213 [03:26<03:29,  8.11it/s]
 47%|████▋     | 1514/3213 [03:27<03:29,  8.12it/s]
 47%|████▋     | 1515/3213 [03:27<03:40,  7.69it/s]
 47%|████▋     | 1516/3213 [03:27<03:30,  8.06it/s]
 47%|████▋     | 1517/3213 [03:27<03:31,  8.01it/s]
 47%|████▋     | 1518/3213 [03:27<03:30,  8.06it/s]
 47%|████▋     | 1519/3213 [03:27<03:30,  8.06it/s]
 47%|████▋     | 1520/3213 [03:27<03:30,  8.05it/s]
 47%|████▋     | 1521/3213 [03:28<03:39,  7.71it/s]
 47%|████▋     | 1522/3213 [03:28<03:29,  8.06it/s]
 47%|████▋     | 1523/3213 [03:28<03:29,  8.05it/s]
 47%|████▋     | 1524/3213 [03:28<03:29,  8.05it/s]
 47%|████▋     | 1525/3213 [03:28<03:29,  8.05it/s]
 47%|████▋     | 1526/3213 [03:28<03:29,  8.05it/s]
 48%|████▊     | 1527/3213 [03:28<03:28,  8.08it/s]
 48%|████▊     | 1528/3213 [03:28<03:28,  8.09it/s]
 48%|████▊     | 1529/3213 [03:29<03:32,  7.91it/s]
 48%|████▊     | 1530/3213 [03:29<03:26,  8.17it/s]
 48%|████▊     | 1531/3213 [03:29<03:27,  8.10it/s]
 48%|████▊     | 1532/3213 [03:29<03:28,  8.06it/s]
 48%|████▊     | 1533/3213 [03:29<03:31,  7.93it/s]
 48%|████▊     | 1534/3213 [03:29<03:30,  7.98it/s]
 48%|████▊     | 1535/3213 [03:29<03:29,  8.01it/s]
 48%|████▊     | 1536/3213 [03:29<03:32,  7.89it/s]
 48%|████▊     | 1537/3213 [03:30<03:31,  7.92it/s]
 48%|████▊     | 1538/3213 [03:30<03:37,  7.68it/s]
 48%|████▊     | 1539/3213 [03:30<03:39,  7.63it/s]
 48%|████▊     | 1540/3213 [03:30<03:36,  7.72it/s]
 48%|████▊     | 1541/3213 [03:30<03:35,  7.76it/s]
 48%|████▊     | 1542/3213 [03:30<03:33,  7.81it/s]
 48%|████▊     | 1543/3213 [03:30<03:45,  7.41it/s]
 48%|████▊     | 1544/3213 [03:30<03:43,  7.48it/s]
 48%|████▊     | 1545/3213 [03:31<03:43,  7.46it/s]
 48%|████▊     | 1546/3213 [03:31<03:36,  7.71it/s]
 48%|████▊     | 1547/3213 [03:31<03:31,  7.88it/s]
 48%|████▊     | 1548/3213 [03:31<03:28,  7.98it/s]
 48%|████▊     | 1549/3213 [03:31<03:27,  8.02it/s]
 48%|████▊     | 1550/3213 [03:31<03:27,  8.02it/s]
                                                   
{'loss': 0.0121, 'grad_norm': 0.9687182903289795, 'learning_rate': 1.0351696234049176e-05, 'epoch': 1.45}

 48%|████▊     | 1550/3213 [03:31<03:27,  8.02it/s]
 48%|████▊     | 1551/3213 [03:31<03:33,  7.77it/s]
 48%|████▊     | 1552/3213 [03:32<04:12,  6.58it/s]
 48%|████▊     | 1553/3213 [03:32<04:20,  6.37it/s]
 48%|████▊     | 1554/3213 [03:32<04:20,  6.36it/s]
 48%|████▊     | 1555/3213 [03:32<04:01,  6.88it/s]
 48%|████▊     | 1556/3213 [03:32<03:50,  7.19it/s]
 48%|████▊     | 1557/3213 [03:32<03:48,  7.26it/s]
 48%|████▊     | 1558/3213 [03:32<03:41,  7.48it/s]
 49%|████▊     | 1559/3213 [03:32<03:38,  7.57it/s]
 49%|████▊     | 1560/3213 [03:33<03:31,  7.80it/s]
 49%|████▊     | 1561/3213 [03:33<03:31,  7.83it/s]
 49%|████▊     | 1562/3213 [03:33<03:31,  7.82it/s]
 49%|████▊     | 1563/3213 [03:33<03:38,  7.54it/s]
 49%|████▊     | 1564/3213 [03:33<03:28,  7.92it/s]
 49%|████▊     | 1565/3213 [03:33<03:26,  7.98it/s]
 49%|████▊     | 1566/3213 [03:33<03:28,  7.91it/s]
 49%|████▉     | 1567/3213 [03:33<03:27,  7.94it/s]
 49%|████▉     | 1568/3213 [03:34<03:29,  7.85it/s]
 49%|████▉     | 1569/3213 [03:34<03:32,  7.75it/s]
 49%|████▉     | 1570/3213 [03:34<03:26,  7.94it/s]
 49%|████▉     | 1571/3213 [03:34<03:30,  7.81it/s]
 49%|████▉     | 1572/3213 [03:34<03:28,  7.88it/s]
 49%|████▉     | 1573/3213 [03:34<03:25,  7.96it/s]
 49%|████▉     | 1574/3213 [03:34<03:24,  8.01it/s]
 49%|████▉     | 1575/3213 [03:34<03:25,  7.99it/s]
 49%|████▉     | 1576/3213 [03:35<03:23,  8.05it/s]
 49%|████▉     | 1577/3213 [03:35<03:27,  7.89it/s]
 49%|████▉     | 1578/3213 [03:35<03:29,  7.81it/s]
 49%|████▉     | 1579/3213 [03:35<03:27,  7.87it/s]
 49%|████▉     | 1580/3213 [03:35<03:26,  7.91it/s]
 49%|████▉     | 1581/3213 [03:35<03:25,  7.94it/s]
 49%|████▉     | 1582/3213 [03:35<03:26,  7.91it/s]
 49%|████▉     | 1583/3213 [03:36<03:24,  7.97it/s]
 49%|████▉     | 1584/3213 [03:36<03:27,  7.86it/s]
 49%|████▉     | 1585/3213 [03:36<03:28,  7.81it/s]
 49%|████▉     | 1586/3213 [03:36<03:24,  7.95it/s]
 49%|████▉     | 1587/3213 [03:36<03:23,  7.99it/s]
 49%|████▉     | 1588/3213 [03:36<03:22,  8.02it/s]
 49%|████▉     | 1589/3213 [03:36<03:21,  8.04it/s]
 49%|████▉     | 1590/3213 [03:36<03:33,  7.60it/s]
 50%|████▉     | 1591/3213 [03:37<03:35,  7.53it/s]
 50%|████▉     | 1592/3213 [03:37<03:30,  7.69it/s]
 50%|████▉     | 1593/3213 [03:37<03:37,  7.44it/s]
 50%|████▉     | 1594/3213 [03:37<03:32,  7.61it/s]
 50%|████▉     | 1595/3213 [03:37<03:29,  7.73it/s]
 50%|████▉     | 1596/3213 [03:37<03:27,  7.80it/s]
 50%|████▉     | 1597/3213 [03:37<03:29,  7.70it/s]
 50%|████▉     | 1598/3213 [03:37<03:22,  7.98it/s]
 50%|████▉     | 1599/3213 [03:38<03:21,  8.01it/s]
 50%|████▉     | 1600/3213 [03:38<03:21,  8.02it/s]
                                                   
{'loss': 0.0121, 'grad_norm': 0.19539670646190643, 'learning_rate': 1.0040460628695923e-05, 'epoch': 1.49}

 50%|████▉     | 1600/3213 [03:38<03:21,  8.02it/s]
 50%|████▉     | 1601/3213 [03:38<03:20,  8.03it/s]
 50%|████▉     | 1602/3213 [03:38<03:20,  8.05it/s]
 50%|████▉     | 1603/3213 [03:38<03:19,  8.05it/s]
 50%|████▉     | 1604/3213 [03:38<03:20,  8.04it/s]
 50%|████▉     | 1605/3213 [03:38<03:19,  8.06it/s]
 50%|████▉     | 1606/3213 [03:38<03:19,  8.05it/s]
 50%|█████     | 1607/3213 [03:39<03:21,  7.96it/s]
 50%|█████     | 1608/3213 [03:39<03:23,  7.88it/s]
 50%|█████     | 1609/3213 [03:39<03:18,  8.07it/s]
 50%|█████     | 1610/3213 [03:39<03:27,  7.71it/s]
 50%|█████     | 1611/3213 [03:39<03:24,  7.82it/s]
 50%|█████     | 1612/3213 [03:39<03:23,  7.85it/s]
 50%|█████     | 1613/3213 [03:39<03:22,  7.89it/s]
 50%|█████     | 1614/3213 [03:39<03:21,  7.94it/s]
 50%|█████     | 1615/3213 [03:40<03:23,  7.85it/s]
 50%|█████     | 1616/3213 [03:40<03:21,  7.91it/s]
 50%|█████     | 1617/3213 [03:40<03:21,  7.93it/s]
 50%|█████     | 1618/3213 [03:40<03:20,  7.96it/s]
 50%|█████     | 1619/3213 [03:40<03:19,  7.98it/s]
 50%|█████     | 1620/3213 [03:40<03:19,  8.00it/s]
 50%|█████     | 1621/3213 [03:40<03:18,  8.02it/s]
 50%|█████     | 1622/3213 [03:40<03:17,  8.06it/s]
 51%|█████     | 1623/3213 [03:41<03:16,  8.09it/s]
 51%|█████     | 1624/3213 [03:41<03:20,  7.92it/s]
 51%|█████     | 1625/3213 [03:41<03:22,  7.85it/s]
 51%|█████     | 1626/3213 [03:41<03:19,  7.95it/s]
 51%|█████     | 1627/3213 [03:41<03:23,  7.78it/s]
 51%|█████     | 1628/3213 [03:41<03:22,  7.84it/s]
 51%|█████     | 1629/3213 [03:41<03:25,  7.70it/s]
 51%|█████     | 1630/3213 [03:41<03:17,  8.01it/s]
 51%|█████     | 1631/3213 [03:42<03:16,  8.03it/s]
 51%|█████     | 1632/3213 [03:42<03:20,  7.87it/s]
 51%|█████     | 1633/3213 [03:42<03:23,  7.77it/s]
 51%|█████     | 1634/3213 [03:42<03:20,  7.87it/s]
 51%|█████     | 1635/3213 [03:42<03:19,  7.90it/s]
 51%|█████     | 1636/3213 [03:42<03:17,  7.97it/s]
 51%|█████     | 1637/3213 [03:42<03:17,  7.98it/s]
 51%|█████     | 1638/3213 [03:42<03:19,  7.88it/s]
 51%|█████     | 1639/3213 [03:43<03:15,  8.03it/s]
 51%|█████     | 1640/3213 [03:43<03:15,  8.04it/s]
 51%|█████     | 1641/3213 [03:43<03:15,  8.03it/s]
 51%|█████     | 1642/3213 [03:43<03:14,  8.06it/s]
 51%|█████     | 1643/3213 [03:43<03:14,  8.07it/s]
 51%|█████     | 1644/3213 [03:43<03:19,  7.87it/s]
 51%|█████     | 1645/3213 [03:43<03:13,  8.09it/s]
 51%|█████     | 1646/3213 [03:43<03:14,  8.05it/s]
 51%|█████▏    | 1647/3213 [03:44<03:17,  7.94it/s]
 51%|█████▏    | 1648/3213 [03:44<03:25,  7.62it/s]
 51%|█████▏    | 1649/3213 [03:44<03:17,  7.93it/s]
 51%|█████▏    | 1650/3213 [03:44<03:18,  7.88it/s]
                                                   
{'loss': 0.0111, 'grad_norm': 0.9086107611656189, 'learning_rate': 9.729225023342671e-06, 'epoch': 1.54}

 51%|█████▏    | 1650/3213 [03:44<03:18,  7.88it/s]
 51%|█████▏    | 1651/3213 [03:44<03:25,  7.60it/s]
 51%|█████▏    | 1652/3213 [03:44<03:13,  8.07it/s]
 51%|█████▏    | 1653/3213 [03:44<03:13,  8.05it/s]
 51%|█████▏    | 1654/3213 [03:44<03:15,  7.96it/s]
 52%|█████▏    | 1655/3213 [03:45<03:13,  8.07it/s]
 52%|█████▏    | 1656/3213 [03:45<03:13,  8.05it/s]
 52%|█████▏    | 1657/3213 [03:45<03:15,  7.97it/s]
 52%|█████▏    | 1658/3213 [03:45<03:20,  7.74it/s]
 52%|█████▏    | 1659/3213 [03:45<03:10,  8.17it/s]
 52%|█████▏    | 1660/3213 [03:45<03:15,  7.94it/s]
 52%|█████▏    | 1661/3213 [03:45<03:21,  7.72it/s]
 52%|█████▏    | 1662/3213 [03:46<03:21,  7.70it/s]
 52%|█████▏    | 1663/3213 [03:46<03:21,  7.69it/s]
 52%|█████▏    | 1664/3213 [03:46<03:22,  7.64it/s]
 52%|█████▏    | 1665/3213 [03:46<03:17,  7.85it/s]
 52%|█████▏    | 1666/3213 [03:46<03:15,  7.92it/s]
 52%|█████▏    | 1667/3213 [03:46<03:13,  7.97it/s]
 52%|█████▏    | 1668/3213 [03:46<03:12,  8.01it/s]
 52%|█████▏    | 1669/3213 [03:46<03:12,  8.03it/s]
 52%|█████▏    | 1670/3213 [03:47<03:12,  8.02it/s]
 52%|█████▏    | 1671/3213 [03:47<03:12,  8.00it/s]
 52%|█████▏    | 1672/3213 [03:47<03:22,  7.61it/s]
 52%|█████▏    | 1673/3213 [03:47<03:20,  7.67it/s]
 52%|█████▏    | 1674/3213 [03:47<03:17,  7.80it/s]
 52%|█████▏    | 1675/3213 [03:47<03:15,  7.87it/s]
 52%|█████▏    | 1676/3213 [03:47<03:14,  7.89it/s]
 52%|█████▏    | 1677/3213 [03:47<03:13,  7.94it/s]
 52%|█████▏    | 1678/3213 [03:48<03:15,  7.84it/s]
 52%|█████▏    | 1679/3213 [03:48<03:13,  7.94it/s]
 52%|█████▏    | 1680/3213 [03:48<03:11,  8.00it/s]
 52%|█████▏    | 1681/3213 [03:48<03:09,  8.09it/s]
 52%|█████▏    | 1682/3213 [03:48<03:09,  8.10it/s]
 52%|█████▏    | 1683/3213 [03:48<03:22,  7.56it/s]
 52%|█████▏    | 1684/3213 [03:48<03:10,  8.03it/s]
 52%|█████▏    | 1685/3213 [03:48<03:15,  7.80it/s]
 52%|█████▏    | 1686/3213 [03:49<03:17,  7.73it/s]
 53%|█████▎    | 1687/3213 [03:49<03:14,  7.84it/s]
 53%|█████▎    | 1688/3213 [03:49<03:12,  7.91it/s]
 53%|█████▎    | 1689/3213 [03:49<03:13,  7.86it/s]
 53%|█████▎    | 1690/3213 [03:49<03:11,  7.97it/s]
 53%|█████▎    | 1691/3213 [03:49<03:10,  7.98it/s]
 53%|█████▎    | 1692/3213 [03:49<03:15,  7.80it/s]
 53%|█████▎    | 1693/3213 [03:49<03:08,  8.07it/s]
 53%|█████▎    | 1694/3213 [03:50<03:09,  8.00it/s]
 53%|█████▎    | 1695/3213 [03:50<03:15,  7.75it/s]
 53%|█████▎    | 1696/3213 [03:50<03:09,  8.01it/s]
 53%|█████▎    | 1697/3213 [03:50<03:08,  8.03it/s]
 53%|█████▎    | 1698/3213 [03:50<03:08,  8.05it/s]
 53%|█████▎    | 1699/3213 [03:50<03:08,  8.03it/s]
 53%|█████▎    | 1700/3213 [03:50<03:08,  8.04it/s]
                                                   
{'loss': 0.011, 'grad_norm': 1.9946937561035156, 'learning_rate': 9.417989417989418e-06, 'epoch': 1.59}

 53%|█████▎    | 1700/3213 [03:50<03:08,  8.04it/s]
 53%|█████▎    | 1701/3213 [03:50<03:07,  8.05it/s]
 53%|█████▎    | 1702/3213 [03:51<03:12,  7.86it/s]
 53%|█████▎    | 1703/3213 [03:51<03:12,  7.83it/s]
 53%|█████▎    | 1704/3213 [03:51<03:08,  8.02it/s]
 53%|█████▎    | 1705/3213 [03:51<03:07,  8.06it/s]
 53%|█████▎    | 1706/3213 [03:51<03:07,  8.04it/s]
 53%|█████▎    | 1707/3213 [03:51<03:07,  8.04it/s]
 53%|█████▎    | 1708/3213 [03:51<03:07,  8.03it/s]
 53%|█████▎    | 1709/3213 [03:51<03:08,  7.98it/s]
 53%|█████▎    | 1710/3213 [03:52<03:15,  7.70it/s]
 53%|█████▎    | 1711/3213 [03:52<03:14,  7.73it/s]
 53%|█████▎    | 1712/3213 [03:52<03:09,  7.90it/s]
 53%|█████▎    | 1713/3213 [03:52<03:08,  7.96it/s]
 53%|█████▎    | 1714/3213 [03:52<03:07,  8.00it/s]
 53%|█████▎    | 1715/3213 [03:52<03:11,  7.83it/s]
 53%|█████▎    | 1716/3213 [03:52<03:09,  7.89it/s]
 53%|█████▎    | 1717/3213 [03:52<03:08,  7.95it/s]
 53%|█████▎    | 1718/3213 [03:53<03:07,  7.98it/s]
 54%|█████▎    | 1719/3213 [03:53<03:10,  7.84it/s]
 54%|█████▎    | 1720/3213 [03:53<03:05,  8.04it/s]
 54%|█████▎    | 1721/3213 [03:53<03:03,  8.14it/s]
 54%|█████▎    | 1722/3213 [03:53<03:05,  8.03it/s]
 54%|█████▎    | 1723/3213 [03:53<03:02,  8.17it/s]
 54%|█████▎    | 1724/3213 [03:53<03:10,  7.81it/s]
 54%|█████▎    | 1725/3213 [03:53<03:01,  8.20it/s]
 54%|█████▎    | 1726/3213 [03:54<03:10,  7.81it/s]
 54%|█████▍    | 1727/3213 [03:54<03:00,  8.21it/s]
 54%|█████▍    | 1728/3213 [03:54<03:01,  8.17it/s]
 54%|█████▍    | 1729/3213 [03:54<03:03,  8.09it/s]
 54%|█████▍    | 1730/3213 [03:54<03:02,  8.13it/s]
 54%|█████▍    | 1731/3213 [03:54<03:01,  8.15it/s]
 54%|█████▍    | 1732/3213 [03:54<03:01,  8.15it/s]
 54%|█████▍    | 1733/3213 [03:54<03:01,  8.14it/s]
 54%|█████▍    | 1734/3213 [03:55<03:07,  7.91it/s]
 54%|█████▍    | 1735/3213 [03:55<03:07,  7.86it/s]
 54%|█████▍    | 1736/3213 [03:55<03:04,  8.02it/s]
 54%|█████▍    | 1737/3213 [03:55<03:03,  8.05it/s]
 54%|█████▍    | 1738/3213 [03:55<03:02,  8.08it/s]
 54%|█████▍    | 1739/3213 [03:55<03:01,  8.12it/s]
 54%|█████▍    | 1740/3213 [03:55<03:02,  8.05it/s]
 54%|█████▍    | 1741/3213 [03:55<03:00,  8.14it/s]
 54%|█████▍    | 1742/3213 [03:56<03:07,  7.84it/s]
 54%|█████▍    | 1743/3213 [03:56<03:06,  7.87it/s]
 54%|█████▍    | 1744/3213 [03:56<03:02,  8.05it/s]
 54%|█████▍    | 1745/3213 [03:56<03:03,  7.98it/s]
 54%|█████▍    | 1746/3213 [03:56<03:03,  8.00it/s]
 54%|█████▍    | 1747/3213 [03:56<03:02,  8.02it/s]
 54%|█████▍    | 1748/3213 [03:56<03:02,  8.02it/s]
 54%|█████▍    | 1749/3213 [03:56<03:04,  7.94it/s]
 54%|█████▍    | 1750/3213 [03:57<03:05,  7.89it/s]
                                                   
{'loss': 0.0093, 'grad_norm': 0.08164955675601959, 'learning_rate': 9.106753812636166e-06, 'epoch': 1.63}

 54%|█████▍    | 1750/3213 [03:57<03:05,  7.89it/s]
 54%|█████▍    | 1751/3213 [03:57<03:09,  7.72it/s]
 55%|█████▍    | 1752/3213 [03:57<03:09,  7.72it/s]
 55%|█████▍    | 1753/3213 [03:57<03:07,  7.80it/s]
 55%|█████▍    | 1754/3213 [03:57<03:05,  7.86it/s]
 55%|█████▍    | 1755/3213 [03:57<03:03,  7.92it/s]
 55%|█████▍    | 1756/3213 [03:57<03:03,  7.94it/s]
 55%|█████▍    | 1757/3213 [03:57<03:01,  8.02it/s]
 55%|█████▍    | 1758/3213 [03:58<03:01,  8.01it/s]
 55%|█████▍    | 1759/3213 [03:58<03:01,  8.02it/s]
 55%|█████▍    | 1760/3213 [03:58<03:00,  8.04it/s]
 55%|█████▍    | 1761/3213 [03:58<03:00,  8.03it/s]
 55%|█████▍    | 1762/3213 [03:58<03:00,  8.02it/s]
 55%|█████▍    | 1763/3213 [03:58<03:00,  8.03it/s]
 55%|█████▍    | 1764/3213 [03:58<03:00,  8.04it/s]
 55%|█████▍    | 1765/3213 [03:58<03:00,  8.04it/s]
 55%|█████▍    | 1766/3213 [03:59<03:00,  8.03it/s]
 55%|█████▍    | 1767/3213 [03:59<02:59,  8.06it/s]
 55%|█████▌    | 1768/3213 [03:59<02:59,  8.05it/s]
 55%|█████▌    | 1769/3213 [03:59<02:57,  8.15it/s]
 55%|█████▌    | 1770/3213 [03:59<02:57,  8.13it/s]
 55%|█████▌    | 1771/3213 [03:59<02:57,  8.11it/s]
 55%|█████▌    | 1772/3213 [03:59<03:02,  7.90it/s]
 55%|█████▌    | 1773/3213 [03:59<02:56,  8.14it/s]
 55%|█████▌    | 1774/3213 [04:00<03:01,  7.93it/s]
 55%|█████▌    | 1775/3213 [04:00<02:57,  8.12it/s]
 55%|█████▌    | 1776/3213 [04:00<02:56,  8.12it/s]
 55%|█████▌    | 1777/3213 [04:00<02:56,  8.13it/s]
 55%|█████▌    | 1778/3213 [04:00<02:58,  8.03it/s]
 55%|█████▌    | 1779/3213 [04:00<02:58,  8.04it/s]
 55%|█████▌    | 1780/3213 [04:00<02:58,  8.03it/s]
 55%|█████▌    | 1781/3213 [04:00<02:58,  8.03it/s]
 55%|█████▌    | 1782/3213 [04:01<03:01,  7.87it/s]
 55%|█████▌    | 1783/3213 [04:01<03:01,  7.88it/s]
 56%|█████▌    | 1784/3213 [04:01<02:59,  7.95it/s]
 56%|█████▌    | 1785/3213 [04:01<02:58,  7.98it/s]
 56%|█████▌    | 1786/3213 [04:01<02:58,  7.99it/s]
 56%|█████▌    | 1787/3213 [04:01<02:57,  8.02it/s]
 56%|█████▌    | 1788/3213 [04:01<03:00,  7.90it/s]
 56%|█████▌    | 1789/3213 [04:01<02:57,  8.04it/s]
 56%|█████▌    | 1790/3213 [04:02<02:57,  8.03it/s]
 56%|█████▌    | 1791/3213 [04:02<02:57,  8.02it/s]
 56%|█████▌    | 1792/3213 [04:02<03:03,  7.75it/s]
 56%|█████▌    | 1793/3213 [04:02<03:07,  7.59it/s]
 56%|█████▌    | 1794/3213 [04:02<03:03,  7.74it/s]
 56%|█████▌    | 1795/3213 [04:02<03:00,  7.84it/s]
 56%|█████▌    | 1796/3213 [04:02<02:59,  7.88it/s]
 56%|█████▌    | 1797/3213 [04:02<02:59,  7.91it/s]
 56%|█████▌    | 1798/3213 [04:03<02:57,  7.96it/s]
 56%|█████▌    | 1799/3213 [04:03<02:56,  7.99it/s]
 56%|█████▌    | 1800/3213 [04:03<02:59,  7.88it/s]
                                                   
{'loss': 0.0116, 'grad_norm': 0.5989587306976318, 'learning_rate': 8.795518207282914e-06, 'epoch': 1.68}

 56%|█████▌    | 1800/3213 [04:03<02:59,  7.88it/s]
 56%|█████▌    | 1801/3213 [04:03<02:56,  7.98it/s]
 56%|█████▌    | 1802/3213 [04:03<02:56,  8.01it/s]
 56%|█████▌    | 1803/3213 [04:03<03:10,  7.42it/s]
 56%|█████▌    | 1804/3213 [04:03<03:08,  7.49it/s]
 56%|█████▌    | 1805/3213 [04:03<02:57,  7.93it/s]
 56%|█████▌    | 1806/3213 [04:04<03:00,  7.78it/s]
 56%|█████▌    | 1807/3213 [04:04<03:01,  7.75it/s]
 56%|█████▋    | 1808/3213 [04:04<02:59,  7.85it/s]
 56%|█████▋    | 1809/3213 [04:04<02:57,  7.90it/s]
 56%|█████▋    | 1810/3213 [04:04<02:56,  7.97it/s]
 56%|█████▋    | 1811/3213 [04:04<02:55,  7.99it/s]
 56%|█████▋    | 1812/3213 [04:04<02:55,  8.00it/s]
 56%|█████▋    | 1813/3213 [04:05<03:00,  7.77it/s]
 56%|█████▋    | 1814/3213 [04:05<02:53,  8.09it/s]
 56%|█████▋    | 1815/3213 [04:05<02:57,  7.87it/s]
 57%|█████▋    | 1816/3213 [04:05<03:00,  7.72it/s]
 57%|█████▋    | 1817/3213 [04:05<02:57,  7.85it/s]
 57%|█████▋    | 1818/3213 [04:05<02:55,  7.93it/s]
 57%|█████▋    | 1819/3213 [04:05<02:54,  7.98it/s]
 57%|█████▋    | 1820/3213 [04:05<02:53,  8.02it/s]
 57%|█████▋    | 1821/3213 [04:06<02:53,  8.02it/s]
 57%|█████▋    | 1822/3213 [04:06<02:53,  8.03it/s]
 57%|█████▋    | 1823/3213 [04:06<02:53,  8.03it/s]
 57%|█████▋    | 1824/3213 [04:06<02:52,  8.03it/s]
 57%|█████▋    | 1825/3213 [04:06<02:53,  8.00it/s]
 57%|█████▋    | 1826/3213 [04:06<02:51,  8.07it/s]
 57%|█████▋    | 1827/3213 [04:06<02:51,  8.07it/s]
 57%|█████▋    | 1828/3213 [04:06<02:53,  7.97it/s]
 57%|█████▋    | 1829/3213 [04:06<02:51,  8.08it/s]
 57%|█████▋    | 1830/3213 [04:07<02:50,  8.11it/s]
 57%|█████▋    | 1831/3213 [04:07<02:56,  7.85it/s]
 57%|█████▋    | 1832/3213 [04:07<02:58,  7.75it/s]
 57%|█████▋    | 1833/3213 [04:07<02:56,  7.83it/s]
 57%|█████▋    | 1834/3213 [04:07<02:54,  7.89it/s]
 57%|█████▋    | 1835/3213 [04:07<02:53,  7.96it/s]
 57%|█████▋    | 1836/3213 [04:07<02:52,  7.98it/s]
 57%|█████▋    | 1837/3213 [04:08<02:51,  8.02it/s]
 57%|█████▋    | 1838/3213 [04:08<02:51,  8.03it/s]
 57%|█████▋    | 1839/3213 [04:08<02:51,  8.02it/s]
 57%|█████▋    | 1840/3213 [04:08<02:51,  8.02it/s]
 57%|█████▋    | 1841/3213 [04:08<02:50,  8.03it/s]
 57%|█████▋    | 1842/3213 [04:08<02:50,  8.03it/s]
 57%|█████▋    | 1843/3213 [04:08<02:50,  8.04it/s]
 57%|█████▋    | 1844/3213 [04:08<02:49,  8.07it/s]
 57%|█████▋    | 1845/3213 [04:09<02:49,  8.09it/s]
 57%|█████▋    | 1846/3213 [04:09<02:56,  7.76it/s]
 57%|█████▋    | 1847/3213 [04:09<02:56,  7.75it/s]
 58%|█████▊    | 1848/3213 [04:09<02:54,  7.81it/s]
 58%|█████▊    | 1849/3213 [04:09<02:53,  7.86it/s]
 58%|█████▊    | 1850/3213 [04:09<02:59,  7.58it/s]
                                                   
{'loss': 0.0086, 'grad_norm': 0.011767921037971973, 'learning_rate': 8.484282601929661e-06, 'epoch': 1.73}

 58%|█████▊    | 1850/3213 [04:09<02:59,  7.58it/s]
 58%|█████▊    | 1851/3213 [04:09<02:49,  8.04it/s]
 58%|█████▊    | 1852/3213 [04:09<02:51,  7.94it/s]
 58%|█████▊    | 1853/3213 [04:10<02:51,  7.95it/s]
 58%|█████▊    | 1854/3213 [04:10<02:53,  7.84it/s]
 58%|█████▊    | 1855/3213 [04:10<02:50,  7.98it/s]
 58%|█████▊    | 1856/3213 [04:10<02:49,  8.01it/s]
 58%|█████▊    | 1857/3213 [04:10<02:48,  8.04it/s]
 58%|█████▊    | 1858/3213 [04:10<02:51,  7.89it/s]
 58%|█████▊    | 1859/3213 [04:10<02:50,  7.93it/s]
 58%|█████▊    | 1860/3213 [04:10<02:50,  7.96it/s]
 58%|█████▊    | 1861/3213 [04:11<02:52,  7.83it/s]
 58%|█████▊    | 1862/3213 [04:11<02:51,  7.90it/s]
 58%|█████▊    | 1863/3213 [04:11<02:50,  7.90it/s]
 58%|█████▊    | 1864/3213 [04:11<02:50,  7.91it/s]
 58%|█████▊    | 1865/3213 [04:11<02:49,  7.97it/s]
 58%|█████▊    | 1866/3213 [04:11<02:48,  8.01it/s]
 58%|█████▊    | 1867/3213 [04:11<02:47,  8.04it/s]
 58%|█████▊    | 1868/3213 [04:11<02:46,  8.08it/s]
 58%|█████▊    | 1869/3213 [04:12<02:47,  8.05it/s]
 58%|█████▊    | 1870/3213 [04:12<02:47,  8.03it/s]
 58%|█████▊    | 1871/3213 [04:12<02:52,  7.77it/s]
 58%|█████▊    | 1872/3213 [04:12<02:47,  7.99it/s]
 58%|█████▊    | 1873/3213 [04:12<02:54,  7.66it/s]
 58%|█████▊    | 1874/3213 [04:12<02:51,  7.81it/s]
 58%|█████▊    | 1875/3213 [04:12<02:49,  7.90it/s]
 58%|█████▊    | 1876/3213 [04:12<02:47,  7.97it/s]
 58%|█████▊    | 1877/3213 [04:13<02:51,  7.80it/s]
 58%|█████▊    | 1878/3213 [04:13<02:50,  7.83it/s]
 58%|█████▊    | 1879/3213 [04:13<02:53,  7.68it/s]
 59%|█████▊    | 1880/3213 [04:13<02:50,  7.82it/s]
 59%|█████▊    | 1881/3213 [04:13<02:49,  7.85it/s]
 59%|█████▊    | 1882/3213 [04:13<02:47,  7.93it/s]
 59%|█████▊    | 1883/3213 [04:13<02:48,  7.89it/s]
 59%|█████▊    | 1884/3213 [04:13<02:46,  7.98it/s]
 59%|█████▊    | 1885/3213 [04:14<02:48,  7.86it/s]
 59%|█████▊    | 1886/3213 [04:14<02:42,  8.16it/s]
 59%|█████▊    | 1887/3213 [04:14<02:42,  8.15it/s]
 59%|█████▉    | 1888/3213 [04:14<02:43,  8.09it/s]
 59%|█████▉    | 1889/3213 [04:14<02:43,  8.08it/s]
 59%|█████▉    | 1890/3213 [04:14<02:44,  8.06it/s]
 59%|█████▉    | 1891/3213 [04:14<02:44,  8.06it/s]
 59%|█████▉    | 1892/3213 [04:14<02:43,  8.06it/s]
 59%|█████▉    | 1893/3213 [04:15<02:44,  8.03it/s]
 59%|█████▉    | 1894/3213 [04:15<02:45,  7.99it/s]
 59%|█████▉    | 1895/3213 [04:15<02:42,  8.09it/s]
 59%|█████▉    | 1896/3213 [04:15<02:41,  8.14it/s]
 59%|█████▉    | 1897/3213 [04:15<02:42,  8.10it/s]
 59%|█████▉    | 1898/3213 [04:15<02:42,  8.09it/s]
 59%|█████▉    | 1899/3213 [04:15<02:44,  7.98it/s]
 59%|█████▉    | 1900/3213 [04:15<02:42,  8.07it/s]
                                                   
{'loss': 0.0137, 'grad_norm': 0.23872309923171997, 'learning_rate': 8.17304699657641e-06, 'epoch': 1.77}

 59%|█████▉    | 1900/3213 [04:15<02:42,  8.07it/s]
 59%|█████▉    | 1901/3213 [04:16<02:45,  7.93it/s]
 59%|█████▉    | 1902/3213 [04:16<02:46,  7.86it/s]
 59%|█████▉    | 1903/3213 [04:16<02:46,  7.89it/s]
 59%|█████▉    | 1904/3213 [04:16<02:51,  7.64it/s]
 59%|█████▉    | 1905/3213 [04:16<02:54,  7.52it/s]
 59%|█████▉    | 1906/3213 [04:16<02:50,  7.67it/s]
 59%|█████▉    | 1907/3213 [04:16<02:51,  7.61it/s]
 59%|█████▉    | 1908/3213 [04:16<02:54,  7.50it/s]
 59%|█████▉    | 1909/3213 [04:17<02:48,  7.75it/s]
 59%|█████▉    | 1910/3213 [04:17<02:53,  7.50it/s]
 59%|█████▉    | 1911/3213 [04:17<02:42,  7.99it/s]
 60%|█████▉    | 1912/3213 [04:17<02:42,  8.03it/s]
 60%|█████▉    | 1913/3213 [04:17<02:41,  8.05it/s]
 60%|█████▉    | 1914/3213 [04:17<02:41,  8.06it/s]
 60%|█████▉    | 1915/3213 [04:17<02:45,  7.86it/s]
 60%|█████▉    | 1916/3213 [04:17<02:43,  7.91it/s]
 60%|█████▉    | 1917/3213 [04:18<02:44,  7.88it/s]
 60%|█████▉    | 1918/3213 [04:18<02:44,  7.86it/s]
 60%|█████▉    | 1919/3213 [04:18<02:42,  7.96it/s]
 60%|█████▉    | 1920/3213 [04:18<02:44,  7.88it/s]
 60%|█████▉    | 1921/3213 [04:18<02:46,  7.75it/s]
 60%|█████▉    | 1922/3213 [04:18<02:40,  8.06it/s]
 60%|█████▉    | 1923/3213 [04:18<02:39,  8.10it/s]
 60%|█████▉    | 1924/3213 [04:18<02:41,  7.97it/s]
 60%|█████▉    | 1925/3213 [04:19<02:38,  8.13it/s]
 60%|█████▉    | 1926/3213 [04:19<02:38,  8.11it/s]
 60%|█████▉    | 1927/3213 [04:19<02:38,  8.10it/s]
 60%|██████    | 1928/3213 [04:19<02:43,  7.86it/s]
 60%|██████    | 1929/3213 [04:19<02:42,  7.92it/s]
 60%|██████    | 1930/3213 [04:19<02:40,  7.97it/s]
 60%|██████    | 1931/3213 [04:19<02:41,  7.92it/s]
 60%|██████    | 1932/3213 [04:19<02:41,  7.94it/s]
 60%|██████    | 1933/3213 [04:20<02:42,  7.86it/s]
 60%|██████    | 1934/3213 [04:20<02:44,  7.79it/s]
 60%|██████    | 1935/3213 [04:20<02:39,  8.02it/s]
 60%|██████    | 1936/3213 [04:20<02:38,  8.06it/s]
 60%|██████    | 1937/3213 [04:20<02:37,  8.08it/s]
 60%|██████    | 1938/3213 [04:20<02:37,  8.09it/s]
 60%|██████    | 1939/3213 [04:20<02:37,  8.09it/s]
 60%|██████    | 1940/3213 [04:21<02:43,  7.77it/s]
 60%|██████    | 1941/3213 [04:21<02:36,  8.15it/s]
 60%|██████    | 1942/3213 [04:21<02:39,  7.99it/s]
 60%|██████    | 1943/3213 [04:21<02:38,  8.02it/s]
 61%|██████    | 1944/3213 [04:21<02:38,  8.03it/s]
 61%|██████    | 1945/3213 [04:21<02:36,  8.08it/s]
 61%|██████    | 1946/3213 [04:21<02:36,  8.09it/s]
 61%|██████    | 1947/3213 [04:21<02:50,  7.43it/s]
 61%|██████    | 1948/3213 [04:22<02:45,  7.63it/s]
 61%|██████    | 1949/3213 [04:22<02:40,  7.86it/s]
 61%|██████    | 1950/3213 [04:22<02:46,  7.60it/s]
                                                   
{'loss': 0.0147, 'grad_norm': 0.49087420105934143, 'learning_rate': 7.861811391223156e-06, 'epoch': 1.82}

 61%|██████    | 1950/3213 [04:22<02:46,  7.60it/s]
 61%|██████    | 1951/3213 [04:22<02:40,  7.88it/s]
 61%|██████    | 1952/3213 [04:22<02:39,  7.92it/s]
 61%|██████    | 1953/3213 [04:22<02:40,  7.86it/s]
 61%|██████    | 1954/3213 [04:22<02:38,  7.93it/s]
 61%|██████    | 1955/3213 [04:22<02:37,  7.98it/s]
 61%|██████    | 1956/3213 [04:23<02:37,  7.97it/s]
 61%|██████    | 1957/3213 [04:23<02:37,  7.97it/s]
 61%|██████    | 1958/3213 [04:23<02:37,  7.99it/s]
 61%|██████    | 1959/3213 [04:23<02:38,  7.90it/s]
 61%|██████    | 1960/3213 [04:23<02:37,  7.95it/s]
 61%|██████    | 1961/3213 [04:23<02:36,  8.00it/s]
 61%|██████    | 1962/3213 [04:23<02:35,  8.04it/s]
 61%|██████    | 1963/3213 [04:23<02:37,  7.93it/s]
 61%|██████    | 1964/3213 [04:24<02:36,  7.96it/s]
 61%|██████    | 1965/3213 [04:24<02:37,  7.93it/s]
 61%|██████    | 1966/3213 [04:24<02:44,  7.59it/s]
 61%|██████    | 1967/3213 [04:24<02:35,  8.04it/s]
 61%|██████▏   | 1968/3213 [04:24<02:39,  7.82it/s]
 61%|██████▏   | 1969/3213 [04:24<02:45,  7.51it/s]
 61%|██████▏   | 1970/3213 [04:24<02:35,  7.98it/s]
 61%|██████▏   | 1971/3213 [04:24<02:41,  7.71it/s]
 61%|██████▏   | 1972/3213 [04:25<02:40,  7.75it/s]
 61%|██████▏   | 1973/3213 [04:25<02:39,  7.76it/s]
 61%|██████▏   | 1974/3213 [04:25<02:38,  7.81it/s]
 61%|██████▏   | 1975/3213 [04:25<02:35,  7.97it/s]
 62%|██████▏   | 1976/3213 [04:25<02:34,  8.01it/s]
 62%|██████▏   | 1977/3213 [04:25<02:33,  8.03it/s]
 62%|██████▏   | 1978/3213 [04:25<02:34,  7.98it/s]
 62%|██████▏   | 1979/3213 [04:25<02:32,  8.07it/s]
 62%|██████▏   | 1980/3213 [04:26<02:34,  8.01it/s]
 62%|██████▏   | 1981/3213 [04:26<02:33,  8.05it/s]
 62%|██████▏   | 1982/3213 [04:26<02:32,  8.05it/s]
 62%|██████▏   | 1983/3213 [04:26<02:33,  8.03it/s]
 62%|██████▏   | 1984/3213 [04:26<02:33,  8.03it/s]
 62%|██████▏   | 1985/3213 [04:26<02:32,  8.03it/s]
 62%|██████▏   | 1986/3213 [04:26<02:32,  8.06it/s]
 62%|██████▏   | 1987/3213 [04:26<02:36,  7.85it/s]
 62%|██████▏   | 1988/3213 [04:27<02:34,  7.91it/s]
 62%|██████▏   | 1989/3213 [04:27<02:35,  7.87it/s]
 62%|██████▏   | 1990/3213 [04:27<02:40,  7.60it/s]
 62%|██████▏   | 1991/3213 [04:27<02:37,  7.77it/s]
 62%|██████▏   | 1992/3213 [04:27<02:34,  7.88it/s]
 62%|██████▏   | 1993/3213 [04:27<02:40,  7.58it/s]
 62%|██████▏   | 1994/3213 [04:27<02:41,  7.53it/s]
 62%|██████▏   | 1995/3213 [04:27<02:38,  7.66it/s]
 62%|██████▏   | 1996/3213 [04:28<02:36,  7.77it/s]
 62%|██████▏   | 1997/3213 [04:28<02:40,  7.57it/s]
 62%|██████▏   | 1998/3213 [04:28<02:32,  7.97it/s]
 62%|██████▏   | 1999/3213 [04:28<02:32,  7.98it/s]
 62%|██████▏   | 2000/3213 [04:28<02:36,  7.76it/s]
                                                   
{'loss': 0.0093, 'grad_norm': 0.8134464025497437, 'learning_rate': 7.550575785869904e-06, 'epoch': 1.87}

 62%|██████▏   | 2000/3213 [04:28<02:36,  7.76it/s]
 62%|██████▏   | 2001/3213 [04:28<02:30,  8.05it/s]
 62%|██████▏   | 2002/3213 [04:28<02:30,  8.04it/s]
 62%|██████▏   | 2003/3213 [04:28<02:33,  7.90it/s]
 62%|██████▏   | 2004/3213 [04:29<02:36,  7.73it/s]
 62%|██████▏   | 2005/3213 [04:29<02:27,  8.16it/s]
 62%|██████▏   | 2006/3213 [04:29<02:30,  8.03it/s]
 62%|██████▏   | 2007/3213 [04:29<02:32,  7.88it/s]
 62%|██████▏   | 2008/3213 [04:29<02:31,  7.95it/s]
 63%|██████▎   | 2009/3213 [04:29<02:30,  8.00it/s]
 63%|██████▎   | 2010/3213 [04:29<02:33,  7.83it/s]
 63%|██████▎   | 2011/3213 [04:29<02:32,  7.87it/s]
 63%|██████▎   | 2012/3213 [04:30<02:32,  7.87it/s]
 63%|██████▎   | 2013/3213 [04:30<02:31,  7.94it/s]
 63%|██████▎   | 2014/3213 [04:30<02:30,  7.99it/s]
 63%|██████▎   | 2015/3213 [04:30<02:29,  8.00it/s]
 63%|██████▎   | 2016/3213 [04:30<02:29,  8.01it/s]
 63%|██████▎   | 2017/3213 [04:30<02:29,  8.01it/s]
 63%|██████▎   | 2018/3213 [04:30<02:29,  8.01it/s]
 63%|██████▎   | 2019/3213 [04:31<02:33,  7.78it/s]
 63%|██████▎   | 2020/3213 [04:31<02:27,  8.12it/s]
 63%|██████▎   | 2021/3213 [04:31<02:29,  7.96it/s]
 63%|██████▎   | 2022/3213 [04:31<02:32,  7.82it/s]
 63%|██████▎   | 2023/3213 [04:31<02:30,  7.90it/s]
 63%|██████▎   | 2024/3213 [04:31<02:29,  7.96it/s]
 63%|██████▎   | 2025/3213 [04:31<02:28,  8.00it/s]
 63%|██████▎   | 2026/3213 [04:31<02:29,  7.93it/s]
 63%|██████▎   | 2027/3213 [04:32<02:26,  8.07it/s]
 63%|██████▎   | 2028/3213 [04:32<02:27,  8.04it/s]
 63%|██████▎   | 2029/3213 [04:32<02:31,  7.81it/s]
 63%|██████▎   | 2030/3213 [04:32<02:26,  8.07it/s]
 63%|██████▎   | 2031/3213 [04:32<02:26,  8.06it/s]
 63%|██████▎   | 2032/3213 [04:32<02:26,  8.08it/s]
 63%|██████▎   | 2033/3213 [04:32<02:26,  8.07it/s]
 63%|██████▎   | 2034/3213 [04:32<02:25,  8.09it/s]
 63%|██████▎   | 2035/3213 [04:32<02:25,  8.09it/s]
 63%|██████▎   | 2036/3213 [04:33<02:25,  8.10it/s]
 63%|██████▎   | 2037/3213 [04:33<02:28,  7.94it/s]
 63%|██████▎   | 2038/3213 [04:33<02:27,  7.96it/s]
 63%|██████▎   | 2039/3213 [04:33<02:27,  7.99it/s]
 63%|██████▎   | 2040/3213 [04:33<02:26,  8.01it/s]
 64%|██████▎   | 2041/3213 [04:33<02:29,  7.82it/s]
 64%|██████▎   | 2042/3213 [04:33<02:28,  7.89it/s]
 64%|██████▎   | 2043/3213 [04:34<02:27,  7.93it/s]
 64%|██████▎   | 2044/3213 [04:34<02:36,  7.48it/s]
 64%|██████▎   | 2045/3213 [04:34<02:32,  7.64it/s]
 64%|██████▎   | 2046/3213 [04:34<02:30,  7.75it/s]
 64%|██████▎   | 2047/3213 [04:34<02:29,  7.82it/s]
 64%|██████▎   | 2048/3213 [04:34<02:34,  7.55it/s]
 64%|██████▍   | 2049/3213 [04:34<02:31,  7.68it/s]
 64%|██████▍   | 2050/3213 [04:34<02:35,  7.46it/s]
                                                   
{'loss': 0.0095, 'grad_norm': 0.2987086772918701, 'learning_rate': 7.239340180516652e-06, 'epoch': 1.91}

 64%|██████▍   | 2050/3213 [04:34<02:35,  7.46it/s]
 64%|██████▍   | 2051/3213 [04:35<02:28,  7.84it/s]
 64%|██████▍   | 2052/3213 [04:35<02:31,  7.65it/s]
 64%|██████▍   | 2053/3213 [04:35<02:28,  7.81it/s]
 64%|██████▍   | 2054/3213 [04:35<02:26,  7.90it/s]
 64%|██████▍   | 2055/3213 [04:35<02:25,  7.97it/s]
 64%|██████▍   | 2056/3213 [04:35<02:25,  7.97it/s]
 64%|██████▍   | 2057/3213 [04:35<02:30,  7.70it/s]
 64%|██████▍   | 2058/3213 [04:35<02:23,  8.07it/s]
 64%|██████▍   | 2059/3213 [04:36<02:22,  8.07it/s]
 64%|██████▍   | 2060/3213 [04:36<02:23,  8.06it/s]
 64%|██████▍   | 2061/3213 [04:36<02:22,  8.07it/s]
 64%|██████▍   | 2062/3213 [04:36<02:22,  8.08it/s]
 64%|██████▍   | 2063/3213 [04:36<02:22,  8.07it/s]
 64%|██████▍   | 2064/3213 [04:36<02:21,  8.11it/s]
 64%|██████▍   | 2065/3213 [04:36<02:21,  8.11it/s]
 64%|██████▍   | 2066/3213 [04:36<02:25,  7.88it/s]
 64%|██████▍   | 2067/3213 [04:37<02:33,  7.47it/s]
 64%|██████▍   | 2068/3213 [04:37<02:27,  7.77it/s]
 64%|██████▍   | 2069/3213 [04:37<02:26,  7.82it/s]
 64%|██████▍   | 2070/3213 [04:37<02:23,  7.99it/s]
 64%|██████▍   | 2071/3213 [04:37<02:22,  8.04it/s]
 64%|██████▍   | 2072/3213 [04:37<02:21,  8.07it/s]
 65%|██████▍   | 2073/3213 [04:37<02:23,  7.93it/s]
 65%|██████▍   | 2074/3213 [04:37<02:20,  8.13it/s]
 65%|██████▍   | 2075/3213 [04:38<02:20,  8.12it/s]
 65%|██████▍   | 2076/3213 [04:38<02:20,  8.07it/s]
 65%|██████▍   | 2077/3213 [04:38<02:20,  8.06it/s]
 65%|██████▍   | 2078/3213 [04:38<02:21,  8.04it/s]
 65%|██████▍   | 2079/3213 [04:38<02:21,  8.03it/s]
 65%|██████▍   | 2080/3213 [04:38<02:20,  8.04it/s]
 65%|██████▍   | 2081/3213 [04:38<02:20,  8.06it/s]
 65%|██████▍   | 2082/3213 [04:38<02:20,  8.06it/s]
 65%|██████▍   | 2083/3213 [04:39<02:26,  7.70it/s]
 65%|██████▍   | 2084/3213 [04:39<02:20,  8.02it/s]
 65%|██████▍   | 2085/3213 [04:39<02:18,  8.13it/s]
 65%|██████▍   | 2086/3213 [04:39<02:22,  7.92it/s]
 65%|██████▍   | 2087/3213 [04:39<02:18,  8.13it/s]
 65%|██████▍   | 2088/3213 [04:39<02:18,  8.12it/s]
 65%|██████▌   | 2089/3213 [04:39<02:21,  7.95it/s]
 65%|██████▌   | 2090/3213 [04:39<02:17,  8.18it/s]
 65%|██████▌   | 2091/3213 [04:40<02:18,  8.07it/s]
 65%|██████▌   | 2092/3213 [04:40<02:16,  8.19it/s]
 65%|██████▌   | 2093/3213 [04:40<02:18,  8.10it/s]
 65%|██████▌   | 2094/3213 [04:40<02:18,  8.07it/s]
 65%|██████▌   | 2095/3213 [04:40<02:18,  8.05it/s]
 65%|██████▌   | 2096/3213 [04:40<02:19,  7.99it/s]
 65%|██████▌   | 2097/3213 [04:40<02:18,  8.03it/s]
 65%|██████▌   | 2098/3213 [04:40<02:18,  8.06it/s]
 65%|██████▌   | 2099/3213 [04:41<02:19,  8.01it/s]
 65%|██████▌   | 2100/3213 [04:41<02:20,  7.90it/s]
                                                   
{'loss': 0.0069, 'grad_norm': 3.0635154247283936, 'learning_rate': 6.928104575163399e-06, 'epoch': 1.96}

 65%|██████▌   | 2100/3213 [04:41<02:20,  7.90it/s]
 65%|██████▌   | 2101/3213 [04:41<02:18,  8.04it/s]
 65%|██████▌   | 2102/3213 [04:41<02:18,  8.05it/s]
 65%|██████▌   | 2103/3213 [04:41<02:17,  8.05it/s]
 65%|██████▌   | 2104/3213 [04:41<02:17,  8.07it/s]
 66%|██████▌   | 2105/3213 [04:41<02:18,  8.02it/s]
 66%|██████▌   | 2106/3213 [04:41<02:18,  7.98it/s]
 66%|██████▌   | 2107/3213 [04:42<02:21,  7.82it/s]
 66%|██████▌   | 2108/3213 [04:42<02:17,  8.04it/s]
 66%|██████▌   | 2109/3213 [04:42<02:20,  7.86it/s]
 66%|██████▌   | 2110/3213 [04:42<02:19,  7.91it/s]
 66%|██████▌   | 2111/3213 [04:42<02:19,  7.89it/s]
 66%|██████▌   | 2112/3213 [04:42<02:18,  7.94it/s]
 66%|██████▌   | 2113/3213 [04:42<02:17,  7.98it/s]
 66%|██████▌   | 2114/3213 [04:42<02:17,  8.00it/s]
 66%|██████▌   | 2115/3213 [04:43<02:20,  7.84it/s]
 66%|██████▌   | 2116/3213 [04:43<02:24,  7.61it/s]
 66%|██████▌   | 2117/3213 [04:43<02:18,  7.94it/s]
 66%|██████▌   | 2118/3213 [04:43<02:15,  8.06it/s]
 66%|██████▌   | 2119/3213 [04:43<02:15,  8.08it/s]
 66%|██████▌   | 2120/3213 [04:43<02:15,  8.09it/s]
 66%|██████▌   | 2121/3213 [04:43<02:15,  8.06it/s]
 66%|██████▌   | 2122/3213 [04:43<02:14,  8.11it/s]
 66%|██████▌   | 2123/3213 [04:44<02:15,  8.02it/s]
 66%|██████▌   | 2124/3213 [04:44<02:14,  8.12it/s]
 66%|██████▌   | 2125/3213 [04:44<02:14,  8.11it/s]
 66%|██████▌   | 2126/3213 [04:44<02:19,  7.81it/s]
 66%|██████▌   | 2127/3213 [04:44<02:13,  8.14it/s]
 66%|██████▌   | 2128/3213 [04:44<02:13,  8.11it/s]
 66%|██████▋   | 2129/3213 [04:44<02:14,  8.05it/s]
 66%|██████▋   | 2130/3213 [04:44<02:13,  8.10it/s]
 66%|██████▋   | 2131/3213 [04:45<02:14,  8.06it/s]
 66%|██████▋   | 2132/3213 [04:45<02:15,  8.00it/s]
 66%|██████▋   | 2133/3213 [04:45<02:19,  7.75it/s]
 66%|██████▋   | 2134/3213 [04:45<02:16,  7.92it/s]
 66%|██████▋   | 2135/3213 [04:45<02:15,  7.98it/s]
 66%|██████▋   | 2136/3213 [04:45<02:14,  8.02it/s]
 67%|██████▋   | 2137/3213 [04:45<02:15,  7.94it/s]
 67%|██████▋   | 2138/3213 [04:45<02:18,  7.75it/s]
 67%|██████▋   | 2139/3213 [04:46<02:17,  7.83it/s]
 67%|██████▋   | 2140/3213 [04:46<02:16,  7.88it/s]
 67%|██████▋   | 2141/3213 [04:46<02:15,  7.94it/s]
 67%|██████▋   | 2142/3213 [04:46<02:16,  7.83it/s]

  0%|          | 0/95 [00:00<?, ?it/s][A

  4%|▍         | 4/95 [00:00<00:02, 33.11it/s][A

  8%|▊         | 8/95 [00:00<00:03, 27.09it/s][A

 12%|█▏        | 11/95 [00:00<00:03, 25.40it/s][A

 15%|█▍        | 14/95 [00:00<00:03, 25.07it/s][A

 18%|█▊        | 17/95 [00:00<00:03, 24.80it/s][A

 21%|██        | 20/95 [00:00<00:03, 24.30it/s][A

 24%|██▍       | 23/95 [00:00<00:03, 23.98it/s][A

 27%|██▋       | 26/95 [00:01<00:02, 23.77it/s][A

 31%|███       | 29/95 [00:01<00:02, 23.91it/s][A

 34%|███▎      | 32/95 [00:01<00:02, 24.07it/s][A

 37%|███▋      | 35/95 [00:01<00:02, 23.95it/s][A

 40%|████      | 38/95 [00:01<00:02, 23.73it/s][A

 43%|████▎     | 41/95 [00:01<00:02, 23.72it/s][A

 46%|████▋     | 44/95 [00:01<00:02, 23.90it/s][A

 49%|████▉     | 47/95 [00:01<00:01, 24.07it/s][A

 53%|█████▎    | 50/95 [00:02<00:01, 24.00it/s][A

 56%|█████▌    | 53/95 [00:02<00:01, 23.85it/s][A

 59%|█████▉    | 56/95 [00:02<00:01, 23.99it/s][A

 62%|██████▏   | 59/95 [00:02<00:01, 24.06it/s][A

 65%|██████▌   | 62/95 [00:02<00:01, 23.94it/s][A

 68%|██████▊   | 65/95 [00:02<00:01, 23.61it/s][A

 72%|███████▏  | 68/95 [00:02<00:01, 23.78it/s][A

 75%|███████▍  | 71/95 [00:02<00:01, 23.95it/s][A

 78%|███████▊  | 74/95 [00:03<00:00, 23.94it/s][A

 81%|████████  | 77/95 [00:03<00:00, 23.75it/s][A

 84%|████████▍ | 80/95 [00:03<00:00, 23.63it/s][A

 87%|████████▋ | 83/95 [00:03<00:00, 23.60it/s][A

 91%|█████████ | 86/95 [00:03<00:00, 23.63it/s][A

 94%|█████████▎| 89/95 [00:03<00:00, 23.79it/s][A

 97%|█████████▋| 92/95 [00:03<00:00, 23.92it/s][A

100%|██████████| 95/95 [00:03<00:00, 24.08it/s][A
                                                   

                                               
[A{'eval_loss': 0.01885533332824707, 'eval_accuracy': 0.9918147995039273, 'eval_precision': 0.9899505766062603, 'eval_recall': 0.9937158921779394, 'eval_f1': 0.9918296608071305, 'eval_runtime': 4.4094, 'eval_samples_per_second': 2743.004, 'eval_steps_per_second': 21.545, 'epoch': 2.0}

 67%|██████▋   | 2142/3213 [04:50<02:16,  7.83it/s]

100%|██████████| 95/95 [00:03<00:00, 24.08it/s][A

                                               [A
 67%|██████▋   | 2143/3213 [04:54<44:34,  2.50s/it]
 67%|██████▋   | 2144/3213 [04:54<31:54,  1.79s/it]
 67%|██████▋   | 2145/3213 [04:54<23:00,  1.29s/it]
 67%|██████▋   | 2146/3213 [04:54<16:45,  1.06it/s]
 67%|██████▋   | 2147/3213 [04:55<12:24,  1.43it/s]
 67%|██████▋   | 2148/3213 [04:55<09:18,  1.91it/s]
 67%|██████▋   | 2149/3213 [04:55<07:14,  2.45it/s]
 67%|██████▋   | 2150/3213 [04:55<05:48,  3.05it/s]
                                                   
{'loss': 0.0107, 'grad_norm': 0.14759258925914764, 'learning_rate': 6.616868969810148e-06, 'epoch': 2.01}

 67%|██████▋   | 2150/3213 [04:55<05:48,  3.05it/s]
 67%|██████▋   | 2151/3213 [04:55<04:43,  3.74it/s]
 67%|██████▋   | 2152/3213 [04:55<03:57,  4.47it/s]
 67%|██████▋   | 2153/3213 [04:55<03:25,  5.15it/s]
 67%|██████▋   | 2154/3213 [04:55<03:02,  5.80it/s]
 67%|██████▋   | 2155/3213 [04:56<02:48,  6.28it/s]
 67%|██████▋   | 2156/3213 [04:56<02:36,  6.75it/s]
 67%|██████▋   | 2157/3213 [04:56<02:28,  7.13it/s]
 67%|██████▋   | 2158/3213 [04:56<02:22,  7.39it/s]
 67%|██████▋   | 2159/3213 [04:56<02:19,  7.58it/s]
 67%|██████▋   | 2160/3213 [04:56<02:19,  7.56it/s]
 67%|██████▋   | 2161/3213 [04:56<02:17,  7.68it/s]
 67%|██████▋   | 2162/3213 [04:56<02:15,  7.78it/s]
 67%|██████▋   | 2163/3213 [04:57<02:15,  7.73it/s]
 67%|██████▋   | 2164/3213 [04:57<02:13,  7.85it/s]
 67%|██████▋   | 2165/3213 [04:57<02:18,  7.56it/s]
 67%|██████▋   | 2166/3213 [04:57<02:15,  7.72it/s]
 67%|██████▋   | 2167/3213 [04:57<02:17,  7.62it/s]
 67%|██████▋   | 2168/3213 [04:57<02:14,  7.76it/s]
 68%|██████▊   | 2169/3213 [04:57<02:14,  7.74it/s]
 68%|██████▊   | 2170/3213 [04:57<02:10,  7.99it/s]
 68%|██████▊   | 2171/3213 [04:58<02:12,  7.86it/s]
 68%|██████▊   | 2172/3213 [04:58<02:08,  8.10it/s]
 68%|██████▊   | 2173/3213 [04:58<02:09,  8.02it/s]
 68%|██████▊   | 2174/3213 [04:58<02:09,  8.02it/s]
 68%|██████▊   | 2175/3213 [04:58<02:09,  8.02it/s]
 68%|██████▊   | 2176/3213 [04:58<02:10,  7.93it/s]
 68%|██████▊   | 2177/3213 [04:58<02:09,  7.99it/s]
 68%|██████▊   | 2178/3213 [04:58<02:09,  8.02it/s]
 68%|██████▊   | 2179/3213 [04:59<02:09,  8.01it/s]
 68%|██████▊   | 2180/3213 [04:59<02:10,  7.89it/s]
 68%|██████▊   | 2181/3213 [04:59<02:09,  7.97it/s]
 68%|██████▊   | 2182/3213 [04:59<02:10,  7.88it/s]
 68%|██████▊   | 2183/3213 [04:59<02:06,  8.11it/s]
 68%|██████▊   | 2184/3213 [04:59<02:06,  8.11it/s]
 68%|██████▊   | 2185/3213 [04:59<02:07,  8.09it/s]
 68%|██████▊   | 2186/3213 [04:59<02:06,  8.12it/s]
 68%|██████▊   | 2187/3213 [05:00<02:08,  7.95it/s]
 68%|██████▊   | 2188/3213 [05:00<02:10,  7.88it/s]
 68%|██████▊   | 2189/3213 [05:00<02:06,  8.11it/s]
 68%|██████▊   | 2190/3213 [05:00<02:06,  8.08it/s]
 68%|██████▊   | 2191/3213 [05:00<02:07,  8.00it/s]
 68%|██████▊   | 2192/3213 [05:00<02:07,  8.04it/s]
 68%|██████▊   | 2193/3213 [05:00<02:06,  8.08it/s]
 68%|██████▊   | 2194/3213 [05:00<02:06,  8.09it/s]
 68%|██████▊   | 2195/3213 [05:01<02:08,  7.93it/s]
 68%|██████▊   | 2196/3213 [05:01<02:08,  7.92it/s]
 68%|██████▊   | 2197/3213 [05:01<02:07,  7.98it/s]
 68%|██████▊   | 2198/3213 [05:01<02:06,  8.03it/s]
 68%|██████▊   | 2199/3213 [05:01<02:05,  8.06it/s]
 68%|██████▊   | 2200/3213 [05:01<02:05,  8.09it/s]
                                                   
{'loss': 0.0062, 'grad_norm': 0.5537140965461731, 'learning_rate': 6.305633364456894e-06, 'epoch': 2.05}

 68%|██████▊   | 2200/3213 [05:01<02:05,  8.09it/s]
 69%|██████▊   | 2201/3213 [05:01<02:05,  8.04it/s]
 69%|██████▊   | 2202/3213 [05:01<02:05,  8.08it/s]
 69%|██████▊   | 2203/3213 [05:02<02:08,  7.85it/s]
 69%|██████▊   | 2204/3213 [05:02<02:08,  7.83it/s]
 69%|██████▊   | 2205/3213 [05:02<02:09,  7.77it/s]
 69%|██████▊   | 2206/3213 [05:02<02:08,  7.84it/s]
 69%|██████▊   | 2207/3213 [05:02<02:06,  7.93it/s]
 69%|██████▊   | 2208/3213 [05:02<02:05,  7.99it/s]
 69%|██████▉   | 2209/3213 [05:02<02:04,  8.04it/s]
 69%|██████▉   | 2210/3213 [05:02<02:04,  8.08it/s]
 69%|██████▉   | 2211/3213 [05:03<02:03,  8.09it/s]
 69%|██████▉   | 2212/3213 [05:03<02:04,  8.01it/s]
 69%|██████▉   | 2213/3213 [05:03<02:02,  8.15it/s]
 69%|██████▉   | 2214/3213 [05:03<02:02,  8.14it/s]
 69%|██████▉   | 2215/3213 [05:03<02:03,  8.06it/s]
 69%|██████▉   | 2216/3213 [05:03<02:03,  8.05it/s]
 69%|██████▉   | 2217/3213 [05:03<02:04,  7.97it/s]
 69%|██████▉   | 2218/3213 [05:03<02:03,  8.05it/s]
 69%|██████▉   | 2219/3213 [05:04<02:10,  7.62it/s]
 69%|██████▉   | 2220/3213 [05:04<02:02,  8.09it/s]
 69%|██████▉   | 2221/3213 [05:04<02:04,  7.95it/s]
 69%|██████▉   | 2222/3213 [05:04<02:06,  7.85it/s]
 69%|██████▉   | 2223/3213 [05:04<02:02,  8.06it/s]
 69%|██████▉   | 2224/3213 [05:04<02:02,  8.05it/s]
 69%|██████▉   | 2225/3213 [05:04<02:02,  8.07it/s]
 69%|██████▉   | 2226/3213 [05:04<02:01,  8.10it/s]
 69%|██████▉   | 2227/3213 [05:05<02:02,  8.04it/s]
 69%|██████▉   | 2228/3213 [05:05<02:02,  8.02it/s]
 69%|██████▉   | 2229/3213 [05:05<02:02,  8.00it/s]
 69%|██████▉   | 2230/3213 [05:05<02:02,  8.03it/s]
 69%|██████▉   | 2231/3213 [05:05<02:02,  8.04it/s]
 69%|██████▉   | 2232/3213 [05:05<02:01,  8.05it/s]
 69%|██████▉   | 2233/3213 [05:05<02:02,  8.03it/s]
 70%|██████▉   | 2234/3213 [05:05<02:00,  8.10it/s]
 70%|██████▉   | 2235/3213 [05:06<02:02,  7.96it/s]
 70%|██████▉   | 2236/3213 [05:06<02:02,  7.98it/s]
 70%|██████▉   | 2237/3213 [05:06<02:02,  7.99it/s]
 70%|██████▉   | 2238/3213 [05:06<02:02,  7.98it/s]
 70%|██████▉   | 2239/3213 [05:06<02:10,  7.48it/s]
 70%|██████▉   | 2240/3213 [05:06<02:19,  6.99it/s]
 70%|██████▉   | 2241/3213 [05:06<02:17,  7.05it/s]
 70%|██████▉   | 2242/3213 [05:07<02:19,  6.98it/s]
 70%|██████▉   | 2243/3213 [05:07<02:13,  7.29it/s]
 70%|██████▉   | 2244/3213 [05:07<02:11,  7.36it/s]
 70%|██████▉   | 2245/3213 [05:07<02:05,  7.69it/s]
 70%|██████▉   | 2246/3213 [05:07<02:03,  7.82it/s]
 70%|██████▉   | 2247/3213 [05:07<02:03,  7.83it/s]
 70%|██████▉   | 2248/3213 [05:07<02:02,  7.86it/s]
 70%|██████▉   | 2249/3213 [05:07<02:01,  7.92it/s]
 70%|███████   | 2250/3213 [05:08<02:01,  7.91it/s]
                                                   
{'loss': 0.0052, 'grad_norm': 0.611113429069519, 'learning_rate': 5.994397759103642e-06, 'epoch': 2.1}

 70%|███████   | 2250/3213 [05:08<02:01,  7.91it/s]
 70%|███████   | 2251/3213 [05:08<02:01,  7.89it/s]
 70%|███████   | 2252/3213 [05:08<02:00,  8.00it/s]
 70%|███████   | 2253/3213 [05:08<01:59,  8.02it/s]
 70%|███████   | 2254/3213 [05:08<01:59,  8.03it/s]
 70%|███████   | 2255/3213 [05:08<02:01,  7.85it/s]
 70%|███████   | 2256/3213 [05:08<02:00,  7.93it/s]
 70%|███████   | 2257/3213 [05:08<01:59,  7.99it/s]
 70%|███████   | 2258/3213 [05:09<02:01,  7.88it/s]
 70%|███████   | 2259/3213 [05:09<02:00,  7.92it/s]
 70%|███████   | 2260/3213 [05:09<02:02,  7.80it/s]
 70%|███████   | 2261/3213 [05:09<02:01,  7.85it/s]
 70%|███████   | 2262/3213 [05:09<02:04,  7.66it/s]
 70%|███████   | 2263/3213 [05:09<02:02,  7.76it/s]
 70%|███████   | 2264/3213 [05:09<02:06,  7.53it/s]
 70%|███████   | 2265/3213 [05:09<02:03,  7.67it/s]
 71%|███████   | 2266/3213 [05:10<02:08,  7.36it/s]
 71%|███████   | 2267/3213 [05:10<02:14,  7.05it/s]
 71%|███████   | 2268/3213 [05:10<02:09,  7.30it/s]
 71%|███████   | 2269/3213 [05:10<02:05,  7.55it/s]
 71%|███████   | 2270/3213 [05:10<02:03,  7.66it/s]
 71%|███████   | 2271/3213 [05:10<02:01,  7.78it/s]
 71%|███████   | 2272/3213 [05:10<01:59,  7.86it/s]
 71%|███████   | 2273/3213 [05:11<01:58,  7.92it/s]
 71%|███████   | 2274/3213 [05:11<01:57,  7.98it/s]
 71%|███████   | 2275/3213 [05:11<02:00,  7.79it/s]
 71%|███████   | 2276/3213 [05:11<02:02,  7.63it/s]
 71%|███████   | 2277/3213 [05:11<02:00,  7.74it/s]
 71%|███████   | 2278/3213 [05:11<01:59,  7.83it/s]
 71%|███████   | 2279/3213 [05:11<01:58,  7.90it/s]
 71%|███████   | 2280/3213 [05:11<01:59,  7.81it/s]
 71%|███████   | 2281/3213 [05:12<01:55,  8.06it/s]
 71%|███████   | 2282/3213 [05:12<01:55,  8.07it/s]
 71%|███████   | 2283/3213 [05:12<02:02,  7.61it/s]
 71%|███████   | 2284/3213 [05:12<01:59,  7.77it/s]
 71%|███████   | 2285/3213 [05:12<01:58,  7.82it/s]
 71%|███████   | 2286/3213 [05:12<02:00,  7.69it/s]
 71%|███████   | 2287/3213 [05:12<01:57,  7.86it/s]
 71%|███████   | 2288/3213 [05:12<01:56,  7.94it/s]
 71%|███████   | 2289/3213 [05:13<01:58,  7.77it/s]
 71%|███████▏  | 2290/3213 [05:13<01:57,  7.87it/s]
 71%|███████▏  | 2291/3213 [05:13<01:56,  7.94it/s]
 71%|███████▏  | 2292/3213 [05:13<01:55,  7.99it/s]
 71%|███████▏  | 2293/3213 [05:13<01:54,  8.03it/s]
 71%|███████▏  | 2294/3213 [05:13<01:53,  8.07it/s]
 71%|███████▏  | 2295/3213 [05:13<01:54,  8.04it/s]
 71%|███████▏  | 2296/3213 [05:13<01:53,  8.09it/s]
 71%|███████▏  | 2297/3213 [05:14<01:53,  8.07it/s]
 72%|███████▏  | 2298/3213 [05:14<01:56,  7.86it/s]
 72%|███████▏  | 2299/3213 [05:14<02:00,  7.59it/s]
 72%|███████▏  | 2300/3213 [05:14<01:54,  7.96it/s]
                                                   
{'loss': 0.0058, 'grad_norm': 0.2507750391960144, 'learning_rate': 5.68316215375039e-06, 'epoch': 2.15}

 72%|███████▏  | 2300/3213 [05:14<01:54,  7.96it/s]
 72%|███████▏  | 2301/3213 [05:14<01:52,  8.07it/s]
 72%|███████▏  | 2302/3213 [05:14<01:54,  7.95it/s]
 72%|███████▏  | 2303/3213 [05:14<01:53,  8.00it/s]
 72%|███████▏  | 2304/3213 [05:14<01:53,  8.03it/s]
 72%|███████▏  | 2305/3213 [05:15<01:54,  7.92it/s]
 72%|███████▏  | 2306/3213 [05:15<01:55,  7.85it/s]
 72%|███████▏  | 2307/3213 [05:15<01:53,  7.99it/s]
 72%|███████▏  | 2308/3213 [05:15<01:54,  7.91it/s]
 72%|███████▏  | 2309/3213 [05:15<01:53,  7.97it/s]
 72%|███████▏  | 2310/3213 [05:15<01:53,  7.94it/s]
 72%|███████▏  | 2311/3213 [05:15<01:56,  7.72it/s]
 72%|███████▏  | 2312/3213 [05:15<01:51,  8.05it/s]
 72%|███████▏  | 2313/3213 [05:16<01:52,  7.97it/s]
 72%|███████▏  | 2314/3213 [05:16<01:52,  8.02it/s]
 72%|███████▏  | 2315/3213 [05:16<01:51,  8.05it/s]
 72%|███████▏  | 2316/3213 [05:16<01:51,  8.07it/s]
 72%|███████▏  | 2317/3213 [05:16<01:51,  8.05it/s]
 72%|███████▏  | 2318/3213 [05:16<01:51,  8.06it/s]
 72%|███████▏  | 2319/3213 [05:16<01:51,  8.05it/s]
 72%|███████▏  | 2320/3213 [05:16<01:52,  7.95it/s]
 72%|███████▏  | 2321/3213 [05:17<01:51,  8.00it/s]
 72%|███████▏  | 2322/3213 [05:17<01:51,  7.97it/s]
 72%|███████▏  | 2323/3213 [05:17<01:55,  7.73it/s]
 72%|███████▏  | 2324/3213 [05:17<01:51,  7.95it/s]
 72%|███████▏  | 2325/3213 [05:17<01:51,  7.99it/s]
 72%|███████▏  | 2326/3213 [05:17<01:50,  8.03it/s]
 72%|███████▏  | 2327/3213 [05:17<01:55,  7.66it/s]
 72%|███████▏  | 2328/3213 [05:17<01:48,  8.13it/s]
 72%|███████▏  | 2329/3213 [05:18<01:49,  8.10it/s]
 73%|███████▎  | 2330/3213 [05:18<01:49,  8.06it/s]
 73%|███████▎  | 2331/3213 [05:18<01:50,  7.96it/s]
 73%|███████▎  | 2332/3213 [05:18<01:48,  8.09it/s]
 73%|███████▎  | 2333/3213 [05:18<01:50,  8.00it/s]
 73%|███████▎  | 2334/3213 [05:18<01:49,  8.06it/s]
 73%|███████▎  | 2335/3213 [05:18<01:48,  8.09it/s]
 73%|███████▎  | 2336/3213 [05:18<01:48,  8.09it/s]
 73%|███████▎  | 2337/3213 [05:19<01:57,  7.47it/s]
 73%|███████▎  | 2338/3213 [05:19<01:53,  7.68it/s]
 73%|███████▎  | 2339/3213 [05:19<01:48,  8.05it/s]
 73%|███████▎  | 2340/3213 [05:19<01:47,  8.10it/s]
 73%|███████▎  | 2341/3213 [05:19<01:47,  8.09it/s]
 73%|███████▎  | 2342/3213 [05:19<01:47,  8.07it/s]
 73%|███████▎  | 2343/3213 [05:19<01:47,  8.06it/s]
 73%|███████▎  | 2344/3213 [05:19<01:47,  8.07it/s]
 73%|███████▎  | 2345/3213 [05:20<01:47,  8.07it/s]
 73%|███████▎  | 2346/3213 [05:20<01:47,  8.08it/s]
 73%|███████▎  | 2347/3213 [05:20<01:46,  8.10it/s]
 73%|███████▎  | 2348/3213 [05:20<01:46,  8.12it/s]
 73%|███████▎  | 2349/3213 [05:20<01:46,  8.13it/s]
 73%|███████▎  | 2350/3213 [05:20<01:46,  8.13it/s]
                                                   
{'loss': 0.0049, 'grad_norm': 0.061737824231386185, 'learning_rate': 5.371926548397137e-06, 'epoch': 2.19}

 73%|███████▎  | 2350/3213 [05:20<01:46,  8.13it/s]
 73%|███████▎  | 2351/3213 [05:20<01:46,  8.13it/s]
 73%|███████▎  | 2352/3213 [05:20<01:46,  8.10it/s]
 73%|███████▎  | 2353/3213 [05:21<01:48,  7.90it/s]
 73%|███████▎  | 2354/3213 [05:21<01:48,  7.89it/s]
 73%|███████▎  | 2355/3213 [05:21<01:46,  8.03it/s]
 73%|███████▎  | 2356/3213 [05:21<01:46,  8.06it/s]
 73%|███████▎  | 2357/3213 [05:21<01:47,  7.94it/s]
 73%|███████▎  | 2358/3213 [05:21<01:47,  7.97it/s]
 73%|███████▎  | 2359/3213 [05:21<01:49,  7.80it/s]
 73%|███████▎  | 2360/3213 [05:21<01:47,  7.93it/s]
 73%|███████▎  | 2361/3213 [05:22<01:47,  7.96it/s]
 74%|███████▎  | 2362/3213 [05:22<01:46,  7.97it/s]
 74%|███████▎  | 2363/3213 [05:22<01:50,  7.70it/s]
 74%|███████▎  | 2364/3213 [05:22<01:46,  8.00it/s]
 74%|███████▎  | 2365/3213 [05:22<01:45,  8.04it/s]
 74%|███████▎  | 2366/3213 [05:22<01:45,  8.05it/s]
 74%|███████▎  | 2367/3213 [05:22<01:44,  8.09it/s]
 74%|███████▎  | 2368/3213 [05:22<01:44,  8.10it/s]
 74%|███████▎  | 2369/3213 [05:23<01:46,  7.92it/s]
 74%|███████▍  | 2370/3213 [05:23<01:47,  7.88it/s]
 74%|███████▍  | 2371/3213 [05:23<01:46,  7.91it/s]
 74%|███████▍  | 2372/3213 [05:23<01:44,  8.08it/s]
 74%|███████▍  | 2373/3213 [05:23<01:43,  8.09it/s]
 74%|███████▍  | 2374/3213 [05:23<01:43,  8.10it/s]
 74%|███████▍  | 2375/3213 [05:23<01:45,  7.92it/s]
 74%|███████▍  | 2376/3213 [05:23<01:42,  8.17it/s]
 74%|███████▍  | 2377/3213 [05:24<01:43,  8.04it/s]
 74%|███████▍  | 2378/3213 [05:24<01:43,  8.09it/s]
 74%|███████▍  | 2379/3213 [05:24<01:49,  7.60it/s]
 74%|███████▍  | 2380/3213 [05:24<01:43,  8.07it/s]
 74%|███████▍  | 2381/3213 [05:24<01:43,  8.03it/s]
 74%|███████▍  | 2382/3213 [05:24<01:51,  7.48it/s]
 74%|███████▍  | 2383/3213 [05:24<01:48,  7.66it/s]
 74%|███████▍  | 2384/3213 [05:24<01:46,  7.80it/s]
 74%|███████▍  | 2385/3213 [05:25<01:44,  7.90it/s]
 74%|███████▍  | 2386/3213 [05:25<01:46,  7.75it/s]
 74%|███████▍  | 2387/3213 [05:25<01:44,  7.88it/s]
 74%|███████▍  | 2388/3213 [05:25<01:40,  8.17it/s]
 74%|███████▍  | 2389/3213 [05:25<01:42,  8.04it/s]
 74%|███████▍  | 2390/3213 [05:25<01:42,  8.04it/s]
 74%|███████▍  | 2391/3213 [05:25<01:42,  8.03it/s]
 74%|███████▍  | 2392/3213 [05:25<01:42,  8.04it/s]
 74%|███████▍  | 2393/3213 [05:26<01:41,  8.07it/s]
 75%|███████▍  | 2394/3213 [05:26<01:42,  8.01it/s]
 75%|███████▍  | 2395/3213 [05:26<01:41,  8.06it/s]
 75%|███████▍  | 2396/3213 [05:26<01:40,  8.10it/s]
 75%|███████▍  | 2397/3213 [05:26<01:40,  8.11it/s]
 75%|███████▍  | 2398/3213 [05:26<01:40,  8.10it/s]
 75%|███████▍  | 2399/3213 [05:26<01:40,  8.09it/s]
 75%|███████▍  | 2400/3213 [05:26<01:41,  8.05it/s]
                                                   
{'loss': 0.0057, 'grad_norm': 0.03450874239206314, 'learning_rate': 5.060690943043884e-06, 'epoch': 2.24}

 75%|███████▍  | 2400/3213 [05:26<01:41,  8.05it/s]
 75%|███████▍  | 2401/3213 [05:27<01:41,  8.03it/s]
 75%|███████▍  | 2402/3213 [05:27<01:46,  7.64it/s]
 75%|███████▍  | 2403/3213 [05:27<01:46,  7.63it/s]
 75%|███████▍  | 2404/3213 [05:27<01:42,  7.88it/s]
 75%|███████▍  | 2405/3213 [05:27<01:41,  7.95it/s]
 75%|███████▍  | 2406/3213 [05:27<01:45,  7.63it/s]
 75%|███████▍  | 2407/3213 [05:27<01:46,  7.57it/s]
 75%|███████▍  | 2408/3213 [05:27<01:44,  7.72it/s]
 75%|███████▍  | 2409/3213 [05:28<01:42,  7.83it/s]
 75%|███████▌  | 2410/3213 [05:28<01:47,  7.47it/s]
 75%|███████▌  | 2411/3213 [05:28<01:44,  7.69it/s]
 75%|███████▌  | 2412/3213 [05:28<01:41,  7.89it/s]
 75%|███████▌  | 2413/3213 [05:28<01:40,  7.93it/s]
 75%|███████▌  | 2414/3213 [05:28<01:39,  8.02it/s]
 75%|███████▌  | 2415/3213 [05:28<01:38,  8.07it/s]
 75%|███████▌  | 2416/3213 [05:28<01:38,  8.08it/s]
 75%|███████▌  | 2417/3213 [05:29<01:38,  8.08it/s]
 75%|███████▌  | 2418/3213 [05:29<01:40,  7.90it/s]
 75%|███████▌  | 2419/3213 [05:29<01:41,  7.85it/s]
 75%|███████▌  | 2420/3213 [05:29<01:40,  7.93it/s]
 75%|███████▌  | 2421/3213 [05:29<01:39,  7.98it/s]
 75%|███████▌  | 2422/3213 [05:29<01:38,  8.02it/s]
 75%|███████▌  | 2423/3213 [05:29<01:38,  8.05it/s]
 75%|███████▌  | 2424/3213 [05:30<01:37,  8.06it/s]
 75%|███████▌  | 2425/3213 [05:30<01:37,  8.05it/s]
 76%|███████▌  | 2426/3213 [05:30<01:37,  8.04it/s]
 76%|███████▌  | 2427/3213 [05:30<01:39,  7.88it/s]
 76%|███████▌  | 2428/3213 [05:30<01:38,  7.97it/s]
 76%|███████▌  | 2429/3213 [05:30<01:37,  8.01it/s]
 76%|███████▌  | 2430/3213 [05:30<01:37,  8.04it/s]
 76%|███████▌  | 2431/3213 [05:30<01:37,  8.05it/s]
 76%|███████▌  | 2432/3213 [05:31<01:40,  7.75it/s]
 76%|███████▌  | 2433/3213 [05:31<01:36,  8.11it/s]
 76%|███████▌  | 2434/3213 [05:31<01:37,  7.96it/s]
 76%|███████▌  | 2435/3213 [05:31<01:38,  7.86it/s]
 76%|███████▌  | 2436/3213 [05:31<01:38,  7.90it/s]
 76%|███████▌  | 2437/3213 [05:31<01:37,  7.94it/s]
 76%|███████▌  | 2438/3213 [05:31<01:37,  7.95it/s]
 76%|███████▌  | 2439/3213 [05:31<01:39,  7.81it/s]
 76%|███████▌  | 2440/3213 [05:32<01:35,  8.08it/s]
 76%|███████▌  | 2441/3213 [05:32<01:35,  8.07it/s]
 76%|███████▌  | 2442/3213 [05:32<01:41,  7.60it/s]
 76%|███████▌  | 2443/3213 [05:32<01:40,  7.65it/s]
 76%|███████▌  | 2444/3213 [05:32<01:39,  7.76it/s]
 76%|███████▌  | 2445/3213 [05:32<01:38,  7.76it/s]
 76%|███████▌  | 2446/3213 [05:32<01:37,  7.87it/s]
 76%|███████▌  | 2447/3213 [05:32<01:36,  7.95it/s]
 76%|███████▌  | 2448/3213 [05:33<01:36,  7.89it/s]
 76%|███████▌  | 2449/3213 [05:33<01:36,  7.93it/s]
 76%|███████▋  | 2450/3213 [05:33<01:37,  7.84it/s]
                                                   
{'loss': 0.0071, 'grad_norm': 0.2237943708896637, 'learning_rate': 4.749455337690632e-06, 'epoch': 2.29}

 76%|███████▋  | 2450/3213 [05:33<01:37,  7.84it/s]
 76%|███████▋  | 2451/3213 [05:33<01:35,  7.97it/s]
 76%|███████▋  | 2452/3213 [05:33<01:39,  7.63it/s]
 76%|███████▋  | 2453/3213 [05:33<01:37,  7.78it/s]
 76%|███████▋  | 2454/3213 [05:33<01:38,  7.72it/s]
 76%|███████▋  | 2455/3213 [05:33<01:34,  8.01it/s]
 76%|███████▋  | 2456/3213 [05:34<01:34,  8.02it/s]
 76%|███████▋  | 2457/3213 [05:34<01:34,  8.00it/s]
 77%|███████▋  | 2458/3213 [05:34<01:36,  7.83it/s]
 77%|███████▋  | 2459/3213 [05:34<01:35,  7.87it/s]
 77%|███████▋  | 2460/3213 [05:34<01:34,  7.99it/s]
 77%|███████▋  | 2461/3213 [05:34<01:33,  8.03it/s]
 77%|███████▋  | 2462/3213 [05:34<01:33,  8.05it/s]
 77%|███████▋  | 2463/3213 [05:34<01:33,  8.06it/s]
 77%|███████▋  | 2464/3213 [05:35<01:33,  8.02it/s]
 77%|███████▋  | 2465/3213 [05:35<01:34,  7.93it/s]
 77%|███████▋  | 2466/3213 [05:35<01:33,  8.01it/s]
 77%|███████▋  | 2467/3213 [05:35<01:32,  8.03it/s]
 77%|███████▋  | 2468/3213 [05:35<01:32,  8.06it/s]
 77%|███████▋  | 2469/3213 [05:35<01:32,  8.01it/s]
 77%|███████▋  | 2470/3213 [05:35<01:32,  7.99it/s]
 77%|███████▋  | 2471/3213 [05:35<01:31,  8.07it/s]
 77%|███████▋  | 2472/3213 [05:36<01:37,  7.59it/s]
 77%|███████▋  | 2473/3213 [05:36<01:36,  7.67it/s]
 77%|███████▋  | 2474/3213 [05:36<01:39,  7.42it/s]
 77%|███████▋  | 2475/3213 [05:36<01:38,  7.49it/s]
 77%|███████▋  | 2476/3213 [05:36<01:38,  7.49it/s]
 77%|███████▋  | 2477/3213 [05:36<01:38,  7.50it/s]
 77%|███████▋  | 2478/3213 [05:36<01:36,  7.63it/s]
 77%|███████▋  | 2479/3213 [05:37<01:36,  7.61it/s]
 77%|███████▋  | 2480/3213 [05:37<01:31,  7.99it/s]
 77%|███████▋  | 2482/3213 [05:37<01:27,  8.34it/s]
 77%|███████▋  | 2483/3213 [05:37<01:26,  8.40it/s]
 77%|███████▋  | 2484/3213 [05:37<01:27,  8.30it/s]
 77%|███████▋  | 2485/3213 [05:37<01:28,  8.23it/s]
 77%|███████▋  | 2486/3213 [05:37<01:28,  8.20it/s]
 77%|███████▋  | 2487/3213 [05:37<01:28,  8.19it/s]
 77%|███████▋  | 2488/3213 [05:38<01:28,  8.17it/s]
 77%|███████▋  | 2489/3213 [05:38<01:30,  8.04it/s]
 77%|███████▋  | 2490/3213 [05:38<01:31,  7.94it/s]
 78%|███████▊  | 2491/3213 [05:38<01:30,  7.98it/s]
 78%|███████▊  | 2492/3213 [05:38<01:30,  8.01it/s]
 78%|███████▊  | 2493/3213 [05:38<01:29,  8.04it/s]
 78%|███████▊  | 2494/3213 [05:38<01:29,  8.07it/s]
 78%|███████▊  | 2495/3213 [05:38<01:28,  8.08it/s]
 78%|███████▊  | 2496/3213 [05:39<01:28,  8.09it/s]
 78%|███████▊  | 2497/3213 [05:39<01:28,  8.06it/s]
 78%|███████▊  | 2498/3213 [05:39<01:29,  8.00it/s]
 78%|███████▊  | 2499/3213 [05:39<01:31,  7.83it/s]
 78%|███████▊  | 2500/3213 [05:39<01:31,  7.82it/s]
                                                   
{'loss': 0.0066, 'grad_norm': 0.03627786785364151, 'learning_rate': 4.444444444444444e-06, 'epoch': 2.33}

 78%|███████▊  | 2500/3213 [05:39<01:31,  7.82it/s]
 78%|███████▊  | 2501/3213 [05:39<01:30,  7.89it/s]
 78%|███████▊  | 2502/3213 [05:39<01:29,  7.90it/s]
 78%|███████▊  | 2503/3213 [05:39<01:29,  7.95it/s]
 78%|███████▊  | 2504/3213 [05:40<01:30,  7.86it/s]
 78%|███████▊  | 2505/3213 [05:40<01:33,  7.58it/s]
 78%|███████▊  | 2506/3213 [05:40<01:31,  7.76it/s]
 78%|███████▊  | 2507/3213 [05:40<01:29,  7.87it/s]
 78%|███████▊  | 2508/3213 [05:40<01:32,  7.66it/s]
 78%|███████▊  | 2509/3213 [05:40<01:27,  8.04it/s]
 78%|███████▊  | 2510/3213 [05:40<01:27,  8.02it/s]
 78%|███████▊  | 2511/3213 [05:40<01:29,  7.87it/s]
 78%|███████▊  | 2512/3213 [05:41<01:27,  8.02it/s]
 78%|███████▊  | 2513/3213 [05:41<01:27,  8.03it/s]
 78%|███████▊  | 2514/3213 [05:41<01:26,  8.05it/s]
 78%|███████▊  | 2515/3213 [05:41<01:26,  8.08it/s]
 78%|███████▊  | 2516/3213 [05:41<01:26,  8.07it/s]
 78%|███████▊  | 2517/3213 [05:41<01:26,  8.03it/s]
 78%|███████▊  | 2518/3213 [05:41<01:28,  7.81it/s]
 78%|███████▊  | 2519/3213 [05:41<01:27,  7.90it/s]
 78%|███████▊  | 2520/3213 [05:42<01:27,  7.94it/s]
 78%|███████▊  | 2521/3213 [05:42<01:32,  7.45it/s]
 78%|███████▊  | 2522/3213 [05:42<01:30,  7.67it/s]
 79%|███████▊  | 2523/3213 [05:42<01:33,  7.42it/s]
 79%|███████▊  | 2524/3213 [05:42<01:26,  7.93it/s]
 79%|███████▊  | 2525/3213 [05:42<01:29,  7.65it/s]
 79%|███████▊  | 2526/3213 [05:42<01:28,  7.78it/s]
 79%|███████▊  | 2527/3213 [05:43<01:27,  7.82it/s]
 79%|███████▊  | 2528/3213 [05:43<01:27,  7.85it/s]
 79%|███████▊  | 2529/3213 [05:43<01:26,  7.90it/s]
 79%|███████▊  | 2530/3213 [05:43<01:27,  7.84it/s]
 79%|███████▉  | 2531/3213 [05:43<01:25,  7.93it/s]
 79%|███████▉  | 2532/3213 [05:43<01:25,  7.99it/s]
 79%|███████▉  | 2533/3213 [05:43<01:25,  7.98it/s]
 79%|███████▉  | 2534/3213 [05:43<01:24,  8.07it/s]
 79%|███████▉  | 2535/3213 [05:44<01:24,  8.05it/s]
 79%|███████▉  | 2536/3213 [05:44<01:25,  7.92it/s]
 79%|███████▉  | 2537/3213 [05:44<01:24,  8.00it/s]
 79%|███████▉  | 2538/3213 [05:44<01:23,  8.07it/s]
 79%|███████▉  | 2539/3213 [05:44<01:23,  8.07it/s]
 79%|███████▉  | 2540/3213 [05:44<01:25,  7.85it/s]
 79%|███████▉  | 2541/3213 [05:44<01:25,  7.90it/s]
 79%|███████▉  | 2542/3213 [05:44<01:24,  7.94it/s]
 79%|███████▉  | 2543/3213 [05:45<01:25,  7.85it/s]
 79%|███████▉  | 2544/3213 [05:45<01:24,  7.92it/s]
 79%|███████▉  | 2545/3213 [05:45<01:24,  7.89it/s]
 79%|███████▉  | 2546/3213 [05:45<01:25,  7.83it/s]
 79%|███████▉  | 2547/3213 [05:45<01:29,  7.47it/s]
 79%|███████▉  | 2548/3213 [05:45<01:27,  7.58it/s]
 79%|███████▉  | 2549/3213 [05:45<01:25,  7.75it/s]
 79%|███████▉  | 2550/3213 [05:45<01:26,  7.64it/s]
                                                   
{'loss': 0.0062, 'grad_norm': 0.05575674772262573, 'learning_rate': 4.1332088390911925e-06, 'epoch': 2.38}

 79%|███████▉  | 2550/3213 [05:45<01:26,  7.64it/s]
 79%|███████▉  | 2551/3213 [05:46<01:25,  7.75it/s]
 79%|███████▉  | 2552/3213 [05:46<01:24,  7.80it/s]
 79%|███████▉  | 2553/3213 [05:46<01:24,  7.85it/s]
 79%|███████▉  | 2554/3213 [05:46<01:23,  7.91it/s]
 80%|███████▉  | 2555/3213 [05:46<01:22,  7.95it/s]
 80%|███████▉  | 2556/3213 [05:46<01:21,  8.02it/s]
 80%|███████▉  | 2557/3213 [05:46<01:21,  8.06it/s]
 80%|███████▉  | 2558/3213 [05:46<01:21,  8.08it/s]
 80%|███████▉  | 2559/3213 [05:47<01:20,  8.09it/s]
 80%|███████▉  | 2560/3213 [05:47<01:21,  8.04it/s]
 80%|███████▉  | 2561/3213 [05:47<01:22,  7.94it/s]
 80%|███████▉  | 2562/3213 [05:47<01:20,  8.08it/s]
 80%|███████▉  | 2563/3213 [05:47<01:20,  8.06it/s]
 80%|███████▉  | 2564/3213 [05:47<01:20,  8.06it/s]
 80%|███████▉  | 2565/3213 [05:47<01:20,  8.06it/s]
 80%|███████▉  | 2566/3213 [05:47<01:20,  8.07it/s]
 80%|███████▉  | 2567/3213 [05:48<01:19,  8.08it/s]
 80%|███████▉  | 2568/3213 [05:48<01:19,  8.09it/s]
 80%|███████▉  | 2569/3213 [05:48<01:19,  8.06it/s]
 80%|███████▉  | 2570/3213 [05:48<01:19,  8.13it/s]
 80%|████████  | 2571/3213 [05:48<01:19,  8.10it/s]
 80%|████████  | 2572/3213 [05:48<01:19,  8.08it/s]
 80%|████████  | 2573/3213 [05:48<01:19,  8.07it/s]
 80%|████████  | 2574/3213 [05:48<01:19,  8.04it/s]
 80%|████████  | 2575/3213 [05:49<01:20,  7.89it/s]
 80%|████████  | 2576/3213 [05:49<01:20,  7.87it/s]
 80%|████████  | 2577/3213 [05:49<01:20,  7.93it/s]
 80%|████████  | 2578/3213 [05:49<01:19,  8.00it/s]
 80%|████████  | 2579/3213 [05:49<01:19,  7.99it/s]
 80%|████████  | 2580/3213 [05:49<01:20,  7.87it/s]
 80%|████████  | 2581/3213 [05:49<01:19,  7.97it/s]
 80%|████████  | 2582/3213 [05:49<01:21,  7.73it/s]
 80%|████████  | 2583/3213 [05:50<01:20,  7.82it/s]
 80%|████████  | 2584/3213 [05:50<01:19,  7.93it/s]
 80%|████████  | 2585/3213 [05:50<01:19,  7.87it/s]
 80%|████████  | 2586/3213 [05:50<01:19,  7.92it/s]
 81%|████████  | 2587/3213 [05:50<01:18,  7.94it/s]
 81%|████████  | 2588/3213 [05:50<01:18,  7.98it/s]
 81%|████████  | 2589/3213 [05:50<01:17,  8.01it/s]
 81%|████████  | 2590/3213 [05:50<01:17,  8.04it/s]
 81%|████████  | 2591/3213 [05:51<01:17,  8.08it/s]
 81%|████████  | 2592/3213 [05:51<01:18,  7.91it/s]
 81%|████████  | 2593/3213 [05:51<01:18,  7.95it/s]
 81%|████████  | 2594/3213 [05:51<01:17,  7.97it/s]
 81%|████████  | 2595/3213 [05:51<01:17,  7.99it/s]
 81%|████████  | 2596/3213 [05:51<01:16,  8.02it/s]
 81%|████████  | 2597/3213 [05:51<01:16,  8.05it/s]
 81%|████████  | 2598/3213 [05:51<01:17,  7.90it/s]
 81%|████████  | 2599/3213 [05:52<01:17,  7.95it/s]
 81%|████████  | 2600/3213 [05:52<01:19,  7.69it/s]
                                                   
{'loss': 0.0041, 'grad_norm': 0.1315246820449829, 'learning_rate': 3.82197323373794e-06, 'epoch': 2.43}

 81%|████████  | 2600/3213 [05:52<01:19,  7.69it/s]
 81%|████████  | 2601/3213 [05:52<01:17,  7.88it/s]
 81%|████████  | 2602/3213 [05:52<01:17,  7.92it/s]
 81%|████████  | 2603/3213 [05:52<01:16,  7.93it/s]
 81%|████████  | 2604/3213 [05:52<01:16,  7.99it/s]
 81%|████████  | 2605/3213 [05:52<01:15,  8.02it/s]
 81%|████████  | 2606/3213 [05:52<01:15,  8.05it/s]
 81%|████████  | 2607/3213 [05:53<01:15,  8.07it/s]
 81%|████████  | 2608/3213 [05:53<01:14,  8.09it/s]
 81%|████████  | 2609/3213 [05:53<01:16,  7.91it/s]
 81%|████████  | 2610/3213 [05:53<01:13,  8.17it/s]
 81%|████████▏ | 2611/3213 [05:53<01:13,  8.15it/s]
 81%|████████▏ | 2612/3213 [05:53<01:14,  8.10it/s]
 81%|████████▏ | 2613/3213 [05:53<01:14,  8.08it/s]
 81%|████████▏ | 2614/3213 [05:53<01:14,  8.06it/s]
 81%|████████▏ | 2615/3213 [05:54<01:14,  7.99it/s]
 81%|████████▏ | 2616/3213 [05:54<01:13,  8.10it/s]
 81%|████████▏ | 2617/3213 [05:54<01:13,  8.07it/s]
 81%|████████▏ | 2618/3213 [05:54<01:16,  7.80it/s]
 82%|████████▏ | 2619/3213 [05:54<01:12,  8.18it/s]
 82%|████████▏ | 2620/3213 [05:54<01:13,  8.03it/s]
 82%|████████▏ | 2621/3213 [05:54<01:13,  8.03it/s]
 82%|████████▏ | 2622/3213 [05:54<01:13,  8.04it/s]
 82%|████████▏ | 2623/3213 [05:55<01:13,  8.04it/s]
 82%|████████▏ | 2624/3213 [05:55<01:13,  8.03it/s]
 82%|████████▏ | 2625/3213 [05:55<01:13,  8.01it/s]
 82%|████████▏ | 2626/3213 [05:55<01:12,  8.14it/s]
 82%|████████▏ | 2627/3213 [05:55<01:11,  8.15it/s]
 82%|████████▏ | 2628/3213 [05:55<01:12,  8.03it/s]
 82%|████████▏ | 2629/3213 [05:55<01:12,  8.10it/s]
 82%|████████▏ | 2630/3213 [05:55<01:11,  8.14it/s]
 82%|████████▏ | 2631/3213 [05:56<01:13,  7.94it/s]
 82%|████████▏ | 2632/3213 [05:56<01:11,  8.13it/s]
 82%|████████▏ | 2633/3213 [05:56<01:11,  8.09it/s]
 82%|████████▏ | 2634/3213 [05:56<01:11,  8.07it/s]
 82%|████████▏ | 2635/3213 [05:56<01:11,  8.08it/s]
 82%|████████▏ | 2636/3213 [05:56<01:11,  8.09it/s]
 82%|████████▏ | 2637/3213 [05:56<01:11,  8.00it/s]
 82%|████████▏ | 2638/3213 [05:56<01:14,  7.73it/s]
 82%|████████▏ | 2639/3213 [05:57<01:13,  7.81it/s]
 82%|████████▏ | 2640/3213 [05:57<01:16,  7.45it/s]
 82%|████████▏ | 2641/3213 [05:57<01:15,  7.56it/s]
 82%|████████▏ | 2642/3213 [05:57<01:13,  7.78it/s]
 82%|████████▏ | 2643/3213 [05:57<01:12,  7.89it/s]
 82%|████████▏ | 2644/3213 [05:57<01:15,  7.58it/s]
 82%|████████▏ | 2645/3213 [05:57<01:14,  7.58it/s]
 82%|████████▏ | 2646/3213 [05:57<01:13,  7.71it/s]
 82%|████████▏ | 2647/3213 [05:58<01:12,  7.81it/s]
 82%|████████▏ | 2648/3213 [05:58<01:12,  7.82it/s]
 82%|████████▏ | 2649/3213 [05:58<01:11,  7.92it/s]
 82%|████████▏ | 2650/3213 [05:58<01:10,  7.97it/s]
                                                   
{'loss': 0.0053, 'grad_norm': 0.4267958998680115, 'learning_rate': 3.510737628384687e-06, 'epoch': 2.47}

 82%|████████▏ | 2650/3213 [05:58<01:10,  7.97it/s]
 83%|████████▎ | 2651/3213 [05:58<01:13,  7.62it/s]
 83%|████████▎ | 2652/3213 [05:58<01:10,  8.00it/s]
 83%|████████▎ | 2653/3213 [05:58<01:09,  8.02it/s]
 83%|████████▎ | 2654/3213 [05:59<01:10,  7.92it/s]
 83%|████████▎ | 2655/3213 [05:59<01:08,  8.09it/s]
 83%|████████▎ | 2656/3213 [05:59<01:10,  7.94it/s]
 83%|████████▎ | 2657/3213 [05:59<01:10,  7.84it/s]
 83%|████████▎ | 2658/3213 [05:59<01:10,  7.91it/s]
 83%|████████▎ | 2659/3213 [05:59<01:09,  7.97it/s]
 83%|████████▎ | 2660/3213 [05:59<01:08,  8.02it/s]
 83%|████████▎ | 2661/3213 [05:59<01:08,  8.07it/s]
 83%|████████▎ | 2662/3213 [05:59<01:08,  8.09it/s]
 83%|████████▎ | 2663/3213 [06:00<01:07,  8.11it/s]
 83%|████████▎ | 2664/3213 [06:00<01:08,  8.03it/s]
 83%|████████▎ | 2665/3213 [06:00<01:09,  7.88it/s]
 83%|████████▎ | 2666/3213 [06:00<01:09,  7.92it/s]
 83%|████████▎ | 2667/3213 [06:00<01:08,  7.95it/s]
 83%|████████▎ | 2668/3213 [06:00<01:07,  8.06it/s]
 83%|████████▎ | 2669/3213 [06:00<01:07,  8.09it/s]
 83%|████████▎ | 2670/3213 [06:01<01:07,  8.01it/s]
 83%|████████▎ | 2671/3213 [06:01<01:06,  8.13it/s]
 83%|████████▎ | 2672/3213 [06:01<01:07,  8.00it/s]
 83%|████████▎ | 2673/3213 [06:01<01:08,  7.86it/s]
 83%|████████▎ | 2674/3213 [06:01<01:07,  7.94it/s]
 83%|████████▎ | 2675/3213 [06:01<01:07,  8.01it/s]
 83%|████████▎ | 2676/3213 [06:01<01:06,  8.04it/s]
 83%|████████▎ | 2677/3213 [06:01<01:09,  7.71it/s]
 83%|████████▎ | 2678/3213 [06:02<01:06,  8.08it/s]
 83%|████████▎ | 2679/3213 [06:02<01:06,  8.05it/s]
 83%|████████▎ | 2680/3213 [06:02<01:09,  7.71it/s]
 83%|████████▎ | 2681/3213 [06:02<01:09,  7.71it/s]
 83%|████████▎ | 2682/3213 [06:02<01:07,  7.84it/s]
 84%|████████▎ | 2683/3213 [06:02<01:07,  7.90it/s]
 84%|████████▎ | 2684/3213 [06:02<01:06,  7.95it/s]
 84%|████████▎ | 2685/3213 [06:02<01:06,  7.98it/s]
 84%|████████▎ | 2686/3213 [06:03<01:05,  8.00it/s]
 84%|████████▎ | 2687/3213 [06:03<01:05,  8.02it/s]
 84%|████████▎ | 2688/3213 [06:03<01:06,  7.88it/s]
 84%|████████▎ | 2689/3213 [06:03<01:06,  7.84it/s]
 84%|████████▎ | 2690/3213 [06:03<01:06,  7.90it/s]
 84%|████████▍ | 2691/3213 [06:03<01:08,  7.62it/s]
 84%|████████▍ | 2692/3213 [06:03<01:04,  8.05it/s]
 84%|████████▍ | 2693/3213 [06:03<01:05,  7.89it/s]
 84%|████████▍ | 2694/3213 [06:04<01:06,  7.86it/s]
 84%|████████▍ | 2695/3213 [06:04<01:05,  7.88it/s]
 84%|████████▍ | 2696/3213 [06:04<01:05,  7.94it/s]
 84%|████████▍ | 2697/3213 [06:04<01:04,  8.05it/s]
 84%|████████▍ | 2698/3213 [06:04<01:03,  8.08it/s]
 84%|████████▍ | 2699/3213 [06:04<01:05,  7.86it/s]
 84%|████████▍ | 2700/3213 [06:04<01:04,  7.91it/s]
                                                   
{'loss': 0.0029, 'grad_norm': 0.32471925020217896, 'learning_rate': 3.199502023031435e-06, 'epoch': 2.52}

 84%|████████▍ | 2700/3213 [06:04<01:04,  7.91it/s]
 84%|████████▍ | 2701/3213 [06:04<01:04,  7.97it/s]
 84%|████████▍ | 2702/3213 [06:05<01:05,  7.84it/s]
 84%|████████▍ | 2703/3213 [06:05<01:04,  7.88it/s]
 84%|████████▍ | 2704/3213 [06:05<01:04,  7.93it/s]
 84%|████████▍ | 2705/3213 [06:05<01:05,  7.71it/s]
 84%|████████▍ | 2706/3213 [06:05<01:04,  7.81it/s]
 84%|████████▍ | 2707/3213 [06:05<01:04,  7.87it/s]
 84%|████████▍ | 2708/3213 [06:05<01:05,  7.73it/s]
 84%|████████▍ | 2709/3213 [06:05<01:04,  7.87it/s]
 84%|████████▍ | 2710/3213 [06:06<01:03,  7.90it/s]
 84%|████████▍ | 2711/3213 [06:06<01:03,  7.91it/s]
 84%|████████▍ | 2712/3213 [06:06<01:06,  7.49it/s]
 84%|████████▍ | 2713/3213 [06:06<01:04,  7.77it/s]
 84%|████████▍ | 2714/3213 [06:06<01:03,  7.85it/s]
 85%|████████▍ | 2715/3213 [06:06<01:02,  7.95it/s]
 85%|████████▍ | 2716/3213 [06:06<01:05,  7.63it/s]
 85%|████████▍ | 2717/3213 [06:06<01:01,  8.10it/s]
 85%|████████▍ | 2718/3213 [06:07<01:01,  8.09it/s]
 85%|████████▍ | 2719/3213 [06:07<01:03,  7.80it/s]
 85%|████████▍ | 2720/3213 [06:07<01:02,  7.94it/s]
 85%|████████▍ | 2721/3213 [06:07<01:00,  8.17it/s]
 85%|████████▍ | 2722/3213 [06:07<01:00,  8.15it/s]
 85%|████████▍ | 2723/3213 [06:07<01:00,  8.13it/s]
 85%|████████▍ | 2724/3213 [06:07<01:00,  8.14it/s]
 85%|████████▍ | 2725/3213 [06:07<00:59,  8.15it/s]
 85%|████████▍ | 2726/3213 [06:08<00:59,  8.16it/s]
 85%|████████▍ | 2727/3213 [06:08<00:59,  8.14it/s]
 85%|████████▍ | 2728/3213 [06:08<00:59,  8.14it/s]
 85%|████████▍ | 2729/3213 [06:08<00:59,  8.15it/s]
 85%|████████▍ | 2730/3213 [06:08<00:59,  8.14it/s]
 85%|████████▍ | 2731/3213 [06:08<00:59,  8.14it/s]
 85%|████████▌ | 2732/3213 [06:08<00:59,  8.14it/s]
 85%|████████▌ | 2733/3213 [06:08<00:59,  8.09it/s]
 85%|████████▌ | 2734/3213 [06:09<01:00,  7.93it/s]
 85%|████████▌ | 2735/3213 [06:09<01:00,  7.89it/s]
 85%|████████▌ | 2736/3213 [06:09<00:59,  8.04it/s]
 85%|████████▌ | 2737/3213 [06:09<01:00,  7.90it/s]
 85%|████████▌ | 2738/3213 [06:09<00:58,  8.09it/s]
 85%|████████▌ | 2739/3213 [06:09<00:58,  8.07it/s]
 85%|████████▌ | 2740/3213 [06:09<01:00,  7.81it/s]
 85%|████████▌ | 2741/3213 [06:09<00:58,  8.13it/s]
 85%|████████▌ | 2742/3213 [06:10<00:58,  7.99it/s]
 85%|████████▌ | 2743/3213 [06:10<00:58,  8.01it/s]
 85%|████████▌ | 2744/3213 [06:10<00:58,  8.04it/s]
 85%|████████▌ | 2745/3213 [06:10<00:58,  8.05it/s]
 85%|████████▌ | 2746/3213 [06:10<00:58,  8.04it/s]
 85%|████████▌ | 2747/3213 [06:10<00:57,  8.04it/s]
 86%|████████▌ | 2748/3213 [06:10<00:57,  8.08it/s]
 86%|████████▌ | 2749/3213 [06:10<00:57,  8.07it/s]
 86%|████████▌ | 2750/3213 [06:11<00:57,  8.03it/s]
                                                   
{'loss': 0.006, 'grad_norm': 0.0076906029134988785, 'learning_rate': 2.888266417678183e-06, 'epoch': 2.57}

 86%|████████▌ | 2750/3213 [06:11<00:57,  8.03it/s]
 86%|████████▌ | 2751/3213 [06:11<00:57,  8.00it/s]
 86%|████████▌ | 2752/3213 [06:11<00:58,  7.94it/s]
 86%|████████▌ | 2753/3213 [06:11<00:57,  8.06it/s]
 86%|████████▌ | 2754/3213 [06:11<00:59,  7.75it/s]
 86%|████████▌ | 2755/3213 [06:11<00:58,  7.85it/s]
 86%|████████▌ | 2756/3213 [06:11<00:59,  7.67it/s]
 86%|████████▌ | 2757/3213 [06:11<00:57,  7.90it/s]
 86%|████████▌ | 2758/3213 [06:12<00:57,  7.98it/s]
 86%|████████▌ | 2759/3213 [06:12<00:57,  7.96it/s]
 86%|████████▌ | 2760/3213 [06:12<00:58,  7.80it/s]
 86%|████████▌ | 2761/3213 [06:12<00:57,  7.89it/s]
 86%|████████▌ | 2762/3213 [06:12<00:57,  7.86it/s]
 86%|████████▌ | 2763/3213 [06:12<00:56,  7.99it/s]
 86%|████████▌ | 2764/3213 [06:12<00:55,  8.05it/s]
 86%|████████▌ | 2765/3213 [06:12<00:55,  8.08it/s]
 86%|████████▌ | 2766/3213 [06:13<00:55,  8.08it/s]
 86%|████████▌ | 2767/3213 [06:13<00:57,  7.74it/s]
 86%|████████▌ | 2768/3213 [06:13<00:55,  8.06it/s]
 86%|████████▌ | 2769/3213 [06:13<00:54,  8.15it/s]
 86%|████████▌ | 2770/3213 [06:13<00:54,  8.13it/s]
 86%|████████▌ | 2771/3213 [06:13<00:54,  8.09it/s]
 86%|████████▋ | 2772/3213 [06:13<00:55,  7.93it/s]
 86%|████████▋ | 2773/3213 [06:13<00:53,  8.15it/s]
 86%|████████▋ | 2774/3213 [06:14<00:56,  7.78it/s]
 86%|████████▋ | 2775/3213 [06:14<00:53,  8.20it/s]
 86%|████████▋ | 2776/3213 [06:14<00:54,  7.98it/s]
 86%|████████▋ | 2777/3213 [06:14<00:54,  7.99it/s]
 86%|████████▋ | 2778/3213 [06:14<00:54,  8.04it/s]
 86%|████████▋ | 2779/3213 [06:14<00:53,  8.06it/s]
 87%|████████▋ | 2780/3213 [06:14<00:53,  8.08it/s]
 87%|████████▋ | 2781/3213 [06:14<00:53,  8.09it/s]
 87%|████████▋ | 2782/3213 [06:15<00:53,  8.11it/s]
 87%|████████▋ | 2783/3213 [06:15<00:53,  8.03it/s]
 87%|████████▋ | 2784/3213 [06:15<00:53,  8.09it/s]
 87%|████████▋ | 2785/3213 [06:15<00:53,  8.03it/s]
 87%|████████▋ | 2786/3213 [06:15<00:53,  8.03it/s]
 87%|████████▋ | 2787/3213 [06:15<00:53,  8.03it/s]
 87%|████████▋ | 2788/3213 [06:15<00:53,  7.87it/s]
 87%|████████▋ | 2789/3213 [06:15<00:52,  8.14it/s]
 87%|████████▋ | 2790/3213 [06:16<00:52,  8.10it/s]
 87%|████████▋ | 2791/3213 [06:16<00:51,  8.13it/s]
 87%|████████▋ | 2792/3213 [06:16<00:54,  7.75it/s]
 87%|████████▋ | 2793/3213 [06:16<00:53,  7.91it/s]
 87%|████████▋ | 2794/3213 [06:16<00:52,  8.05it/s]
 87%|████████▋ | 2795/3213 [06:16<00:51,  8.07it/s]
 87%|████████▋ | 2796/3213 [06:16<00:51,  8.08it/s]
 87%|████████▋ | 2797/3213 [06:16<00:52,  7.91it/s]
 87%|████████▋ | 2798/3213 [06:17<00:52,  7.86it/s]
 87%|████████▋ | 2799/3213 [06:17<00:53,  7.80it/s]
 87%|████████▋ | 2800/3213 [06:17<00:53,  7.77it/s]
                                                   
{'loss': 0.0023, 'grad_norm': 0.07244782149791718, 'learning_rate': 2.57703081232493e-06, 'epoch': 2.61}

 87%|████████▋ | 2800/3213 [06:17<00:53,  7.77it/s]
 87%|████████▋ | 2801/3213 [06:17<00:52,  7.92it/s]
 87%|████████▋ | 2802/3213 [06:17<00:51,  7.98it/s]
 87%|████████▋ | 2803/3213 [06:17<00:51,  8.02it/s]
 87%|████████▋ | 2804/3213 [06:17<00:50,  8.05it/s]
 87%|████████▋ | 2805/3213 [06:17<00:50,  8.07it/s]
 87%|████████▋ | 2806/3213 [06:18<00:50,  8.09it/s]
 87%|████████▋ | 2807/3213 [06:18<00:50,  8.10it/s]
 87%|████████▋ | 2808/3213 [06:18<00:51,  7.83it/s]
 87%|████████▋ | 2809/3213 [06:18<00:49,  8.16it/s]
 87%|████████▋ | 2810/3213 [06:18<00:49,  8.08it/s]
 87%|████████▋ | 2811/3213 [06:18<00:49,  8.07it/s]
 88%|████████▊ | 2812/3213 [06:18<00:49,  8.07it/s]
 88%|████████▊ | 2813/3213 [06:18<00:49,  8.06it/s]
 88%|████████▊ | 2814/3213 [06:19<00:52,  7.54it/s]
 88%|████████▊ | 2815/3213 [06:19<00:51,  7.73it/s]
 88%|████████▊ | 2816/3213 [06:19<00:50,  7.88it/s]
 88%|████████▊ | 2817/3213 [06:19<00:48,  8.09it/s]
 88%|████████▊ | 2818/3213 [06:19<00:48,  8.09it/s]
 88%|████████▊ | 2819/3213 [06:19<00:48,  8.08it/s]
 88%|████████▊ | 2820/3213 [06:19<00:48,  8.06it/s]
 88%|████████▊ | 2821/3213 [06:19<00:48,  8.06it/s]
 88%|████████▊ | 2822/3213 [06:20<00:48,  8.05it/s]
 88%|████████▊ | 2823/3213 [06:20<00:48,  8.05it/s]
 88%|████████▊ | 2824/3213 [06:20<00:48,  8.04it/s]
 88%|████████▊ | 2825/3213 [06:20<00:48,  8.06it/s]
 88%|████████▊ | 2826/3213 [06:20<00:47,  8.08it/s]
 88%|████████▊ | 2827/3213 [06:20<00:47,  8.11it/s]
 88%|████████▊ | 2828/3213 [06:20<00:47,  8.12it/s]
 88%|████████▊ | 2829/3213 [06:20<00:47,  8.12it/s]
 88%|████████▊ | 2830/3213 [06:21<00:47,  8.05it/s]
 88%|████████▊ | 2831/3213 [06:21<00:47,  7.96it/s]
 88%|████████▊ | 2832/3213 [06:21<00:47,  8.07it/s]
 88%|████████▊ | 2833/3213 [06:21<00:47,  8.06it/s]
 88%|████████▊ | 2834/3213 [06:21<00:47,  7.96it/s]
 88%|████████▊ | 2835/3213 [06:21<00:47,  8.00it/s]
 88%|████████▊ | 2836/3213 [06:21<00:48,  7.76it/s]
 88%|████████▊ | 2837/3213 [06:21<00:47,  7.94it/s]
 88%|████████▊ | 2838/3213 [06:22<00:46,  7.98it/s]
 88%|████████▊ | 2839/3213 [06:22<00:46,  7.97it/s]
 88%|████████▊ | 2840/3213 [06:22<00:48,  7.68it/s]
 88%|████████▊ | 2841/3213 [06:22<00:46,  7.93it/s]
 88%|████████▊ | 2842/3213 [06:22<00:46,  7.98it/s]
 88%|████████▊ | 2843/3213 [06:22<00:46,  8.03it/s]
 89%|████████▊ | 2844/3213 [06:22<00:45,  8.06it/s]
 89%|████████▊ | 2845/3213 [06:22<00:45,  8.10it/s]
 89%|████████▊ | 2846/3213 [06:23<00:45,  8.11it/s]
 89%|████████▊ | 2847/3213 [06:23<00:45,  8.09it/s]
 89%|████████▊ | 2848/3213 [06:23<00:44,  8.15it/s]
 89%|████████▊ | 2849/3213 [06:23<00:44,  8.16it/s]
 89%|████████▊ | 2850/3213 [06:23<00:44,  8.16it/s]
                                                   
{'loss': 0.0027, 'grad_norm': 0.0063771409913897514, 'learning_rate': 2.265795206971678e-06, 'epoch': 2.66}

 89%|████████▊ | 2850/3213 [06:23<00:44,  8.16it/s]
 89%|████████▊ | 2851/3213 [06:23<00:44,  8.13it/s]
 89%|████████▉ | 2852/3213 [06:23<00:45,  7.90it/s]
 89%|████████▉ | 2853/3213 [06:23<00:44,  8.13it/s]
 89%|████████▉ | 2854/3213 [06:24<00:44,  8.10it/s]
 89%|████████▉ | 2855/3213 [06:24<00:44,  8.00it/s]
 89%|████████▉ | 2856/3213 [06:24<00:44,  7.99it/s]
 89%|████████▉ | 2857/3213 [06:24<00:45,  7.76it/s]
 89%|████████▉ | 2858/3213 [06:24<00:43,  8.19it/s]
 89%|████████▉ | 2859/3213 [06:24<00:43,  8.11it/s]
 89%|████████▉ | 2860/3213 [06:24<00:44,  7.97it/s]
 89%|████████▉ | 2861/3213 [06:24<00:43,  8.09it/s]
 89%|████████▉ | 2862/3213 [06:25<00:45,  7.75it/s]
 89%|████████▉ | 2863/3213 [06:25<00:44,  7.81it/s]
 89%|████████▉ | 2864/3213 [06:25<00:44,  7.87it/s]
 89%|████████▉ | 2865/3213 [06:25<00:43,  8.00it/s]
 89%|████████▉ | 2866/3213 [06:25<00:43,  8.03it/s]
 89%|████████▉ | 2867/3213 [06:25<00:42,  8.07it/s]
 89%|████████▉ | 2868/3213 [06:25<00:44,  7.77it/s]
 89%|████████▉ | 2869/3213 [06:25<00:41,  8.21it/s]
 89%|████████▉ | 2870/3213 [06:26<00:41,  8.20it/s]
 89%|████████▉ | 2871/3213 [06:26<00:41,  8.17it/s]
 89%|████████▉ | 2872/3213 [06:26<00:43,  7.92it/s]
 89%|████████▉ | 2873/3213 [06:26<00:42,  8.04it/s]
 89%|████████▉ | 2874/3213 [06:26<00:42,  8.05it/s]
 89%|████████▉ | 2875/3213 [06:26<00:43,  7.74it/s]
 90%|████████▉ | 2876/3213 [06:26<00:42,  7.84it/s]
 90%|████████▉ | 2877/3213 [06:26<00:42,  7.86it/s]
 90%|████████▉ | 2878/3213 [06:27<00:42,  7.95it/s]
 90%|████████▉ | 2879/3213 [06:27<00:42,  7.80it/s]
 90%|████████▉ | 2880/3213 [06:27<00:42,  7.84it/s]
 90%|████████▉ | 2881/3213 [06:27<00:41,  7.91it/s]
 90%|████████▉ | 2882/3213 [06:27<00:41,  7.97it/s]
 90%|████████▉ | 2883/3213 [06:27<00:43,  7.63it/s]
 90%|████████▉ | 2884/3213 [06:27<00:42,  7.75it/s]
 90%|████████▉ | 2885/3213 [06:27<00:41,  7.85it/s]
 90%|████████▉ | 2886/3213 [06:28<00:41,  7.90it/s]
 90%|████████▉ | 2887/3213 [06:28<00:42,  7.67it/s]
 90%|████████▉ | 2888/3213 [06:28<00:41,  7.81it/s]
 90%|████████▉ | 2889/3213 [06:28<00:41,  7.89it/s]
 90%|████████▉ | 2890/3213 [06:28<00:41,  7.73it/s]
 90%|████████▉ | 2891/3213 [06:28<00:40,  8.03it/s]
 90%|█████████ | 2892/3213 [06:28<00:39,  8.05it/s]
 90%|█████████ | 2893/3213 [06:28<00:40,  7.95it/s]
 90%|█████████ | 2894/3213 [06:29<00:39,  8.02it/s]
 90%|█████████ | 2895/3213 [06:29<00:39,  8.11it/s]
 90%|█████████ | 2896/3213 [06:29<00:39,  8.08it/s]
 90%|█████████ | 2897/3213 [06:29<00:39,  8.10it/s]
 90%|█████████ | 2898/3213 [06:29<00:38,  8.12it/s]
 90%|█████████ | 2899/3213 [06:29<00:38,  8.12it/s]
 90%|█████████ | 2900/3213 [06:29<00:38,  8.12it/s]
                                                   
{'loss': 0.0032, 'grad_norm': 0.0019175217021256685, 'learning_rate': 1.9545596016184253e-06, 'epoch': 2.71}

 90%|█████████ | 2900/3213 [06:29<00:38,  8.12it/s]
 90%|█████████ | 2901/3213 [06:29<00:38,  8.11it/s]
 90%|█████████ | 2902/3213 [06:30<00:38,  8.09it/s]
 90%|█████████ | 2903/3213 [06:30<00:39,  7.92it/s]
 90%|█████████ | 2904/3213 [06:30<00:39,  7.82it/s]
 90%|█████████ | 2905/3213 [06:30<00:39,  7.84it/s]
 90%|█████████ | 2906/3213 [06:30<00:39,  7.84it/s]
 90%|█████████ | 2907/3213 [06:30<00:39,  7.71it/s]
 91%|█████████ | 2908/3213 [06:30<00:38,  7.84it/s]
 91%|█████████ | 2909/3213 [06:30<00:39,  7.72it/s]
 91%|█████████ | 2910/3213 [06:31<00:38,  7.97it/s]
 91%|█████████ | 2911/3213 [06:31<00:37,  7.98it/s]
 91%|█████████ | 2912/3213 [06:31<00:37,  8.01it/s]
 91%|█████████ | 2913/3213 [06:31<00:36,  8.13it/s]
 91%|█████████ | 2915/3213 [06:31<00:34,  8.62it/s]
 91%|█████████ | 2916/3213 [06:31<00:35,  8.47it/s]
 91%|█████████ | 2917/3213 [06:31<00:35,  8.31it/s]
 91%|█████████ | 2918/3213 [06:32<00:35,  8.25it/s]
 91%|█████████ | 2919/3213 [06:32<00:36,  8.10it/s]
 91%|█████████ | 2920/3213 [06:32<00:37,  7.77it/s]
 91%|█████████ | 2921/3213 [06:32<00:37,  7.85it/s]
 91%|█████████ | 2922/3213 [06:32<00:36,  7.90it/s]
 91%|█████████ | 2923/3213 [06:32<00:36,  7.94it/s]
 91%|█████████ | 2924/3213 [06:32<00:37,  7.72it/s]
 91%|█████████ | 2925/3213 [06:32<00:36,  7.99it/s]
 91%|█████████ | 2926/3213 [06:33<00:36,  7.93it/s]
 91%|█████████ | 2927/3213 [06:33<00:35,  7.99it/s]
 91%|█████████ | 2928/3213 [06:33<00:36,  7.76it/s]
 91%|█████████ | 2929/3213 [06:33<00:37,  7.56it/s]
 91%|█████████ | 2930/3213 [06:33<00:35,  8.06it/s]
 91%|█████████ | 2931/3213 [06:33<00:35,  7.90it/s]
 91%|█████████▏| 2932/3213 [06:33<00:36,  7.78it/s]
 91%|█████████▏| 2933/3213 [06:34<00:36,  7.59it/s]
 91%|█████████▏| 2934/3213 [06:34<00:34,  8.01it/s]
 91%|█████████▏| 2935/3213 [06:34<00:34,  7.96it/s]
 91%|█████████▏| 2936/3213 [06:34<00:35,  7.90it/s]
 91%|█████████▏| 2937/3213 [06:34<00:35,  7.76it/s]
 91%|█████████▏| 2938/3213 [06:34<00:35,  7.83it/s]
 91%|█████████▏| 2939/3213 [06:34<00:34,  7.90it/s]
 92%|█████████▏| 2940/3213 [06:34<00:34,  7.95it/s]
 92%|█████████▏| 2941/3213 [06:35<00:34,  7.98it/s]
 92%|█████████▏| 2942/3213 [06:35<00:33,  8.03it/s]
 92%|█████████▏| 2943/3213 [06:35<00:34,  7.84it/s]
 92%|█████████▏| 2944/3213 [06:35<00:34,  7.76it/s]
 92%|█████████▏| 2945/3213 [06:35<00:34,  7.86it/s]
 92%|█████████▏| 2946/3213 [06:35<00:33,  7.91it/s]
 92%|█████████▏| 2947/3213 [06:35<00:33,  7.91it/s]
 92%|█████████▏| 2948/3213 [06:35<00:33,  7.90it/s]
 92%|█████████▏| 2949/3213 [06:36<00:33,  7.99it/s]
 92%|█████████▏| 2950/3213 [06:36<00:33,  7.96it/s]
                                                   
{'loss': 0.0065, 'grad_norm': 0.011652987450361252, 'learning_rate': 1.6495487083722379e-06, 'epoch': 2.75}

 92%|█████████▏| 2950/3213 [06:36<00:33,  7.96it/s]
 92%|█████████▏| 2951/3213 [06:36<00:34,  7.55it/s]
 92%|█████████▏| 2952/3213 [06:36<00:33,  7.82it/s]
 92%|█████████▏| 2953/3213 [06:36<00:33,  7.74it/s]
 92%|█████████▏| 2954/3213 [06:36<00:34,  7.50it/s]
 92%|█████████▏| 2955/3213 [06:36<00:34,  7.56it/s]
 92%|█████████▏| 2956/3213 [06:36<00:33,  7.71it/s]
 92%|█████████▏| 2957/3213 [06:37<00:33,  7.68it/s]
 92%|█████████▏| 2958/3213 [06:37<00:33,  7.58it/s]
 92%|█████████▏| 2959/3213 [06:37<00:32,  7.74it/s]
 92%|█████████▏| 2960/3213 [06:37<00:31,  7.91it/s]
 92%|█████████▏| 2961/3213 [06:37<00:31,  7.97it/s]
 92%|█████████▏| 2962/3213 [06:37<00:31,  8.02it/s]
 92%|█████████▏| 2963/3213 [06:37<00:31,  7.99it/s]
 92%|█████████▏| 2964/3213 [06:37<00:30,  8.05it/s]
 92%|█████████▏| 2965/3213 [06:38<00:30,  8.05it/s]
 92%|█████████▏| 2966/3213 [06:38<00:30,  8.03it/s]
 92%|█████████▏| 2967/3213 [06:38<00:30,  8.03it/s]
 92%|█████████▏| 2968/3213 [06:38<00:30,  8.04it/s]
 92%|█████████▏| 2969/3213 [06:38<00:30,  8.06it/s]
 92%|█████████▏| 2970/3213 [06:38<00:30,  8.06it/s]
 92%|█████████▏| 2971/3213 [06:38<00:29,  8.07it/s]
 92%|█████████▏| 2972/3213 [06:38<00:29,  8.08it/s]
 93%|█████████▎| 2973/3213 [06:39<00:31,  7.54it/s]
 93%|█████████▎| 2974/3213 [06:39<00:30,  7.95it/s]
 93%|█████████▎| 2975/3213 [06:39<00:30,  7.71it/s]
 93%|█████████▎| 2976/3213 [06:39<00:30,  7.78it/s]
 93%|█████████▎| 2977/3213 [06:39<00:29,  8.10it/s]
 93%|█████████▎| 2978/3213 [06:39<00:30,  7.76it/s]
 93%|█████████▎| 2979/3213 [06:39<00:28,  8.17it/s]
 93%|█████████▎| 2980/3213 [06:39<00:29,  7.99it/s]
 93%|█████████▎| 2981/3213 [06:40<00:28,  8.01it/s]
 93%|█████████▎| 2982/3213 [06:40<00:28,  8.02it/s]
 93%|█████████▎| 2983/3213 [06:40<00:28,  8.02it/s]
 93%|█████████▎| 2984/3213 [06:40<00:28,  8.02it/s]
 93%|█████████▎| 2985/3213 [06:40<00:28,  8.02it/s]
 93%|█████████▎| 2986/3213 [06:40<00:28,  8.03it/s]
 93%|█████████▎| 2987/3213 [06:40<00:28,  8.05it/s]
 93%|█████████▎| 2988/3213 [06:40<00:27,  8.06it/s]
 93%|█████████▎| 2989/3213 [06:41<00:27,  8.08it/s]
 93%|█████████▎| 2990/3213 [06:41<00:28,  7.93it/s]
 93%|█████████▎| 2991/3213 [06:41<00:27,  8.09it/s]
 93%|█████████▎| 2992/3213 [06:41<00:27,  8.14it/s]
 93%|█████████▎| 2993/3213 [06:41<00:27,  8.10it/s]
 93%|█████████▎| 2994/3213 [06:41<00:27,  8.07it/s]
 93%|█████████▎| 2995/3213 [06:41<00:27,  7.88it/s]
 93%|█████████▎| 2996/3213 [06:41<00:26,  8.11it/s]
 93%|█████████▎| 2997/3213 [06:42<00:26,  8.09it/s]
 93%|█████████▎| 2998/3213 [06:42<00:26,  8.10it/s]
 93%|█████████▎| 2999/3213 [06:42<00:27,  7.68it/s]
 93%|█████████▎| 3000/3213 [06:42<00:27,  7.81it/s]
                                                   
{'loss': 0.0033, 'grad_norm': 0.00697813555598259, 'learning_rate': 1.3383131030189856e-06, 'epoch': 2.8}

 93%|█████████▎| 3000/3213 [06:42<00:27,  7.81it/s]
 93%|█████████▎| 3001/3213 [06:42<00:26,  7.88it/s]
 93%|█████████▎| 3002/3213 [06:42<00:26,  7.91it/s]
 93%|█████████▎| 3003/3213 [06:42<00:26,  7.94it/s]
 93%|█████████▎| 3004/3213 [06:42<00:26,  7.92it/s]
 94%|█████████▎| 3005/3213 [06:43<00:26,  7.87it/s]
 94%|█████████▎| 3006/3213 [06:43<00:26,  7.91it/s]
 94%|█████████▎| 3007/3213 [06:43<00:27,  7.60it/s]
 94%|█████████▎| 3008/3213 [06:43<00:25,  8.04it/s]
 94%|█████████▎| 3009/3213 [06:43<00:25,  7.98it/s]
 94%|█████████▎| 3010/3213 [06:43<00:26,  7.73it/s]
 94%|█████████▎| 3011/3213 [06:43<00:24,  8.14it/s]
 94%|█████████▎| 3012/3213 [06:43<00:25,  7.83it/s]
 94%|█████████▍| 3013/3213 [06:44<00:25,  7.93it/s]
 94%|█████████▍| 3014/3213 [06:44<00:25,  7.72it/s]
 94%|█████████▍| 3015/3213 [06:44<00:25,  7.68it/s]
 94%|█████████▍| 3016/3213 [06:44<00:26,  7.56it/s]
 94%|█████████▍| 3017/3213 [06:44<00:25,  7.70it/s]
 94%|█████████▍| 3018/3213 [06:44<00:24,  7.82it/s]
 94%|█████████▍| 3019/3213 [06:44<00:24,  7.91it/s]
 94%|█████████▍| 3020/3213 [06:45<00:24,  7.86it/s]
 94%|█████████▍| 3021/3213 [06:45<00:23,  8.03it/s]
 94%|█████████▍| 3022/3213 [06:45<00:24,  7.85it/s]
 94%|█████████▍| 3023/3213 [06:45<00:24,  7.91it/s]
 94%|█████████▍| 3024/3213 [06:45<00:23,  7.93it/s]
 94%|█████████▍| 3025/3213 [06:45<00:23,  8.03it/s]
 94%|█████████▍| 3026/3213 [06:45<00:23,  8.02it/s]
 94%|█████████▍| 3027/3213 [06:45<00:23,  7.99it/s]
 94%|█████████▍| 3028/3213 [06:46<00:23,  7.99it/s]
 94%|█████████▍| 3029/3213 [06:46<00:23,  7.75it/s]
 94%|█████████▍| 3030/3213 [06:46<00:24,  7.52it/s]
 94%|█████████▍| 3031/3213 [06:46<00:24,  7.54it/s]
 94%|█████████▍| 3032/3213 [06:46<00:23,  7.68it/s]
 94%|█████████▍| 3033/3213 [06:46<00:24,  7.32it/s]
 94%|█████████▍| 3034/3213 [06:46<00:24,  7.34it/s]
 94%|█████████▍| 3035/3213 [06:46<00:25,  6.92it/s]
 94%|█████████▍| 3036/3213 [06:47<00:23,  7.52it/s]
 95%|█████████▍| 3037/3213 [06:47<00:23,  7.44it/s]
 95%|█████████▍| 3038/3213 [06:47<00:22,  7.88it/s]
 95%|█████████▍| 3039/3213 [06:47<00:21,  7.92it/s]
 95%|█████████▍| 3040/3213 [06:47<00:21,  7.95it/s]
 95%|█████████▍| 3041/3213 [06:47<00:21,  7.95it/s]
 95%|█████████▍| 3042/3213 [06:47<00:21,  7.97it/s]
 95%|█████████▍| 3043/3213 [06:47<00:21,  8.01it/s]
 95%|█████████▍| 3044/3213 [06:48<00:21,  8.04it/s]
 95%|█████████▍| 3045/3213 [06:48<00:22,  7.61it/s]
 95%|█████████▍| 3046/3213 [06:48<00:21,  7.88it/s]
 95%|█████████▍| 3047/3213 [06:48<00:21,  7.58it/s]
 95%|█████████▍| 3048/3213 [06:48<00:21,  7.79it/s]
 95%|█████████▍| 3049/3213 [06:48<00:20,  7.97it/s]
 95%|█████████▍| 3050/3213 [06:48<00:20,  8.00it/s]
                                                   
{'loss': 0.0049, 'grad_norm': 0.6692298650741577, 'learning_rate': 1.027077497665733e-06, 'epoch': 2.85}

 95%|█████████▍| 3050/3213 [06:48<00:20,  8.00it/s]
 95%|█████████▍| 3051/3213 [06:48<00:20,  7.94it/s]
 95%|█████████▍| 3052/3213 [06:49<00:19,  8.07it/s]
 95%|█████████▌| 3053/3213 [06:49<00:19,  8.09it/s]
 95%|█████████▌| 3054/3213 [06:49<00:19,  8.09it/s]
 95%|█████████▌| 3055/3213 [06:49<00:19,  7.91it/s]
 95%|█████████▌| 3056/3213 [06:49<00:19,  7.94it/s]
 95%|█████████▌| 3057/3213 [06:49<00:19,  7.98it/s]
 95%|█████████▌| 3058/3213 [06:49<00:19,  7.76it/s]
 95%|█████████▌| 3059/3213 [06:49<00:19,  7.83it/s]
 95%|█████████▌| 3060/3213 [06:50<00:19,  7.89it/s]
 95%|█████████▌| 3061/3213 [06:50<00:19,  7.80it/s]
 95%|█████████▌| 3062/3213 [06:50<00:19,  7.91it/s]
 95%|█████████▌| 3063/3213 [06:50<00:18,  7.94it/s]
 95%|█████████▌| 3064/3213 [06:50<00:18,  7.97it/s]
 95%|█████████▌| 3065/3213 [06:50<00:18,  7.99it/s]
 95%|█████████▌| 3066/3213 [06:50<00:18,  8.02it/s]
 95%|█████████▌| 3067/3213 [06:50<00:18,  7.98it/s]
 95%|█████████▌| 3068/3213 [06:51<00:17,  8.08it/s]
 96%|█████████▌| 3069/3213 [06:51<00:18,  7.93it/s]
 96%|█████████▌| 3070/3213 [06:51<00:17,  7.95it/s]
 96%|█████████▌| 3071/3213 [06:51<00:17,  7.97it/s]
 96%|█████████▌| 3072/3213 [06:51<00:17,  8.01it/s]
 96%|█████████▌| 3073/3213 [06:51<00:17,  8.02it/s]
 96%|█████████▌| 3074/3213 [06:51<00:18,  7.56it/s]
 96%|█████████▌| 3075/3213 [06:52<00:18,  7.66it/s]
 96%|█████████▌| 3076/3213 [06:52<00:17,  7.80it/s]
 96%|█████████▌| 3077/3213 [06:52<00:19,  7.14it/s]
 96%|█████████▌| 3078/3213 [06:52<00:17,  7.72it/s]
 96%|█████████▌| 3079/3213 [06:52<00:17,  7.84it/s]
 96%|█████████▌| 3080/3213 [06:52<00:17,  7.80it/s]
 96%|█████████▌| 3081/3213 [06:52<00:16,  7.86it/s]
 96%|█████████▌| 3082/3213 [06:52<00:16,  7.91it/s]
 96%|█████████▌| 3083/3213 [06:53<00:16,  7.85it/s]
 96%|█████████▌| 3084/3213 [06:53<00:16,  7.94it/s]
 96%|█████████▌| 3085/3213 [06:53<00:16,  8.00it/s]
 96%|█████████▌| 3086/3213 [06:53<00:15,  8.05it/s]
 96%|█████████▌| 3087/3213 [06:53<00:15,  8.07it/s]
 96%|█████████▌| 3088/3213 [06:53<00:15,  8.08it/s]
 96%|█████████▌| 3089/3213 [06:53<00:15,  8.00it/s]
 96%|█████████▌| 3090/3213 [06:53<00:15,  8.05it/s]
 96%|█████████▌| 3091/3213 [06:54<00:15,  8.06it/s]
 96%|█████████▌| 3092/3213 [06:54<00:15,  7.83it/s]
 96%|█████████▋| 3093/3213 [06:54<00:15,  7.62it/s]
 96%|█████████▋| 3094/3213 [06:54<00:15,  7.75it/s]
 96%|█████████▋| 3095/3213 [06:54<00:15,  7.63it/s]
 96%|█████████▋| 3096/3213 [06:54<00:15,  7.77it/s]
 96%|█████████▋| 3097/3213 [06:54<00:14,  7.76it/s]
 96%|█████████▋| 3098/3213 [06:54<00:14,  7.84it/s]
 96%|█████████▋| 3099/3213 [06:55<00:14,  7.90it/s]
 96%|█████████▋| 3100/3213 [06:55<00:14,  7.76it/s]
                                                   
{'loss': 0.0037, 'grad_norm': 0.8250302672386169, 'learning_rate': 7.158418923124806e-07, 'epoch': 2.89}

 96%|█████████▋| 3100/3213 [06:55<00:14,  7.76it/s]
 97%|█████████▋| 3101/3213 [06:55<00:14,  7.94it/s]
 97%|█████████▋| 3102/3213 [06:55<00:13,  8.06it/s]
 97%|█████████▋| 3103/3213 [06:55<00:13,  8.08it/s]
 97%|█████████▋| 3104/3213 [06:55<00:13,  8.10it/s]
 97%|█████████▋| 3105/3213 [06:55<00:13,  8.11it/s]
 97%|█████████▋| 3106/3213 [06:55<00:13,  8.11it/s]
 97%|█████████▋| 3107/3213 [06:56<00:13,  8.09it/s]
 97%|█████████▋| 3108/3213 [06:56<00:13,  8.05it/s]
 97%|█████████▋| 3109/3213 [06:56<00:13,  7.45it/s]
 97%|█████████▋| 3110/3213 [06:56<00:13,  7.58it/s]
 97%|█████████▋| 3111/3213 [06:56<00:13,  7.71it/s]
 97%|█████████▋| 3112/3213 [06:56<00:12,  7.82it/s]
 97%|█████████▋| 3113/3213 [06:56<00:13,  7.47it/s]
 97%|█████████▋| 3114/3213 [06:57<00:13,  7.56it/s]
 97%|█████████▋| 3115/3213 [06:57<00:12,  7.86it/s]
 97%|█████████▋| 3116/3213 [06:57<00:12,  7.57it/s]
 97%|█████████▋| 3117/3213 [06:57<00:11,  8.05it/s]
 97%|█████████▋| 3118/3213 [06:57<00:11,  7.93it/s]
 97%|█████████▋| 3119/3213 [06:57<00:11,  8.04it/s]
 97%|█████████▋| 3120/3213 [06:57<00:11,  8.03it/s]
 97%|█████████▋| 3121/3213 [06:57<00:11,  8.00it/s]
 97%|█████████▋| 3122/3213 [06:57<00:11,  7.88it/s]
 97%|█████████▋| 3123/3213 [06:58<00:11,  8.10it/s]
 97%|█████████▋| 3124/3213 [06:58<00:11,  7.91it/s]
 97%|█████████▋| 3125/3213 [06:58<00:11,  7.91it/s]
 97%|█████████▋| 3126/3213 [06:58<00:10,  7.95it/s]
 97%|█████████▋| 3127/3213 [06:58<00:10,  8.01it/s]
 97%|█████████▋| 3128/3213 [06:58<00:10,  8.04it/s]
 97%|█████████▋| 3129/3213 [06:58<00:10,  8.06it/s]
 97%|█████████▋| 3130/3213 [06:59<00:10,  7.75it/s]
 97%|█████████▋| 3131/3213 [06:59<00:10,  8.00it/s]
 97%|█████████▋| 3132/3213 [06:59<00:09,  8.15it/s]
 98%|█████████▊| 3133/3213 [06:59<00:09,  8.10it/s]
 98%|█████████▊| 3134/3213 [06:59<00:09,  7.99it/s]
 98%|█████████▊| 3135/3213 [06:59<00:09,  8.04it/s]
 98%|█████████▊| 3136/3213 [06:59<00:09,  7.81it/s]
 98%|█████████▊| 3137/3213 [06:59<00:09,  7.83it/s]
 98%|█████████▊| 3138/3213 [07:00<00:09,  7.92it/s]
 98%|█████████▊| 3139/3213 [07:00<00:09,  7.97it/s]
 98%|█████████▊| 3140/3213 [07:00<00:09,  8.00it/s]
 98%|█████████▊| 3141/3213 [07:00<00:09,  7.80it/s]
 98%|█████████▊| 3142/3213 [07:00<00:09,  7.88it/s]
 98%|█████████▊| 3143/3213 [07:00<00:08,  7.94it/s]
 98%|█████████▊| 3144/3213 [07:00<00:08,  7.95it/s]
 98%|█████████▊| 3145/3213 [07:00<00:08,  7.90it/s]
 98%|█████████▊| 3146/3213 [07:01<00:08,  7.98it/s]
 98%|█████████▊| 3147/3213 [07:01<00:08,  7.84it/s]
 98%|█████████▊| 3148/3213 [07:01<00:08,  7.88it/s]
 98%|█████████▊| 3149/3213 [07:01<00:08,  7.76it/s]
 98%|█████████▊| 3150/3213 [07:01<00:08,  7.85it/s]
                                                   
{'loss': 0.0043, 'grad_norm': 0.054235558956861496, 'learning_rate': 4.046062869592281e-07, 'epoch': 2.94}

 98%|█████████▊| 3150/3213 [07:01<00:08,  7.85it/s]
 98%|█████████▊| 3151/3213 [07:01<00:07,  7.91it/s]
 98%|█████████▊| 3152/3213 [07:01<00:07,  7.97it/s]
 98%|█████████▊| 3153/3213 [07:01<00:07,  8.00it/s]
 98%|█████████▊| 3154/3213 [07:02<00:07,  8.00it/s]
 98%|█████████▊| 3155/3213 [07:02<00:07,  7.98it/s]
 98%|█████████▊| 3156/3213 [07:02<00:07,  7.50it/s]
 98%|█████████▊| 3157/3213 [07:02<00:07,  7.78it/s]
 98%|█████████▊| 3158/3213 [07:02<00:06,  7.87it/s]
 98%|█████████▊| 3159/3213 [07:02<00:06,  7.87it/s]
 98%|█████████▊| 3160/3213 [07:02<00:06,  7.92it/s]
 98%|█████████▊| 3161/3213 [07:02<00:06,  7.95it/s]
 98%|█████████▊| 3162/3213 [07:03<00:06,  7.87it/s]
 98%|█████████▊| 3163/3213 [07:03<00:06,  7.95it/s]
 98%|█████████▊| 3164/3213 [07:03<00:06,  7.97it/s]
 99%|█████████▊| 3165/3213 [07:03<00:05,  8.01it/s]
 99%|█████████▊| 3166/3213 [07:03<00:06,  7.70it/s]
 99%|█████████▊| 3167/3213 [07:03<00:05,  7.82it/s]
 99%|█████████▊| 3168/3213 [07:03<00:05,  7.62it/s]
 99%|█████████▊| 3169/3213 [07:03<00:05,  8.00it/s]
 99%|█████████▊| 3170/3213 [07:04<00:05,  7.63it/s]
 99%|█████████▊| 3171/3213 [07:04<00:05,  8.09it/s]
 99%|█████████▊| 3172/3213 [07:04<00:05,  8.05it/s]
 99%|█████████▉| 3173/3213 [07:04<00:05,  7.91it/s]
 99%|█████████▉| 3174/3213 [07:04<00:04,  8.14it/s]
 99%|█████████▉| 3175/3213 [07:04<00:04,  8.16it/s]
 99%|█████████▉| 3176/3213 [07:04<00:04,  8.15it/s]
 99%|█████████▉| 3177/3213 [07:04<00:04,  7.96it/s]
 99%|█████████▉| 3178/3213 [07:05<00:04,  7.95it/s]
 99%|█████████▉| 3179/3213 [07:05<00:04,  7.93it/s]
 99%|█████████▉| 3180/3213 [07:05<00:04,  8.00it/s]
 99%|█████████▉| 3181/3213 [07:05<00:03,  8.10it/s]
 99%|█████████▉| 3182/3213 [07:05<00:03,  8.07it/s]
 99%|█████████▉| 3183/3213 [07:05<00:03,  8.04it/s]
 99%|█████████▉| 3184/3213 [07:05<00:03,  7.87it/s]
 99%|█████████▉| 3185/3213 [07:05<00:03,  8.08it/s]
 99%|█████████▉| 3186/3213 [07:06<00:03,  8.07it/s]
 99%|█████████▉| 3187/3213 [07:06<00:03,  7.94it/s]
 99%|█████████▉| 3188/3213 [07:06<00:03,  7.80it/s]
 99%|█████████▉| 3189/3213 [07:06<00:03,  7.56it/s]
 99%|█████████▉| 3190/3213 [07:06<00:02,  8.03it/s]
 99%|█████████▉| 3191/3213 [07:06<00:02,  8.06it/s]
 99%|█████████▉| 3192/3213 [07:06<00:02,  7.99it/s]
 99%|█████████▉| 3193/3213 [07:06<00:02,  7.90it/s]
 99%|█████████▉| 3194/3213 [07:07<00:02,  7.66it/s]
 99%|█████████▉| 3195/3213 [07:07<00:02,  7.44it/s]
 99%|█████████▉| 3196/3213 [07:07<00:02,  7.77it/s]
100%|█████████▉| 3197/3213 [07:07<00:01,  8.05it/s]
100%|█████████▉| 3198/3213 [07:07<00:01,  8.10it/s]
100%|█████████▉| 3199/3213 [07:07<00:01,  8.11it/s]
100%|█████████▉| 3200/3213 [07:07<00:01,  8.12it/s]
                                                   
{'loss': 0.0076, 'grad_norm': 0.271741658449173, 'learning_rate': 9.337068160597573e-08, 'epoch': 2.99}

100%|█████████▉| 3200/3213 [07:07<00:01,  8.12it/s]
100%|█████████▉| 3201/3213 [07:07<00:01,  8.12it/s]
100%|█████████▉| 3202/3213 [07:08<00:01,  8.10it/s]
100%|█████████▉| 3203/3213 [07:08<00:01,  8.05it/s]
100%|█████████▉| 3204/3213 [07:08<00:01,  8.02it/s]
100%|█████████▉| 3205/3213 [07:08<00:00,  8.04it/s]
100%|█████████▉| 3206/3213 [07:08<00:00,  8.06it/s]
100%|█████████▉| 3207/3213 [07:08<00:00,  8.07it/s]
100%|█████████▉| 3208/3213 [07:08<00:00,  8.09it/s]
100%|█████████▉| 3209/3213 [07:08<00:00,  8.11it/s]
100%|█████████▉| 3210/3213 [07:09<00:00,  8.02it/s]
100%|█████████▉| 3211/3213 [07:09<00:00,  8.09it/s]
100%|█████████▉| 3212/3213 [07:09<00:00,  8.12it/s]
100%|██████████| 3213/3213 [07:09<00:00,  7.98it/s]

  0%|          | 0/95 [00:00<?, ?it/s][A

  4%|▍         | 4/95 [00:00<00:02, 31.93it/s][A

  8%|▊         | 8/95 [00:00<00:03, 26.60it/s][A

 12%|█▏        | 11/95 [00:00<00:03, 25.17it/s][A

 15%|█▍        | 14/95 [00:00<00:03, 24.59it/s][A

 18%|█▊        | 17/95 [00:00<00:03, 24.25it/s][A

 21%|██        | 20/95 [00:00<00:03, 23.85it/s][A

 24%|██▍       | 23/95 [00:00<00:03, 23.73it/s][A

 27%|██▋       | 26/95 [00:01<00:02, 23.58it/s][A

 31%|███       | 29/95 [00:01<00:02, 23.51it/s][A

 34%|███▎      | 32/95 [00:01<00:02, 23.51it/s][A

 37%|███▋      | 35/95 [00:01<00:02, 23.52it/s][A

 40%|████      | 38/95 [00:01<00:02, 23.62it/s][A

 43%|████▎     | 41/95 [00:01<00:02, 23.53it/s][A

 46%|████▋     | 44/95 [00:01<00:02, 23.51it/s][A

 49%|████▉     | 47/95 [00:01<00:02, 23.47it/s][A

 53%|█████▎    | 50/95 [00:02<00:01, 23.51it/s][A

 56%|█████▌    | 53/95 [00:02<00:01, 23.73it/s][A

 59%|█████▉    | 56/95 [00:02<00:01, 23.59it/s][A

 62%|██████▏   | 59/95 [00:02<00:01, 23.57it/s][A

 65%|██████▌   | 62/95 [00:02<00:01, 23.77it/s][A

 68%|██████▊   | 65/95 [00:02<00:01, 23.73it/s][A

 72%|███████▏  | 68/95 [00:02<00:01, 23.78it/s][A

 75%|███████▍  | 71/95 [00:02<00:01, 23.75it/s][A

 78%|███████▊  | 74/95 [00:03<00:00, 23.67it/s][A

 81%|████████  | 77/95 [00:03<00:00, 23.62it/s][A

 84%|████████▍ | 80/95 [00:03<00:00, 23.66it/s][A

 87%|████████▋ | 83/95 [00:03<00:00, 23.61it/s][A

 91%|█████████ | 86/95 [00:03<00:00, 23.46it/s][A

 94%|█████████▎| 89/95 [00:03<00:00, 23.62it/s][A

 97%|█████████▋| 92/95 [00:03<00:00, 23.61it/s][A

100%|██████████| 95/95 [00:03<00:00, 23.80it/s][A
                                                   

                                               
[A{'eval_loss': 0.016920898109674454, 'eval_accuracy': 0.9931376601901613, 'eval_precision': 0.992729676140119, 'eval_recall': 0.9935505209194642, 'eval_f1': 0.9931399289197455, 'eval_runtime': 4.461, 'eval_samples_per_second': 2711.295, 'eval_steps_per_second': 21.296, 'epoch': 3.0}

100%|██████████| 3213/3213 [07:13<00:00,  7.98it/s]

100%|██████████| 95/95 [00:03<00:00, 23.80it/s][A

                                               [A
                                                   
{'train_runtime': 436.8073, 'train_samples_per_second': 470.713, 'train_steps_per_second': 7.356, 'train_loss': 0.020590541775895175, 'epoch': 3.0}

100%|██████████| 3213/3213 [07:16<00:00,  7.98it/s]
100%|██████████| 3213/3213 [07:16<00:00,  7.36it/s]
[bin] per-epoch history:
  epoch 0.04668534080298786 train_loss=0.2303
  epoch 0.09337068160597572 train_loss=0.0746
  epoch 0.1400560224089636 train_loss=0.0722
  epoch 0.18674136321195145 train_loss=0.0430
  epoch 0.2334267040149393 train_loss=0.0455
  epoch 0.2801120448179272 train_loss=0.0399
  epoch 0.32679738562091504 train_loss=0.0343
  epoch 0.3734827264239029 train_loss=0.0413
  epoch 0.42016806722689076 train_loss=0.0335
  epoch 0.4668534080298786 train_loss=0.0274
  epoch 0.5135387488328664 train_loss=0.0379
  epoch 0.5602240896358543 train_loss=0.0295
  epoch 0.6069094304388422 train_loss=0.0340
  epoch 0.6535947712418301 train_loss=0.0252
  epoch 0.7002801120448179 train_loss=0.0353
  epoch 0.7469654528478058 train_loss=0.0313
  epoch 0.7936507936507936 train_loss=0.0262
  epoch 0.8403361344537815 train_loss=0.0238
  epoch 0.8870214752567693 train_loss=0.0207
  epoch 0.9337068160597572 train_loss=0.0265
  epoch 0.9803921568627451 train_loss=0.0210
  epoch 1.0 val_loss=0.0202 f1=0.9919
  epoch 1.0270774976657329 train_loss=0.0217
  epoch 1.0737628384687208 train_loss=0.0104
  epoch 1.1204481792717087 train_loss=0.0134
  epoch 1.1671335200746966 train_loss=0.0104
  epoch 1.2138188608776843 train_loss=0.0201
  epoch 1.2605042016806722 train_loss=0.0136
  epoch 1.3071895424836601 train_loss=0.0096
  epoch 1.353874883286648 train_loss=0.0082
  epoch 1.4005602240896358 train_loss=0.0154
  epoch 1.4472455648926237 train_loss=0.0121
  epoch 1.4939309056956116 train_loss=0.0121
  epoch 1.5406162464985993 train_loss=0.0111
  epoch 1.5873015873015874 train_loss=0.0110
  epoch 1.6339869281045751 train_loss=0.0093
  epoch 1.680672268907563 train_loss=0.0116
  epoch 1.727357609710551 train_loss=0.0086
  epoch 1.7740429505135387 train_loss=0.0137
  epoch 1.8207282913165266 train_loss=0.0147
  epoch 1.8674136321195145 train_loss=0.0093
  epoch 1.9140989729225022 train_loss=0.0095
  epoch 1.9607843137254903 train_loss=0.0069
  epoch 2.0 val_loss=0.0189 f1=0.9918
  epoch 2.007469654528478 train_loss=0.0107
  epoch 2.0541549953314657 train_loss=0.0062
  epoch 2.100840336134454 train_loss=0.0052
  epoch 2.1475256769374416 train_loss=0.0058
  epoch 2.1942110177404297 train_loss=0.0049
  epoch 2.2408963585434174 train_loss=0.0057
  epoch 2.287581699346405 train_loss=0.0071
  epoch 2.3342670401493932 train_loss=0.0066
  epoch 2.380952380952381 train_loss=0.0062
  epoch 2.4276377217553686 train_loss=0.0041
  epoch 2.4743230625583568 train_loss=0.0053
  epoch 2.5210084033613445 train_loss=0.0029
  epoch 2.567693744164332 train_loss=0.0060
  epoch 2.6143790849673203 train_loss=0.0023
  epoch 2.661064425770308 train_loss=0.0027
  epoch 2.707749766573296 train_loss=0.0032
  epoch 2.754435107376284 train_loss=0.0065
  epoch 2.8011204481792715 train_loss=0.0033
  epoch 2.8478057889822597 train_loss=0.0049
  epoch 2.8944911297852474 train_loss=0.0037
  epoch 2.9411764705882355 train_loss=0.0043
  epoch 2.987861811391223 train_loss=0.0076
  epoch 3.0 val_loss=0.0169 f1=0.9931

  0%|          | 0/95 [00:00<?, ?it/s]
  3%|▎         | 3/95 [00:00<00:03, 26.90it/s]
  6%|▋         | 6/95 [00:00<00:03, 23.90it/s]
  9%|▉         | 9/95 [00:00<00:03, 23.44it/s]
 13%|█▎        | 12/95 [00:00<00:03, 22.97it/s]
 16%|█▌        | 15/95 [00:00<00:03, 23.12it/s]
 19%|█▉        | 18/95 [00:00<00:03, 23.54it/s]
 22%|██▏       | 21/95 [00:00<00:03, 23.73it/s]
 25%|██▌       | 24/95 [00:01<00:03, 23.62it/s]
 28%|██▊       | 27/95 [00:01<00:02, 23.64it/s]
 32%|███▏      | 30/95 [00:01<00:02, 23.65it/s]
 35%|███▍      | 33/95 [00:01<00:02, 23.92it/s]
 38%|███▊      | 36/95 [00:01<00:02, 23.89it/s]
 41%|████      | 39/95 [00:01<00:02, 23.75it/s]
 44%|████▍     | 42/95 [00:01<00:02, 23.85it/s]
 47%|████▋     | 45/95 [00:01<00:02, 23.95it/s]
 51%|█████     | 48/95 [00:02<00:01, 24.03it/s]
 54%|█████▎    | 51/95 [00:02<00:01, 23.87it/s]
 57%|█████▋    | 54/95 [00:02<00:01, 23.77it/s]
 60%|██████    | 57/95 [00:02<00:01, 23.96it/s]
 63%|██████▎   | 60/95 [00:02<00:01, 23.78it/s]
 66%|██████▋   | 63/95 [00:02<00:01, 23.94it/s]
 69%|██████▉   | 66/95 [00:02<00:01, 23.94it/s]
 73%|███████▎  | 69/95 [00:02<00:01, 23.99it/s]
 76%|███████▌  | 72/95 [00:03<00:00, 24.06it/s]
 79%|███████▉  | 75/95 [00:03<00:00, 23.85it/s]
 82%|████████▏ | 78/95 [00:03<00:00, 23.88it/s]
 85%|████████▌ | 81/95 [00:03<00:00, 23.67it/s]
 88%|████████▊ | 84/95 [00:03<00:00, 23.66it/s]
 92%|█████████▏| 87/95 [00:03<00:00, 23.70it/s]
 95%|█████████▍| 90/95 [00:03<00:00, 23.79it/s]
 98%|█████████▊| 93/95 [00:03<00:00, 23.80it/s]
100%|██████████| 95/95 [00:04<00:00, 23.74it/s]
[bin] final val AUROC = 0.9997
[bin] final val F1    = 0.9931
[bin] saved model to /workspace/store/models/bert_clickbait_prefix_finetuned

[modal] exit code: 0
