[modal] $ /usr/local/bin/python /workspace/track_b/modal_run/train_guides/train_clickbait.py --trainval-csv /workspace/store/data/prefix_splits/trainval_binary.csv --test-csv /workspace/store/data/prefix_splits/test_binary.csv --out-dir /workspace/store/models/bert_clickbait_prefix_finetuned
/usr/local/lib/python3.11/site-packages/transformers/utils/hub.py:124: FutureWarning: Using `TRANSFORMERS_CACHE` is deprecated and will be removed in v5 of Transformers. Use `HF_HOME` instead.
  warnings.warn(
[bin] trainval size 80632 pos=40316 neg=40316
[bin] internal split train=68537 val=12095
Some weights of BertForSequenceClassification were not initialized from the model checkpoint at bert-base-uncased and are newly initialized: ['classifier.bias', 'classifier.weight']
You should probably TRAIN this model on a down-stream task to be able to use it for predictions and inference.
/usr/local/lib/python3.11/site-packages/transformers/training_args.py:1474: FutureWarning: `evaluation_strategy` is deprecated and will be removed in version 4.46 of 🤗 Transformers. Use `eval_strategy` instead
  warnings.warn(
[RANK 0] Detected kernel version 4.19.0, which is below the recommended minimum of 5.5.0; this can cause the process to hang. It is recommended to upgrade the kernel to the minimum version or higher.

  0%|          | 0/12852 [00:00<?, ?it/s]
  0%|          | 1/12852 [00:01<5:36:29,  1.57s/it]
  0%|          | 2/12852 [00:02<3:25:17,  1.04it/s]
  0%|          | 3/12852 [00:02<3:11:18,  1.12it/s]
  0%|          | 4/12852 [00:03<2:36:38,  1.37it/s]
  0%|          | 5/12852 [00:04<2:54:39,  1.23it/s]
  0%|          | 6/12852 [00:05<3:02:56,  1.17it/s]
  0%|          | 7/12852 [00:06<3:26:45,  1.04it/s]
  0%|          | 8/12852 [00:07<3:44:26,  1.05s/it]
  0%|          | 9/12852 [00:08<3:21:22,  1.06it/s]
  0%|          | 10/12852 [00:09<3:06:01,  1.15it/s]
  0%|          | 11/12852 [00:09<3:00:40,  1.18it/s]
  0%|          | 12/12852 [00:10<2:34:57,  1.38it/s]
  0%|          | 13/12852 [00:11<2:32:02,  1.41it/s]
  0%|          | 14/12852 [00:11<2:06:50,  1.69it/s]
  0%|          | 15/12852 [00:11<1:50:34,  1.93it/s]
  0%|          | 16/12852 [00:11<1:34:21,  2.27it/s]
  0%|          | 17/12852 [00:12<1:39:46,  2.14it/s]
  0%|          | 18/12852 [00:12<1:38:39,  2.17it/s]
  0%|          | 19/12852 [00:13<2:02:59,  1.74it/s]
  0%|          | 20/12852 [00:14<2:06:03,  1.70it/s]
  0%|          | 21/12852 [00:15<2:11:20,  1.63it/s]
  0%|          | 22/12852 [00:15<2:14:00,  1.60it/s]
  0%|          | 23/12852 [00:16<2:19:13,  1.54it/s]
  0%|          | 24/12852 [00:17<2:29:52,  1.43it/s]
  0%|          | 25/12852 [00:18<2:41:16,  1.33it/s]
  0%|          | 26/12852 [00:18<2:30:13,  1.42it/s]
  0%|          | 27/12852 [00:19<2:28:06,  1.44it/s]
  0%|          | 28/12852 [00:20<2:33:17,  1.39it/s]
  0%|          | 29/12852 [00:20<2:29:58,  1.43it/s]
  0%|          | 30/12852 [00:21<2:20:38,  1.52it/s]
  0%|          | 31/12852 [00:21<2:08:48,  1.66it/s]
  0%|          | 32/12852 [00:22<1:57:12,  1.82it/s]
  0%|          | 33/12852 [00:22<2:04:42,  1.71it/s]
  0%|          | 34/12852 [00:23<2:04:26,  1.72it/s]
  0%|          | 35/12852 [00:24<2:00:42,  1.77it/s]
  0%|          | 36/12852 [00:24<2:09:23,  1.65it/s]
  0%|          | 37/12852 [00:25<2:06:36,  1.69it/s]
  0%|          | 38/12852 [00:25<2:07:28,  1.68it/s]
  0%|          | 39/12852 [00:26<1:48:40,  1.97it/s]
  0%|          | 40/12852 [00:26<1:31:13,  2.34it/s]
  0%|          | 41/12852 [00:26<1:28:25,  2.41it/s]
  0%|          | 42/12852 [00:27<1:38:01,  2.18it/s]
  0%|          | 43/12852 [00:27<1:38:30,  2.17it/s]
  0%|          | 44/12852 [00:28<1:32:57,  2.30it/s]
  0%|          | 45/12852 [00:28<1:18:59,  2.70it/s]
  0%|          | 46/12852 [00:28<1:28:54,  2.40it/s]
  0%|          | 47/12852 [00:29<1:37:22,  2.19it/s]
  0%|          | 48/12852 [00:30<1:40:16,  2.13it/s]
  0%|          | 49/12852 [00:30<1:32:15,  2.31it/s]
  0%|          | 50/12852 [00:30<1:30:30,  2.36it/s]
                                                    
{'loss': 0.3161, 'grad_norm': 2.0371909141540527, 'learning_rate': 1.992219109866169e-05, 'epoch': 0.01}

  0%|          | 50/12852 [00:30<1:30:30,  2.36it/s]
  0%|          | 51/12852 [00:31<1:29:18,  2.39it/s]
  0%|          | 52/12852 [00:31<1:24:03,  2.54it/s]
  0%|          | 53/12852 [00:31<1:26:23,  2.47it/s]
  0%|          | 54/12852 [00:32<1:22:18,  2.59it/s]
  0%|          | 55/12852 [00:32<1:16:36,  2.78it/s]
  0%|          | 56/12852 [00:33<1:41:49,  2.09it/s]
  0%|          | 57/12852 [00:33<1:41:57,  2.09it/s]
  0%|          | 58/12852 [00:34<1:37:51,  2.18it/s]
  0%|          | 59/12852 [00:34<1:25:32,  2.49it/s]
  0%|          | 60/12852 [00:35<1:34:17,  2.26it/s]
  0%|          | 61/12852 [00:35<1:29:10,  2.39it/s]
  0%|          | 62/12852 [00:35<1:28:41,  2.40it/s]
  0%|          | 63/12852 [00:36<1:30:57,  2.34it/s]
  0%|          | 64/12852 [00:36<1:34:15,  2.26it/s]
  1%|          | 65/12852 [00:37<1:41:04,  2.11it/s]
  1%|          | 66/12852 [00:37<1:44:12,  2.04it/s]
  1%|          | 67/12852 [00:38<1:45:18,  2.02it/s]
  1%|          | 68/12852 [00:38<1:52:08,  1.90it/s]
  1%|          | 69/12852 [00:39<2:07:22,  1.67it/s]
  1%|          | 70/12852 [00:40<2:28:15,  1.44it/s]
  1%|          | 71/12852 [00:41<2:29:05,  1.43it/s]
  1%|          | 72/12852 [00:42<2:51:08,  1.24it/s]
  1%|          | 73/12852 [00:43<3:12:16,  1.11it/s]
  1%|          | 74/12852 [00:44<3:46:33,  1.06s/it]
  1%|          | 75/12852 [00:45<3:34:53,  1.01s/it]
  1%|          | 76/12852 [00:46<3:15:17,  1.09it/s]
  1%|          | 77/12852 [00:47<3:05:31,  1.15it/s]
  1%|          | 78/12852 [00:48<3:07:38,  1.13it/s]
  1%|          | 79/12852 [00:48<2:57:29,  1.20it/s]
  1%|          | 80/12852 [00:49<2:50:11,  1.25it/s]
  1%|          | 81/12852 [00:50<2:50:15,  1.25it/s]
  1%|          | 82/12852 [00:51<2:41:20,  1.32it/s]
  1%|          | 83/12852 [00:51<2:35:55,  1.36it/s]
  1%|          | 84/12852 [00:52<2:27:11,  1.45it/s]
  1%|          | 85/12852 [00:53<2:33:35,  1.39it/s]
  1%|          | 86/12852 [00:54<2:45:34,  1.28it/s]
  1%|          | 87/12852 [00:55<3:14:07,  1.10it/s]
  1%|          | 88/12852 [00:56<3:05:59,  1.14it/s]
  1%|          | 89/12852 [00:56<3:06:05,  1.14it/s]
  1%|          | 90/12852 [00:57<3:02:58,  1.16it/s]
  1%|          | 91/12852 [00:58<3:04:32,  1.15it/s]
  1%|          | 92/12852 [00:59<2:50:47,  1.25it/s]
  1%|          | 93/12852 [00:59<2:33:03,  1.39it/s]
  1%|          | 94/12852 [01:00<2:27:41,  1.44it/s]
  1%|          | 95/12852 [01:01<2:16:00,  1.56it/s]
  1%|          | 96/12852 [01:01<2:12:31,  1.60it/s]
  1%|          | 97/12852 [01:02<2:12:29,  1.60it/s]
  1%|          | 98/12852 [01:02<2:17:31,  1.55it/s]
  1%|          | 99/12852 [01:03<2:26:32,  1.45it/s]
  1%|          | 100/12852 [01:04<2:33:29,  1.38it/s]
                                                     
{'loss': 0.1452, 'grad_norm': 1.1573841571807861, 'learning_rate': 1.9844382197323376e-05, 'epoch': 0.02}

  1%|          | 100/12852 [01:04<2:33:29,  1.38it/s]
  1%|          | 101/12852 [01:05<2:28:12,  1.43it/s]
  1%|          | 102/12852 [01:05<2:20:48,  1.51it/s]
  1%|          | 103/12852 [01:06<2:08:57,  1.65it/s]
  1%|          | 104/12852 [01:07<2:31:43,  1.40it/s]
  1%|          | 105/12852 [01:07<2:37:18,  1.35it/s]
  1%|          | 106/12852 [01:09<3:12:14,  1.11it/s]
  1%|          | 107/12852 [01:10<3:17:48,  1.07it/s]
  1%|          | 108/12852 [01:11<3:13:50,  1.10it/s]
  1%|          | 109/12852 [01:11<3:03:21,  1.16it/s]
  1%|          | 110/12852 [01:12<3:08:48,  1.12it/s]
  1%|          | 111/12852 [01:13<3:07:15,  1.13it/s]
  1%|          | 112/12852 [01:14<2:58:45,  1.19it/s]
  1%|          | 113/12852 [01:15<2:55:46,  1.21it/s]
  1%|          | 114/12852 [01:15<2:50:13,  1.25it/s]
  1%|          | 115/12852 [01:16<2:55:20,  1.21it/s]
  1%|          | 116/12852 [01:17<2:50:53,  1.24it/s]
  1%|          | 117/12852 [01:18<3:24:24,  1.04it/s]
  1%|          | 118/12852 [01:20<3:43:57,  1.06s/it]
  1%|          | 119/12852 [01:21<3:29:04,  1.02it/s]
  1%|          | 120/12852 [01:22<3:41:11,  1.04s/it]
  1%|          | 121/12852 [01:23<3:32:06,  1.00it/s]
  1%|          | 122/12852 [01:23<3:21:44,  1.05it/s]
  1%|          | 123/12852 [01:24<3:26:58,  1.02it/s]
  1%|          | 124/12852 [01:25<3:18:14,  1.07it/s]
  1%|          | 125/12852 [01:26<3:02:16,  1.16it/s]
  1%|          | 126/12852 [01:27<2:46:28,  1.27it/s]
  1%|          | 127/12852 [01:27<2:40:57,  1.32it/s]
  1%|          | 128/12852 [01:28<2:32:46,  1.39it/s]
  1%|          | 129/12852 [01:29<2:58:01,  1.19it/s]
  1%|          | 130/12852 [01:30<2:52:10,  1.23it/s]
  1%|          | 131/12852 [01:31<2:53:26,  1.22it/s]
  1%|          | 132/12852 [01:32<3:02:48,  1.16it/s]
  1%|          | 133/12852 [01:33<3:29:08,  1.01it/s]
  1%|          | 134/12852 [01:34<3:33:47,  1.01s/it]
  1%|          | 135/12852 [01:35<3:33:03,  1.01s/it]
  1%|          | 136/12852 [01:36<3:07:08,  1.13it/s]
  1%|          | 137/12852 [01:36<3:04:36,  1.15it/s]
  1%|          | 138/12852 [01:37<2:54:29,  1.21it/s]
  1%|          | 139/12852 [01:38<2:52:10,  1.23it/s]
  1%|          | 140/12852 [01:39<2:53:57,  1.22it/s]
  1%|          | 141/12852 [01:39<2:49:51,  1.25it/s]
  1%|          | 142/12852 [01:40<2:58:28,  1.19it/s]
  1%|          | 143/12852 [01:41<2:54:20,  1.21it/s]
  1%|          | 144/12852 [01:42<2:50:01,  1.25it/s]
  1%|          | 145/12852 [01:43<2:50:22,  1.24it/s]
  1%|          | 146/12852 [01:43<2:42:31,  1.30it/s]
  1%|          | 147/12852 [01:44<2:37:09,  1.35it/s]
  1%|          | 148/12852 [01:45<2:31:06,  1.40it/s]
  1%|          | 149/12852 [01:46<2:37:50,  1.34it/s]
  1%|          | 150/12852 [01:46<2:36:15,  1.35it/s]
                                                     
{'loss': 0.1254, 'grad_norm': 3.6501224040985107, 'learning_rate': 1.9766573295985063e-05, 'epoch': 0.04}

  1%|          | 150/12852 [01:46<2:36:15,  1.35it/s]
  1%|          | 151/12852 [01:47<2:46:20,  1.27it/s]
  1%|          | 152/12852 [01:48<3:08:08,  1.13it/s]
  1%|          | 153/12852 [01:49<3:15:16,  1.08it/s]
  1%|          | 154/12852 [01:50<3:06:48,  1.13it/s]
  1%|          | 155/12852 [01:51<2:58:02,  1.19it/s]
  1%|          | 156/12852 [01:52<2:47:10,  1.27it/s]
  1%|          | 157/12852 [01:52<2:48:18,  1.26it/s]
  1%|          | 158/12852 [01:53<2:30:57,  1.40it/s]
  1%|          | 159/12852 [01:54<2:27:29,  1.43it/s]
  1%|          | 160/12852 [01:54<2:32:50,  1.38it/s]
  1%|▏         | 161/12852 [01:55<2:50:29,  1.24it/s]
  1%|▏         | 162/12852 [01:56<2:54:23,  1.21it/s]
  1%|▏         | 163/12852 [01:57<2:52:20,  1.23it/s]
  1%|▏         | 164/12852 [01:58<3:00:49,  1.17it/s]
  1%|▏         | 165/12852 [01:59<3:02:48,  1.16it/s]
  1%|▏         | 166/12852 [01:59<2:42:49,  1.30it/s]
  1%|▏         | 167/12852 [02:00<2:35:29,  1.36it/s]
  1%|▏         | 168/12852 [02:01<2:30:11,  1.41it/s]
  1%|▏         | 169/12852 [02:01<2:17:24,  1.54it/s]
  1%|▏         | 170/12852 [02:02<2:05:08,  1.69it/s]
  1%|▏         | 171/12852 [02:02<1:54:14,  1.85it/s]
  1%|▏         | 172/12852 [02:02<1:41:17,  2.09it/s]
  1%|▏         | 173/12852 [02:03<1:41:53,  2.07it/s]
  1%|▏         | 174/12852 [02:03<1:39:50,  2.12it/s]
  1%|▏         | 175/12852 [02:04<1:51:07,  1.90it/s]
  1%|▏         | 176/12852 [02:05<2:01:48,  1.73it/s]
  1%|▏         | 177/12852 [02:05<2:17:32,  1.54it/s]
  1%|▏         | 178/12852 [02:06<2:18:53,  1.52it/s]
  1%|▏         | 179/12852 [02:07<2:33:25,  1.38it/s]
  1%|▏         | 180/12852 [02:08<2:42:19,  1.30it/s]
  1%|▏         | 181/12852 [02:09<2:39:47,  1.32it/s]
  1%|▏         | 182/12852 [02:09<2:34:23,  1.37it/s]
  1%|▏         | 183/12852 [02:10<2:39:17,  1.33it/s]
  1%|▏         | 184/12852 [02:11<2:37:05,  1.34it/s]
  1%|▏         | 185/12852 [02:11<2:24:20,  1.46it/s]
  1%|▏         | 186/12852 [02:12<2:24:11,  1.46it/s]
  1%|▏         | 187/12852 [02:13<2:44:32,  1.28it/s]
  1%|▏         | 188/12852 [02:14<2:49:22,  1.25it/s]
  1%|▏         | 189/12852 [02:15<3:11:28,  1.10it/s]
  1%|▏         | 190/12852 [02:16<3:20:29,  1.05it/s]
  1%|▏         | 191/12852 [02:17<3:16:31,  1.07it/s]
  1%|▏         | 192/12852 [02:18<3:21:11,  1.05it/s]
  2%|▏         | 193/12852 [02:19<3:34:35,  1.02s/it]
  2%|▏         | 194/12852 [02:20<3:28:31,  1.01it/s]
  2%|▏         | 195/12852 [02:21<3:19:18,  1.06it/s]
  2%|▏         | 196/12852 [02:22<3:30:45,  1.00it/s]
  2%|▏         | 197/12852 [02:23<3:20:08,  1.05it/s]
  2%|▏         | 198/12852 [02:24<3:28:18,  1.01it/s]
  2%|▏         | 199/12852 [02:25<3:09:18,  1.11it/s]
  2%|▏         | 200/12852 [02:26<3:09:30,  1.11it/s]
                                                     
{'loss': 0.0882, 'grad_norm': 0.2191464751958847, 'learning_rate': 1.968876439464675e-05, 'epoch': 0.05}

  2%|▏         | 200/12852 [02:26<3:09:30,  1.11it/s]
  2%|▏         | 201/12852 [02:26<3:07:56,  1.12it/s]
  2%|▏         | 202/12852 [02:27<3:03:30,  1.15it/s]
  2%|▏         | 203/12852 [02:28<2:55:06,  1.20it/s]
  2%|▏         | 204/12852 [02:29<2:57:36,  1.19it/s]
  2%|▏         | 205/12852 [02:30<3:00:53,  1.17it/s]
  2%|▏         | 206/12852 [02:31<3:00:14,  1.17it/s]
  2%|▏         | 207/12852 [02:31<2:58:54,  1.18it/s]
  2%|▏         | 208/12852 [02:32<2:56:47,  1.19it/s]
  2%|▏         | 209/12852 [02:33<3:03:09,  1.15it/s]
  2%|▏         | 210/12852 [02:34<2:53:20,  1.22it/s]
  2%|▏         | 211/12852 [02:35<2:55:32,  1.20it/s]
  2%|▏         | 212/12852 [02:35<2:45:32,  1.27it/s]
  2%|▏         | 213/12852 [02:36<2:34:23,  1.36it/s]
  2%|▏         | 214/12852 [02:37<2:36:30,  1.35it/s]
  2%|▏         | 215/12852 [02:37<2:22:29,  1.48it/s]
  2%|▏         | 216/12852 [02:38<2:23:36,  1.47it/s]
  2%|▏         | 217/12852 [02:39<2:20:19,  1.50it/s]
  2%|▏         | 218/12852 [02:39<2:21:18,  1.49it/s]
  2%|▏         | 219/12852 [02:40<2:32:32,  1.38it/s]
  2%|▏         | 220/12852 [02:41<2:32:42,  1.38it/s]
  2%|▏         | 221/12852 [02:42<2:27:54,  1.42it/s]
  2%|▏         | 222/12852 [02:42<2:39:27,  1.32it/s]
  2%|▏         | 223/12852 [02:43<2:36:00,  1.35it/s]
  2%|▏         | 224/12852 [02:44<2:36:30,  1.34it/s]
  2%|▏         | 225/12852 [02:45<2:34:18,  1.36it/s]
  2%|▏         | 226/12852 [02:46<2:44:46,  1.28it/s]
  2%|▏         | 227/12852 [02:46<2:40:08,  1.31it/s]
  2%|▏         | 228/12852 [02:47<2:26:51,  1.43it/s]
  2%|▏         | 229/12852 [02:47<2:19:45,  1.51it/s]
  2%|▏         | 230/12852 [02:48<2:16:47,  1.54it/s]
  2%|▏         | 231/12852 [02:49<2:16:01,  1.55it/s]
  2%|▏         | 232/12852 [02:49<2:16:18,  1.54it/s]
  2%|▏         | 233/12852 [02:50<2:17:19,  1.53it/s]
  2%|▏         | 234/12852 [02:50<2:09:23,  1.63it/s]
  2%|▏         | 235/12852 [02:51<2:16:20,  1.54it/s]
  2%|▏         | 236/12852 [02:52<2:21:28,  1.49it/s]
  2%|▏         | 237/12852 [02:53<2:35:24,  1.35it/s]
  2%|▏         | 238/12852 [02:54<2:35:24,  1.35it/s]
  2%|▏         | 239/12852 [02:54<2:25:54,  1.44it/s]
  2%|▏         | 240/12852 [02:55<2:11:52,  1.59it/s]
  2%|▏         | 241/12852 [02:55<2:18:26,  1.52it/s]
  2%|▏         | 242/12852 [02:56<2:06:55,  1.66it/s]
  2%|▏         | 243/12852 [02:56<2:04:17,  1.69it/s]
  2%|▏         | 244/12852 [02:57<2:06:52,  1.66it/s]
  2%|▏         | 245/12852 [02:58<2:08:14,  1.64it/s]
  2%|▏         | 246/12852 [02:58<1:54:49,  1.83it/s]
  2%|▏         | 247/12852 [02:59<1:48:33,  1.94it/s]
  2%|▏         | 248/12852 [02:59<1:50:07,  1.91it/s]
  2%|▏         | 249/12852 [02:59<1:39:56,  2.10it/s]
  2%|▏         | 250/12852 [03:00<1:27:19,  2.41it/s]
                                                     
{'loss': 0.0882, 'grad_norm': 0.14255701005458832, 'learning_rate': 1.9610955493308437e-05, 'epoch': 0.06}

  2%|▏         | 250/12852 [03:00<1:27:19,  2.41it/s]
  2%|▏         | 251/12852 [03:00<1:32:40,  2.27it/s]
  2%|▏         | 252/12852 [03:01<1:37:20,  2.16it/s]
  2%|▏         | 253/12852 [03:01<1:39:10,  2.12it/s]
  2%|▏         | 254/12852 [03:02<1:32:26,  2.27it/s]
  2%|▏         | 255/12852 [03:02<1:36:11,  2.18it/s]
  2%|▏         | 256/12852 [03:02<1:31:14,  2.30it/s]
  2%|▏         | 257/12852 [03:03<1:29:17,  2.35it/s]
  2%|▏         | 258/12852 [03:03<1:31:43,  2.29it/s]
  2%|▏         | 259/12852 [03:04<1:41:00,  2.08it/s]
  2%|▏         | 260/12852 [03:04<1:47:39,  1.95it/s]
  2%|▏         | 261/12852 [03:05<1:47:42,  1.95it/s]
  2%|▏         | 262/12852 [03:06<1:55:17,  1.82it/s]
  2%|▏         | 263/12852 [03:06<1:52:53,  1.86it/s]
  2%|▏         | 264/12852 [03:07<1:59:33,  1.75it/s]
  2%|▏         | 265/12852 [03:07<2:03:08,  1.70it/s]
  2%|▏         | 266/12852 [03:08<1:49:14,  1.92it/s]
  2%|▏         | 267/12852 [03:08<1:48:40,  1.93it/s]
  2%|▏         | 268/12852 [03:09<1:51:59,  1.87it/s]
  2%|▏         | 269/12852 [03:10<2:01:41,  1.72it/s]
  2%|▏         | 270/12852 [03:10<1:54:23,  1.83it/s]
  2%|▏         | 271/12852 [03:11<1:58:09,  1.77it/s]
  2%|▏         | 272/12852 [03:11<2:05:15,  1.67it/s]
  2%|▏         | 273/12852 [03:12<2:11:10,  1.60it/s]
  2%|▏         | 274/12852 [03:13<2:13:12,  1.57it/s]
  2%|▏         | 275/12852 [03:13<2:16:13,  1.54it/s]
  2%|▏         | 276/12852 [03:14<2:14:04,  1.56it/s]
  2%|▏         | 277/12852 [03:15<2:25:11,  1.44it/s]
  2%|▏         | 278/12852 [03:15<2:24:51,  1.45it/s]
  2%|▏         | 279/12852 [03:16<2:09:25,  1.62it/s]
  2%|▏         | 280/12852 [03:16<2:04:51,  1.68it/s]
  2%|▏         | 281/12852 [03:17<2:08:02,  1.64it/s]
  2%|▏         | 282/12852 [03:18<2:16:44,  1.53it/s]
  2%|▏         | 283/12852 [03:19<2:20:24,  1.49it/s]
  2%|▏         | 284/12852 [03:19<2:22:16,  1.47it/s]
  2%|▏         | 285/12852 [03:20<2:38:37,  1.32it/s]
  2%|▏         | 286/12852 [03:21<2:39:02,  1.32it/s]
  2%|▏         | 287/12852 [03:22<2:49:47,  1.23it/s]
  2%|▏         | 288/12852 [03:23<2:49:25,  1.24it/s]
  2%|▏         | 289/12852 [03:24<3:00:20,  1.16it/s]
  2%|▏         | 290/12852 [03:24<2:54:35,  1.20it/s]
  2%|▏         | 291/12852 [03:25<2:50:36,  1.23it/s]
  2%|▏         | 292/12852 [03:26<2:52:53,  1.21it/s]
  2%|▏         | 293/12852 [03:27<2:42:50,  1.29it/s]
  2%|▏         | 294/12852 [03:28<2:56:28,  1.19it/s]
  2%|▏         | 295/12852 [03:29<3:01:05,  1.16it/s]
  2%|▏         | 296/12852 [03:30<3:14:39,  1.08it/s]
  2%|▏         | 297/12852 [03:31<3:16:21,  1.07it/s]
  2%|▏         | 298/12852 [03:31<3:04:32,  1.13it/s]
  2%|▏         | 299/12852 [03:33<3:17:44,  1.06it/s]
  2%|▏         | 300/12852 [03:33<3:10:56,  1.10it/s]
                                                     
{'loss': 0.1015, 'grad_norm': 0.1461070477962494, 'learning_rate': 1.953314659197012e-05, 'epoch': 0.07}

  2%|▏         | 300/12852 [03:33<3:10:56,  1.10it/s]
  2%|▏         | 301/12852 [03:34<3:15:50,  1.07it/s]
  2%|▏         | 302/12852 [03:35<3:04:55,  1.13it/s]
  2%|▏         | 303/12852 [03:36<2:53:20,  1.21it/s]
  2%|▏         | 304/12852 [03:37<2:49:36,  1.23it/s]
  2%|▏         | 305/12852 [03:37<2:45:29,  1.26it/s]
  2%|▏         | 306/12852 [03:38<2:49:46,  1.23it/s]
  2%|▏         | 307/12852 [03:39<2:55:30,  1.19it/s]
  2%|▏         | 308/12852 [03:40<3:00:03,  1.16it/s]
  2%|▏         | 309/12852 [03:41<2:50:29,  1.23it/s]
  2%|▏         | 310/12852 [03:42<2:53:42,  1.20it/s]
  2%|▏         | 311/12852 [03:43<3:00:26,  1.16it/s]
  2%|▏         | 312/12852 [03:43<2:48:30,  1.24it/s]
  2%|▏         | 313/12852 [03:44<2:46:16,  1.26it/s]
  2%|▏         | 314/12852 [03:45<2:36:11,  1.34it/s]
  2%|▏         | 315/12852 [03:45<2:24:36,  1.44it/s]
  2%|▏         | 316/12852 [03:46<2:02:19,  1.71it/s]
  2%|▏         | 317/12852 [03:46<1:44:45,  1.99it/s]
  2%|▏         | 318/12852 [03:46<1:36:33,  2.16it/s]
  2%|▏         | 319/12852 [03:47<1:33:46,  2.23it/s]
  2%|▏         | 320/12852 [03:47<1:38:39,  2.12it/s]
  2%|▏         | 321/12852 [03:48<1:36:25,  2.17it/s]
  3%|▎         | 322/12852 [03:48<1:33:20,  2.24it/s]
  3%|▎         | 323/12852 [03:48<1:35:50,  2.18it/s]
  3%|▎         | 324/12852 [03:49<1:40:29,  2.08it/s]
  3%|▎         | 325/12852 [03:49<1:39:19,  2.10it/s]
  3%|▎         | 326/12852 [03:50<1:35:31,  2.19it/s]
  3%|▎         | 327/12852 [03:50<1:30:53,  2.30it/s]
  3%|▎         | 328/12852 [03:51<1:19:36,  2.62it/s]
  3%|▎         | 329/12852 [03:51<1:08:26,  3.05it/s]
  3%|▎         | 330/12852 [03:51<1:04:06,  3.26it/s]
  3%|▎         | 331/12852 [03:51<51:45,  4.03it/s]  
  3%|▎         | 332/12852 [03:51<57:00,  3.66it/s]
  3%|▎         | 333/12852 [03:52<52:25,  3.98it/s]
  3%|▎         | 334/12852 [03:52<49:01,  4.26it/s]
  3%|▎         | 335/12852 [03:52<1:02:39,  3.33it/s]
  3%|▎         | 336/12852 [03:53<1:08:21,  3.05it/s]
  3%|▎         | 337/12852 [03:53<1:10:30,  2.96it/s]
  3%|▎         | 338/12852 [03:53<1:17:33,  2.69it/s]
  3%|▎         | 339/12852 [03:54<1:21:37,  2.56it/s]
  3%|▎         | 340/12852 [03:54<1:17:35,  2.69it/s]
  3%|▎         | 341/12852 [03:55<1:23:50,  2.49it/s]
  3%|▎         | 342/12852 [03:55<1:21:58,  2.54it/s]
  3%|▎         | 343/12852 [03:55<1:20:51,  2.58it/s]
  3%|▎         | 344/12852 [03:56<1:31:09,  2.29it/s]
  3%|▎         | 345/12852 [03:57<1:46:58,  1.95it/s]
  3%|▎         | 346/12852 [03:57<2:00:23,  1.73it/s]
  3%|▎         | 347/12852 [03:58<2:13:26,  1.56it/s]
  3%|▎         | 348/12852 [03:59<2:10:04,  1.60it/s]
  3%|▎         | 349/12852 [03:59<2:11:47,  1.58it/s]
  3%|▎         | 350/12852 [04:00<2:11:49,  1.58it/s]
                                                     
{'loss': 0.0542, 'grad_norm': 0.0717700645327568, 'learning_rate': 1.945533769063181e-05, 'epoch': 0.08}

  3%|▎         | 350/12852 [04:00<2:11:49,  1.58it/s]
  3%|▎         | 351/12852 [04:01<2:14:20,  1.55it/s]
  3%|▎         | 352/12852 [04:02<2:22:05,  1.47it/s]
  3%|▎         | 353/12852 [04:02<2:38:52,  1.31it/s]
  3%|▎         | 354/12852 [04:04<2:58:17,  1.17it/s]
  3%|▎         | 355/12852 [04:05<3:14:15,  1.07it/s]
  3%|▎         | 356/12852 [04:06<3:17:29,  1.05it/s]
  3%|▎         | 357/12852 [04:06<3:04:19,  1.13it/s]
  3%|▎         | 358/12852 [04:07<2:46:13,  1.25it/s]
  3%|▎         | 359/12852 [04:08<2:40:29,  1.30it/s]
  3%|▎         | 360/12852 [04:08<2:27:14,  1.41it/s]
  3%|▎         | 361/12852 [04:09<2:15:00,  1.54it/s]
  3%|▎         | 362/12852 [04:09<2:11:54,  1.58it/s]
  3%|▎         | 363/12852 [04:10<2:04:21,  1.67it/s]
  3%|▎         | 364/12852 [04:10<1:54:22,  1.82it/s]
  3%|▎         | 365/12852 [04:11<1:58:29,  1.76it/s]
  3%|▎         | 366/12852 [04:12<2:02:00,  1.71it/s]
  3%|▎         | 367/12852 [04:12<1:59:29,  1.74it/s]
  3%|▎         | 368/12852 [04:13<2:14:12,  1.55it/s]
  3%|▎         | 369/12852 [04:14<2:28:28,  1.40it/s]
  3%|▎         | 370/12852 [04:15<2:30:18,  1.38it/s]
  3%|▎         | 371/12852 [04:15<2:32:13,  1.37it/s]
  3%|▎         | 372/12852 [04:16<2:25:25,  1.43it/s]
  3%|▎         | 373/12852 [04:16<2:18:37,  1.50it/s]
  3%|▎         | 374/12852 [04:17<2:16:43,  1.52it/s]
  3%|▎         | 375/12852 [04:18<2:14:30,  1.55it/s]
  3%|▎         | 376/12852 [04:18<2:09:51,  1.60it/s]
  3%|▎         | 377/12852 [04:19<2:21:22,  1.47it/s]
  3%|▎         | 378/12852 [04:20<2:29:39,  1.39it/s]
  3%|▎         | 379/12852 [04:21<2:56:59,  1.17it/s]
  3%|▎         | 380/12852 [04:22<3:15:58,  1.06it/s]
  3%|▎         | 381/12852 [04:23<3:14:11,  1.07it/s]
  3%|▎         | 382/12852 [04:24<3:12:22,  1.08it/s]
  3%|▎         | 383/12852 [04:25<3:01:47,  1.14it/s]
  3%|▎         | 384/12852 [04:25<2:47:24,  1.24it/s]
  3%|▎         | 385/12852 [04:26<2:41:42,  1.28it/s]
  3%|▎         | 386/12852 [04:27<2:29:31,  1.39it/s]
  3%|▎         | 387/12852 [04:27<2:23:53,  1.44it/s]
  3%|▎         | 388/12852 [04:28<2:21:28,  1.47it/s]
  3%|▎         | 389/12852 [04:29<2:33:29,  1.35it/s]
  3%|▎         | 390/12852 [04:30<2:54:20,  1.19it/s]
  3%|▎         | 391/12852 [04:31<2:49:40,  1.22it/s]
  3%|▎         | 392/12852 [04:32<3:03:18,  1.13it/s]
  3%|▎         | 393/12852 [04:33<2:55:45,  1.18it/s]
  3%|▎         | 394/12852 [04:33<2:42:50,  1.28it/s]
  3%|▎         | 395/12852 [04:34<2:28:49,  1.39it/s]
  3%|▎         | 396/12852 [04:34<2:22:03,  1.46it/s]
  3%|▎         | 397/12852 [04:35<2:20:45,  1.47it/s]
  3%|▎         | 398/12852 [04:36<2:09:11,  1.61it/s]
  3%|▎         | 399/12852 [04:36<2:00:10,  1.73it/s]
  3%|▎         | 400/12852 [04:37<1:57:49,  1.76it/s]
                                                     
{'loss': 0.0598, 'grad_norm': 0.05903230980038643, 'learning_rate': 1.9377528789293495e-05, 'epoch': 0.09}

  3%|▎         | 400/12852 [04:37<1:57:49,  1.76it/s]
  3%|▎         | 401/12852 [04:37<2:07:27,  1.63it/s]
  3%|▎         | 402/12852 [04:38<2:31:01,  1.37it/s]
  3%|▎         | 403/12852 [04:39<2:33:11,  1.35it/s]
  3%|▎         | 404/12852 [04:40<2:40:01,  1.30it/s]
  3%|▎         | 405/12852 [04:40<2:27:27,  1.41it/s]
  3%|▎         | 406/12852 [04:41<2:39:38,  1.30it/s]
  3%|▎         | 407/12852 [04:42<2:39:46,  1.30it/s]
  3%|▎         | 408/12852 [04:43<2:33:51,  1.35it/s]
  3%|▎         | 409/12852 [04:43<2:25:07,  1.43it/s]
  3%|▎         | 410/12852 [04:44<2:13:31,  1.55it/s]
  3%|▎         | 411/12852 [04:44<2:09:35,  1.60it/s]
  3%|▎         | 412/12852 [04:45<1:58:44,  1.75it/s]
  3%|▎         | 413/12852 [04:45<1:49:26,  1.89it/s]
  3%|▎         | 414/12852 [04:46<1:40:38,  2.06it/s]
  3%|▎         | 415/12852 [04:46<1:24:22,  2.46it/s]
  3%|▎         | 416/12852 [04:46<1:26:28,  2.40it/s]
  3%|▎         | 417/12852 [04:47<1:26:59,  2.38it/s]
  3%|▎         | 418/12852 [04:47<1:38:25,  2.11it/s]
  3%|▎         | 419/12852 [04:48<1:43:46,  2.00it/s]
  3%|▎         | 420/12852 [04:48<1:41:38,  2.04it/s]
  3%|▎         | 421/12852 [04:49<1:44:01,  1.99it/s]
  3%|▎         | 422/12852 [04:49<1:38:14,  2.11it/s]
  3%|▎         | 423/12852 [04:50<1:30:08,  2.30it/s]
  3%|▎         | 424/12852 [04:50<1:20:03,  2.59it/s]
  3%|▎         | 425/12852 [04:50<1:15:19,  2.75it/s]
  3%|▎         | 426/12852 [04:51<1:14:13,  2.79it/s]
  3%|▎         | 427/12852 [04:51<1:18:00,  2.65it/s]
  3%|▎         | 428/12852 [04:51<1:14:28,  2.78it/s]
  3%|▎         | 429/12852 [04:52<1:05:52,  3.14it/s]
  3%|▎         | 430/12852 [04:52<1:04:51,  3.19it/s]
  3%|▎         | 431/12852 [04:52<1:12:39,  2.85it/s]
  3%|▎         | 432/12852 [04:53<1:09:40,  2.97it/s]
  3%|▎         | 433/12852 [04:53<1:21:50,  2.53it/s]
  3%|▎         | 434/12852 [04:54<1:27:22,  2.37it/s]
  3%|▎         | 435/12852 [04:54<1:28:04,  2.35it/s]
  3%|▎         | 436/12852 [04:55<1:29:47,  2.30it/s]
  3%|▎         | 437/12852 [04:55<1:53:08,  1.83it/s]
  3%|▎         | 438/12852 [04:56<2:09:18,  1.60it/s]
  3%|▎         | 439/12852 [04:57<2:16:45,  1.51it/s]
  3%|▎         | 440/12852 [04:58<2:22:18,  1.45it/s]
  3%|▎         | 441/12852 [04:59<2:43:22,  1.27it/s]
  3%|▎         | 442/12852 [05:00<2:52:27,  1.20it/s]
  3%|▎         | 443/12852 [05:01<2:55:51,  1.18it/s]
  3%|▎         | 444/12852 [05:01<2:58:49,  1.16it/s]
  3%|▎         | 445/12852 [05:02<3:05:14,  1.12it/s]
  3%|▎         | 446/12852 [05:03<3:08:53,  1.09it/s]
  3%|▎         | 447/12852 [05:04<3:10:57,  1.08it/s]
  3%|▎         | 448/12852 [05:05<3:18:12,  1.04it/s]
  3%|▎         | 449/12852 [05:06<3:23:48,  1.01it/s]
  4%|▎         | 450/12852 [05:07<3:15:58,  1.05it/s]
                                                     
{'loss': 0.0978, 'grad_norm': 32.388126373291016, 'learning_rate': 1.9299719887955185e-05, 'epoch': 0.11}

  4%|▎         | 450/12852 [05:07<3:15:58,  1.05it/s]
  4%|▎         | 451/12852 [05:09<3:35:29,  1.04s/it]
  4%|▎         | 452/12852 [05:10<3:34:16,  1.04s/it]
  4%|▎         | 453/12852 [05:11<3:44:42,  1.09s/it]
  4%|▎         | 454/12852 [05:12<3:43:20,  1.08s/it]
  4%|▎         | 455/12852 [05:13<3:26:55,  1.00s/it]
  4%|▎         | 456/12852 [05:14<3:22:41,  1.02it/s]
  4%|▎         | 457/12852 [05:15<3:22:54,  1.02it/s]
  4%|▎         | 458/12852 [05:15<3:13:28,  1.07it/s]
  4%|▎         | 459/12852 [05:16<3:02:49,  1.13it/s]
  4%|▎         | 460/12852 [05:17<2:52:40,  1.20it/s]
  4%|▎         | 461/12852 [05:18<2:42:08,  1.27it/s]
  4%|▎         | 462/12852 [05:18<2:42:32,  1.27it/s]
  4%|▎         | 463/12852 [05:19<2:49:05,  1.22it/s]
  4%|▎         | 464/12852 [05:21<3:18:19,  1.04it/s]
  4%|▎         | 465/12852 [05:22<3:29:26,  1.01s/it]
  4%|▎         | 466/12852 [05:23<3:21:43,  1.02it/s]
  4%|▎         | 467/12852 [05:23<3:08:14,  1.10it/s]
  4%|▎         | 468/12852 [05:24<2:51:32,  1.20it/s]
  4%|▎         | 469/12852 [05:24<2:28:51,  1.39it/s]
  4%|▎         | 470/12852 [05:25<2:30:42,  1.37it/s]
  4%|▎         | 471/12852 [05:26<2:24:49,  1.42it/s]
  4%|▎         | 472/12852 [05:27<2:40:31,  1.29it/s]
  4%|▎         | 473/12852 [05:28<2:52:53,  1.19it/s]
  4%|▎         | 474/12852 [05:29<3:07:06,  1.10it/s]
  4%|▎         | 475/12852 [05:29<2:48:48,  1.22it/s]
  4%|▎         | 476/12852 [05:30<2:39:21,  1.29it/s]
  4%|▎         | 477/12852 [05:31<2:32:30,  1.35it/s]
  4%|▎         | 478/12852 [05:32<2:37:46,  1.31it/s]
  4%|▎         | 479/12852 [05:32<2:43:12,  1.26it/s]
  4%|▎         | 480/12852 [05:33<2:35:46,  1.32it/s]
  4%|▎         | 481/12852 [05:34<2:39:51,  1.29it/s]
  4%|▍         | 482/12852 [05:35<2:51:50,  1.20it/s]
  4%|▍         | 483/12852 [05:36<2:54:51,  1.18it/s]
  4%|▍         | 484/12852 [05:37<3:01:16,  1.14it/s]
  4%|▍         | 485/12852 [05:38<3:02:51,  1.13it/s]
  4%|▍         | 486/12852 [05:38<2:54:55,  1.18it/s]
  4%|▍         | 487/12852 [05:39<2:43:52,  1.26it/s]
  4%|▍         | 488/12852 [05:40<2:41:13,  1.28it/s]
  4%|▍         | 489/12852 [05:41<2:46:16,  1.24it/s]
  4%|▍         | 490/12852 [05:41<2:33:11,  1.34it/s]
  4%|▍         | 491/12852 [05:42<2:36:31,  1.32it/s]
  4%|▍         | 492/12852 [05:43<2:34:57,  1.33it/s]
  4%|▍         | 493/12852 [05:44<2:33:32,  1.34it/s]
  4%|▍         | 494/12852 [05:44<2:33:58,  1.34it/s]
  4%|▍         | 495/12852 [05:45<2:27:41,  1.39it/s]
  4%|▍         | 496/12852 [05:45<2:16:11,  1.51it/s]
  4%|▍         | 497/12852 [05:46<2:06:09,  1.63it/s]
  4%|▍         | 498/12852 [05:46<1:59:31,  1.72it/s]
  4%|▍         | 499/12852 [05:47<2:11:38,  1.56it/s]
  4%|▍         | 500/12852 [05:48<2:22:27,  1.45it/s]
                                                     
{'loss': 0.0737, 'grad_norm': 0.12707655131816864, 'learning_rate': 1.922191098661687e-05, 'epoch': 0.12}

  4%|▍         | 500/12852 [05:48<2:22:27,  1.45it/s]
  4%|▍         | 501/12852 [05:49<2:17:18,  1.50it/s]
  4%|▍         | 502/12852 [05:49<2:13:08,  1.55it/s]
  4%|▍         | 503/12852 [05:50<2:09:28,  1.59it/s]
  4%|▍         | 504/12852 [05:50<1:50:04,  1.87it/s]
  4%|▍         | 505/12852 [05:51<1:52:02,  1.84it/s]
  4%|▍         | 506/12852 [05:51<1:40:49,  2.04it/s]
  4%|▍         | 507/12852 [05:52<1:38:44,  2.08it/s]
  4%|▍         | 508/12852 [05:52<1:38:51,  2.08it/s]
  4%|▍         | 509/12852 [05:53<1:41:58,  2.02it/s]
  4%|▍         | 510/12852 [05:53<1:44:30,  1.97it/s]
  4%|▍         | 511/12852 [05:54<1:50:14,  1.87it/s]
  4%|▍         | 512/12852 [05:54<1:42:33,  2.01it/s]
  4%|▍         | 513/12852 [05:54<1:34:23,  2.18it/s]
  4%|▍         | 514/12852 [05:55<1:26:26,  2.38it/s]
  4%|▍         | 515/12852 [05:55<1:26:59,  2.36it/s]
  4%|▍         | 516/12852 [05:56<1:20:28,  2.55it/s]
  4%|▍         | 517/12852 [05:56<1:18:26,  2.62it/s]
  4%|▍         | 518/12852 [05:56<1:13:49,  2.78it/s]
  4%|▍         | 519/12852 [05:57<1:15:39,  2.72it/s]
  4%|▍         | 520/12852 [05:57<1:08:43,  2.99it/s]
  4%|▍         | 521/12852 [05:57<1:07:35,  3.04it/s]
  4%|▍         | 522/12852 [05:58<1:11:38,  2.87it/s]
  4%|▍         | 523/12852 [05:58<1:02:21,  3.29it/s]
  4%|▍         | 524/12852 [05:58<59:34,  3.45it/s]  
  4%|▍         | 525/12852 [05:58<53:17,  3.85it/s]
  4%|▍         | 526/12852 [05:59<54:36,  3.76it/s]
  4%|▍         | 527/12852 [05:59<50:49,  4.04it/s]
  4%|▍         | 528/12852 [05:59<47:08,  4.36it/s]
  4%|▍         | 529/12852 [05:59<47:07,  4.36it/s]
  4%|▍         | 530/12852 [05:59<49:19,  4.16it/s]
  4%|▍         | 531/12852 [06:00<43:04,  4.77it/s]
  4%|▍         | 532/12852 [06:00<39:13,  5.23it/s]
  4%|▍         | 533/12852 [06:00<45:18,  4.53it/s]
  4%|▍         | 534/12852 [06:00<44:20,  4.63it/s]
  4%|▍         | 535/12852 [06:00<49:09,  4.18it/s]
  4%|▍         | 536/12852 [06:01<50:25,  4.07it/s]
  4%|▍         | 537/12852 [06:01<1:00:16,  3.40it/s]
  4%|▍         | 538/12852 [06:01<1:00:46,  3.38it/s]
  4%|▍         | 539/12852 [06:02<56:39,  3.62it/s]  
  4%|▍         | 540/12852 [06:02<57:54,  3.54it/s]
  4%|▍         | 541/12852 [06:02<53:05,  3.86it/s]
  4%|▍         | 542/12852 [06:02<53:19,  3.85it/s]
  4%|▍         | 543/12852 [06:03<52:07,  3.94it/s]
  4%|▍         | 544/12852 [06:03<54:09,  3.79it/s]
  4%|▍         | 545/12852 [06:03<1:04:56,  3.16it/s]
  4%|▍         | 546/12852 [06:04<57:43,  3.55it/s]  
  4%|▍         | 547/12852 [06:04<51:13,  4.00it/s]
  4%|▍         | 548/12852 [06:04<54:37,  3.75it/s]
  4%|▍         | 549/12852 [06:04<50:39,  4.05it/s]
  4%|▍         | 550/12852 [06:05<54:10,  3.79it/s]
                                                   
{'loss': 0.1102, 'grad_norm': 0.12572509050369263, 'learning_rate': 1.9144102085278556e-05, 'epoch': 0.13}

  4%|▍         | 550/12852 [06:05<54:10,  3.79it/s]
  4%|▍         | 551/12852 [06:05<47:57,  4.27it/s]
  4%|▍         | 552/12852 [06:05<52:31,  3.90it/s]
  4%|▍         | 553/12852 [06:05<1:02:26,  3.28it/s]
  4%|▍         | 554/12852 [06:06<59:28,  3.45it/s]  
  4%|▍         | 555/12852 [06:06<58:04,  3.53it/s]
  4%|▍         | 556/12852 [06:06<57:31,  3.56it/s]
  4%|▍         | 557/12852 [06:07<57:54,  3.54it/s]
  4%|▍         | 558/12852 [06:07<1:02:03,  3.30it/s]
  4%|▍         | 559/12852 [06:07<1:04:01,  3.20it/s]
  4%|▍         | 560/12852 [06:08<1:02:12,  3.29it/s]
  4%|▍         | 561/12852 [06:08<52:42,  3.89it/s]  
  4%|▍         | 562/12852 [06:08<57:44,  3.55it/s]
  4%|▍         | 563/12852 [06:08<55:30,  3.69it/s]
  4%|▍         | 564/12852 [06:09<58:11,  3.52it/s]
  4%|▍         | 565/12852 [06:09<1:00:48,  3.37it/s]
  4%|▍         | 566/12852 [06:09<1:08:50,  2.97it/s]
  4%|▍         | 567/12852 [06:10<1:10:51,  2.89it/s]
  4%|▍         | 568/12852 [06:10<1:04:47,  3.16it/s]
  4%|▍         | 569/12852 [06:10<1:10:29,  2.90it/s]
  4%|▍         | 570/12852 [06:11<1:19:47,  2.57it/s]
  4%|▍         | 571/12852 [06:11<1:30:19,  2.27it/s]
  4%|▍         | 572/12852 [06:12<1:34:45,  2.16it/s]
  4%|▍         | 573/12852 [06:12<1:29:57,  2.27it/s]
  4%|▍         | 574/12852 [06:13<1:28:45,  2.31it/s]
  4%|▍         | 575/12852 [06:13<1:23:05,  2.46it/s]
  4%|▍         | 576/12852 [06:13<1:22:07,  2.49it/s]
  4%|▍         | 577/12852 [06:14<1:17:20,  2.65it/s]
  4%|▍         | 578/12852 [06:14<1:20:24,  2.54it/s]
  5%|▍         | 579/12852 [06:15<1:24:36,  2.42it/s]
  5%|▍         | 580/12852 [06:15<1:39:12,  2.06it/s]
  5%|▍         | 581/12852 [06:16<1:43:06,  1.98it/s]
  5%|▍         | 582/12852 [06:17<1:53:32,  1.80it/s]
  5%|▍         | 583/12852 [06:17<2:06:55,  1.61it/s]
  5%|▍         | 584/12852 [06:18<2:05:27,  1.63it/s]
  5%|▍         | 585/12852 [06:18<1:57:39,  1.74it/s]
  5%|▍         | 586/12852 [06:19<1:59:36,  1.71it/s]
  5%|▍         | 587/12852 [06:19<1:50:28,  1.85it/s]
  5%|▍         | 588/12852 [06:20<1:34:48,  2.16it/s]
  5%|▍         | 589/12852 [06:20<1:30:38,  2.25it/s]
  5%|▍         | 590/12852 [06:21<1:26:04,  2.37it/s]
  5%|▍         | 591/12852 [06:21<1:19:33,  2.57it/s]
  5%|▍         | 592/12852 [06:21<1:28:45,  2.30it/s]
  5%|▍         | 593/12852 [06:22<1:26:23,  2.36it/s]
  5%|▍         | 594/12852 [06:22<1:24:38,  2.41it/s]
  5%|▍         | 595/12852 [06:23<1:26:21,  2.37it/s]
  5%|▍         | 596/12852 [06:23<1:38:29,  2.07it/s]
  5%|▍         | 597/12852 [06:24<2:01:02,  1.69it/s]
  5%|▍         | 598/12852 [06:25<2:39:43,  1.28it/s]
  5%|▍         | 599/12852 [06:26<3:02:05,  1.12it/s]
  5%|▍         | 600/12852 [06:27<2:58:48,  1.14it/s]
                                                     
{'loss': 0.0731, 'grad_norm': 0.15511029958724976, 'learning_rate': 1.9066293183940247e-05, 'epoch': 0.14}

  5%|▍         | 600/12852 [06:27<2:58:48,  1.14it/s]
  5%|▍         | 601/12852 [06:28<2:47:58,  1.22it/s]
  5%|▍         | 602/12852 [06:29<2:43:30,  1.25it/s]
  5%|▍         | 603/12852 [06:29<2:37:34,  1.30it/s]
  5%|▍         | 604/12852 [06:30<2:26:35,  1.39it/s]
  5%|▍         | 605/12852 [06:31<2:15:11,  1.51it/s]
  5%|▍         | 606/12852 [06:31<2:11:40,  1.55it/s]
  5%|▍         | 607/12852 [06:32<2:04:34,  1.64it/s]
  5%|▍         | 608/12852 [06:32<1:50:11,  1.85it/s]
  5%|▍         | 609/12852 [06:32<1:38:18,  2.08it/s]
  5%|▍         | 610/12852 [06:33<1:25:09,  2.40it/s]
  5%|▍         | 611/12852 [06:33<1:13:39,  2.77it/s]
  5%|▍         | 612/12852 [06:33<1:06:16,  3.08it/s]
  5%|▍         | 613/12852 [06:33<1:04:01,  3.19it/s]
  5%|▍         | 614/12852 [06:34<1:10:58,  2.87it/s]
  5%|▍         | 615/12852 [06:34<1:11:55,  2.84it/s]
  5%|▍         | 616/12852 [06:35<1:24:35,  2.41it/s]
  5%|▍         | 617/12852 [06:35<1:23:40,  2.44it/s]
  5%|▍         | 618/12852 [06:36<1:37:25,  2.09it/s]
  5%|▍         | 619/12852 [06:37<1:57:29,  1.74it/s]
  5%|▍         | 620/12852 [06:37<2:06:52,  1.61it/s]
  5%|▍         | 621/12852 [06:38<2:24:21,  1.41it/s]
  5%|▍         | 622/12852 [06:39<2:36:34,  1.30it/s]
  5%|▍         | 623/12852 [06:40<2:56:15,  1.16it/s]
  5%|▍         | 624/12852 [06:41<3:02:48,  1.11it/s]
  5%|▍         | 625/12852 [06:42<2:55:34,  1.16it/s]
  5%|▍         | 626/12852 [06:43<2:48:36,  1.21it/s]
  5%|▍         | 627/12852 [06:43<2:37:55,  1.29it/s]
  5%|▍         | 628/12852 [06:44<2:34:41,  1.32it/s]
  5%|▍         | 629/12852 [06:45<2:27:42,  1.38it/s]
  5%|▍         | 630/12852 [06:45<2:21:42,  1.44it/s]
  5%|▍         | 631/12852 [06:46<2:24:40,  1.41it/s]
  5%|▍         | 632/12852 [06:47<2:05:48,  1.62it/s]
  5%|▍         | 633/12852 [06:47<2:10:22,  1.56it/s]
  5%|▍         | 634/12852 [06:48<2:30:01,  1.36it/s]
  5%|▍         | 635/12852 [06:49<2:51:24,  1.19it/s]
  5%|▍         | 636/12852 [06:50<2:54:26,  1.17it/s]
  5%|▍         | 637/12852 [06:51<2:50:22,  1.19it/s]
  5%|▍         | 638/12852 [06:52<2:42:15,  1.25it/s]
  5%|▍         | 639/12852 [06:52<2:27:20,  1.38it/s]
  5%|▍         | 640/12852 [06:53<2:13:32,  1.52it/s]
  5%|▍         | 641/12852 [06:53<2:04:08,  1.64it/s]
  5%|▍         | 642/12852 [06:54<1:54:33,  1.78it/s]
  5%|▌         | 643/12852 [06:54<1:41:01,  2.01it/s]
  5%|▌         | 644/12852 [06:54<1:38:05,  2.07it/s]
  5%|▌         | 645/12852 [06:55<1:34:11,  2.16it/s]
  5%|▌         | 646/12852 [06:55<1:23:21,  2.44it/s]
  5%|▌         | 647/12852 [06:56<1:38:39,  2.06it/s]
  5%|▌         | 648/12852 [06:56<1:43:43,  1.96it/s]
  5%|▌         | 649/12852 [06:57<1:51:14,  1.83it/s]
  5%|▌         | 650/12852 [06:58<2:04:42,  1.63it/s]
                                                     
{'loss': 0.0326, 'grad_norm': 5.286427974700928, 'learning_rate': 1.898848428260193e-05, 'epoch': 0.15}

  5%|▌         | 650/12852 [06:58<2:04:42,  1.63it/s]
  5%|▌         | 651/12852 [06:59<2:15:38,  1.50it/s]
  5%|▌         | 652/12852 [07:00<2:36:10,  1.30it/s]
  5%|▌         | 653/12852 [07:00<2:37:00,  1.29it/s]
  5%|▌         | 654/12852 [07:01<2:33:08,  1.33it/s]
  5%|▌         | 655/12852 [07:02<2:29:01,  1.36it/s]
  5%|▌         | 656/12852 [07:02<2:25:46,  1.39it/s]
  5%|▌         | 657/12852 [07:03<2:34:39,  1.31it/s]
  5%|▌         | 658/12852 [07:04<2:38:26,  1.28it/s]
  5%|▌         | 659/12852 [07:05<2:41:47,  1.26it/s]
  5%|▌         | 660/12852 [07:06<2:45:18,  1.23it/s]
  5%|▌         | 661/12852 [07:07<2:46:39,  1.22it/s]
  5%|▌         | 662/12852 [07:07<2:44:27,  1.24it/s]
  5%|▌         | 663/12852 [07:08<2:35:18,  1.31it/s]
  5%|▌         | 664/12852 [07:09<2:27:43,  1.38it/s]
  5%|▌         | 665/12852 [07:09<2:23:54,  1.41it/s]
  5%|▌         | 666/12852 [07:10<2:25:56,  1.39it/s]
  5%|▌         | 667/12852 [07:11<2:11:42,  1.54it/s]
  5%|▌         | 668/12852 [07:11<2:10:03,  1.56it/s]
  5%|▌         | 669/12852 [07:12<2:10:10,  1.56it/s]
  5%|▌         | 670/12852 [07:13<2:17:13,  1.48it/s]
  5%|▌         | 671/12852 [07:14<2:33:26,  1.32it/s]
  5%|▌         | 672/12852 [07:14<2:28:57,  1.36it/s]
  5%|▌         | 673/12852 [07:15<2:25:55,  1.39it/s]
  5%|▌         | 674/12852 [07:16<2:13:56,  1.52it/s]
  5%|▌         | 675/12852 [07:16<2:08:15,  1.58it/s]
  5%|▌         | 676/12852 [07:17<1:57:10,  1.73it/s]
  5%|▌         | 677/12852 [07:17<1:46:52,  1.90it/s]
  5%|▌         | 678/12852 [07:17<1:42:24,  1.98it/s]
  5%|▌         | 679/12852 [07:18<1:35:52,  2.12it/s]
  5%|▌         | 680/12852 [07:18<1:19:45,  2.54it/s]
  5%|▌         | 681/12852 [07:18<1:21:48,  2.48it/s]
  5%|▌         | 682/12852 [07:19<1:20:42,  2.51it/s]
  5%|▌         | 683/12852 [07:19<1:11:03,  2.85it/s]
  5%|▌         | 684/12852 [07:19<1:11:22,  2.84it/s]
  5%|▌         | 685/12852 [07:20<1:09:13,  2.93it/s]
  5%|▌         | 686/12852 [07:20<1:06:20,  3.06it/s]
  5%|▌         | 687/12852 [07:20<1:07:07,  3.02it/s]
  5%|▌         | 688/12852 [07:21<1:01:43,  3.28it/s]
  5%|▌         | 689/12852 [07:21<54:20,  3.73it/s]  
  5%|▌         | 690/12852 [07:21<50:06,  4.04it/s]
  5%|▌         | 691/12852 [07:21<54:34,  3.71it/s]
  5%|▌         | 692/12852 [07:22<1:00:56,  3.33it/s]
  5%|▌         | 693/12852 [07:22<54:35,  3.71it/s]  
  5%|▌         | 694/12852 [07:22<53:09,  3.81it/s]
  5%|▌         | 695/12852 [07:22<47:02,  4.31it/s]
  5%|▌         | 696/12852 [07:22<45:39,  4.44it/s]
  5%|▌         | 697/12852 [07:23<46:27,  4.36it/s]
  5%|▌         | 698/12852 [07:23<39:42,  5.10it/s]
  5%|▌         | 699/12852 [07:23<43:25,  4.66it/s]
  5%|▌         | 700/12852 [07:23<41:42,  4.86it/s]
                                                   
{'loss': 0.0802, 'grad_norm': 7.6611528396606445, 'learning_rate': 1.8910675381263617e-05, 'epoch': 0.16}

  5%|▌         | 700/12852 [07:23<41:42,  4.86it/s]
  5%|▌         | 701/12852 [07:23<41:30,  4.88it/s]
  5%|▌         | 702/12852 [07:24<39:02,  5.19it/s]
  5%|▌         | 703/12852 [07:24<35:09,  5.76it/s]
  5%|▌         | 704/12852 [07:24<35:27,  5.71it/s]
  5%|▌         | 705/12852 [07:24<45:16,  4.47it/s]
  5%|▌         | 706/12852 [07:25<53:36,  3.78it/s]
  6%|▌         | 707/12852 [07:25<1:13:37,  2.75it/s]
  6%|▌         | 708/12852 [07:26<1:22:06,  2.47it/s]
  6%|▌         | 709/12852 [07:26<1:21:48,  2.47it/s]
  6%|▌         | 710/12852 [07:27<1:18:05,  2.59it/s]
  6%|▌         | 711/12852 [07:27<1:13:19,  2.76it/s]
  6%|▌         | 712/12852 [07:27<1:02:21,  3.24it/s]
  6%|▌         | 713/12852 [07:27<1:02:18,  3.25it/s]
  6%|▌         | 714/12852 [07:27<55:25,  3.65it/s]  
  6%|▌         | 715/12852 [07:28<52:23,  3.86it/s]
  6%|▌         | 716/12852 [07:28<49:10,  4.11it/s]
  6%|▌         | 717/12852 [07:28<48:15,  4.19it/s]
  6%|▌         | 718/12852 [07:28<44:58,  4.50it/s]
  6%|▌         | 719/12852 [07:29<47:53,  4.22it/s]
  6%|▌         | 720/12852 [07:29<44:39,  4.53it/s]
  6%|▌         | 721/12852 [07:29<43:28,  4.65it/s]
  6%|▌         | 722/12852 [07:29<43:41,  4.63it/s]
  6%|▌         | 723/12852 [07:29<43:01,  4.70it/s]
  6%|▌         | 724/12852 [07:30<44:49,  4.51it/s]
  6%|▌         | 725/12852 [07:30<43:32,  4.64it/s]
  6%|▌         | 726/12852 [07:30<54:04,  3.74it/s]
  6%|▌         | 727/12852 [07:31<1:12:37,  2.78it/s]
  6%|▌         | 728/12852 [07:31<1:26:22,  2.34it/s]
  6%|▌         | 729/12852 [07:32<1:48:53,  1.86it/s]
  6%|▌         | 730/12852 [07:33<1:48:53,  1.86it/s]
  6%|▌         | 731/12852 [07:33<1:49:35,  1.84it/s]
  6%|▌         | 732/12852 [07:34<1:45:26,  1.92it/s]
  6%|▌         | 733/12852 [07:34<1:37:09,  2.08it/s]
  6%|▌         | 734/12852 [07:34<1:16:30,  2.64it/s]
  6%|▌         | 735/12852 [07:35<1:08:39,  2.94it/s]
  6%|▌         | 736/12852 [07:35<59:21,  3.40it/s]  
  6%|▌         | 737/12852 [07:35<51:29,  3.92it/s]
  6%|▌         | 738/12852 [07:35<55:37,  3.63it/s]
  6%|▌         | 739/12852 [07:36<1:03:54,  3.16it/s]
  6%|▌         | 740/12852 [07:36<1:08:10,  2.96it/s]
  6%|▌         | 741/12852 [07:36<1:07:00,  3.01it/s]
  6%|▌         | 742/12852 [07:37<1:12:50,  2.77it/s]
  6%|▌         | 743/12852 [07:37<1:18:30,  2.57it/s]
  6%|▌         | 744/12852 [07:38<1:20:44,  2.50it/s]
  6%|▌         | 745/12852 [07:38<1:29:49,  2.25it/s]
  6%|▌         | 746/12852 [07:39<1:42:39,  1.97it/s]
  6%|▌         | 747/12852 [07:40<1:53:09,  1.78it/s]
  6%|▌         | 748/12852 [07:40<1:48:18,  1.86it/s]
  6%|▌         | 749/12852 [07:41<1:54:51,  1.76it/s]
  6%|▌         | 750/12852 [07:41<2:02:58,  1.64it/s]
                                                     
{'loss': 0.0466, 'grad_norm': 0.8837714195251465, 'learning_rate': 1.8832866479925304e-05, 'epoch': 0.18}

  6%|▌         | 750/12852 [07:41<2:02:58,  1.64it/s]
  6%|▌         | 751/12852 [07:42<2:13:36,  1.51it/s]
  6%|▌         | 752/12852 [07:43<2:18:09,  1.46it/s]
  6%|▌         | 753/12852 [07:43<2:11:56,  1.53it/s]
  6%|▌         | 754/12852 [07:44<2:09:44,  1.55it/s]
  6%|▌         | 755/12852 [07:45<2:23:53,  1.40it/s]
  6%|▌         | 756/12852 [07:46<2:28:02,  1.36it/s]
  6%|▌         | 757/12852 [07:46<2:26:45,  1.37it/s]
  6%|▌         | 758/12852 [07:47<2:28:12,  1.36it/s]
  6%|▌         | 759/12852 [07:48<2:32:01,  1.33it/s]
  6%|▌         | 760/12852 [07:49<2:35:19,  1.30it/s]
  6%|▌         | 761/12852 [07:50<2:38:25,  1.27it/s]
  6%|▌         | 762/12852 [07:50<2:28:17,  1.36it/s]
  6%|▌         | 763/12852 [07:51<2:20:33,  1.43it/s]
  6%|▌         | 764/12852 [07:52<2:18:35,  1.45it/s]
  6%|▌         | 765/12852 [07:52<2:34:20,  1.31it/s]
  6%|▌         | 766/12852 [07:53<2:35:11,  1.30it/s]
  6%|▌         | 767/12852 [07:54<2:50:36,  1.18it/s]
  6%|▌         | 768/12852 [07:55<2:55:30,  1.15it/s]
  6%|▌         | 769/12852 [07:56<2:56:32,  1.14it/s]
  6%|▌         | 770/12852 [07:57<2:50:23,  1.18it/s]
  6%|▌         | 771/12852 [07:58<2:38:53,  1.27it/s]
  6%|▌         | 772/12852 [07:58<2:26:23,  1.38it/s]
  6%|▌         | 773/12852 [07:58<2:03:52,  1.63it/s]
  6%|▌         | 774/12852 [07:59<1:49:41,  1.84it/s]
  6%|▌         | 775/12852 [07:59<1:45:39,  1.90it/s]
  6%|▌         | 776/12852 [08:00<1:52:14,  1.79it/s]
  6%|▌         | 777/12852 [08:00<1:48:27,  1.86it/s]
  6%|▌         | 778/12852 [08:01<1:38:09,  2.05it/s]
  6%|▌         | 779/12852 [08:02<1:50:59,  1.81it/s]
  6%|▌         | 780/12852 [08:02<2:05:27,  1.60it/s]
  6%|▌         | 781/12852 [08:03<2:08:30,  1.57it/s]
  6%|▌         | 782/12852 [08:04<2:13:59,  1.50it/s]
  6%|▌         | 783/12852 [08:04<2:11:54,  1.52it/s]
  6%|▌         | 784/12852 [08:05<2:14:51,  1.49it/s]
  6%|▌         | 785/12852 [08:06<2:17:34,  1.46it/s]
  6%|▌         | 786/12852 [08:07<2:26:02,  1.38it/s]
  6%|▌         | 787/12852 [08:07<2:23:49,  1.40it/s]
  6%|▌         | 788/12852 [08:08<2:45:19,  1.22it/s]
  6%|▌         | 789/12852 [08:09<2:50:35,  1.18it/s]
  6%|▌         | 790/12852 [08:11<3:18:00,  1.02it/s]
  6%|▌         | 791/12852 [08:12<3:19:04,  1.01it/s]
  6%|▌         | 792/12852 [08:12<3:05:04,  1.09it/s]
  6%|▌         | 793/12852 [08:13<3:00:47,  1.11it/s]
  6%|▌         | 794/12852 [08:14<2:53:24,  1.16it/s]
  6%|▌         | 795/12852 [08:15<2:48:10,  1.19it/s]
  6%|▌         | 796/12852 [08:15<2:32:39,  1.32it/s]
  6%|▌         | 797/12852 [08:16<2:25:59,  1.38it/s]
  6%|▌         | 798/12852 [08:17<2:27:47,  1.36it/s]
  6%|▌         | 799/12852 [08:17<2:28:48,  1.35it/s]
  6%|▌         | 800/12852 [08:18<2:27:20,  1.36it/s]
                                                     
{'loss': 0.0533, 'grad_norm': 0.03373901918530464, 'learning_rate': 1.875505757858699e-05, 'epoch': 0.19}

  6%|▌         | 800/12852 [08:18<2:27:20,  1.36it/s]
  6%|▌         | 801/12852 [08:19<2:44:07,  1.22it/s]
  6%|▌         | 802/12852 [08:20<3:08:36,  1.06it/s]
  6%|▌         | 803/12852 [08:21<3:03:58,  1.09it/s]
  6%|▋         | 804/12852 [08:22<2:49:00,  1.19it/s]
  6%|▋         | 805/12852 [08:23<2:49:02,  1.19it/s]
  6%|▋         | 806/12852 [08:24<2:42:13,  1.24it/s]
  6%|▋         | 807/12852 [08:24<2:38:41,  1.27it/s]
  6%|▋         | 808/12852 [08:25<2:35:31,  1.29it/s]
  6%|▋         | 809/12852 [08:26<2:36:29,  1.28it/s]
  6%|▋         | 810/12852 [08:27<2:30:41,  1.33it/s]
  6%|▋         | 811/12852 [08:27<2:26:46,  1.37it/s]
  6%|▋         | 812/12852 [08:28<2:21:24,  1.42it/s]
  6%|▋         | 813/12852 [08:29<2:19:03,  1.44it/s]
  6%|▋         | 814/12852 [08:29<2:20:54,  1.42it/s]
  6%|▋         | 815/12852 [08:30<2:15:52,  1.48it/s]
  6%|▋         | 816/12852 [08:31<2:24:16,  1.39it/s]
  6%|▋         | 817/12852 [08:31<2:13:57,  1.50it/s]
  6%|▋         | 818/12852 [08:32<2:04:37,  1.61it/s]
  6%|▋         | 819/12852 [08:32<2:04:39,  1.61it/s]
  6%|▋         | 820/12852 [08:33<1:54:30,  1.75it/s]
  6%|▋         | 821/12852 [08:33<1:50:58,  1.81it/s]
  6%|▋         | 822/12852 [08:34<1:39:39,  2.01it/s]
  6%|▋         | 823/12852 [08:34<1:44:59,  1.91it/s]
  6%|▋         | 824/12852 [08:35<1:50:04,  1.82it/s]
  6%|▋         | 825/12852 [08:35<1:49:01,  1.84it/s]
  6%|▋         | 826/12852 [08:36<1:48:43,  1.84it/s]
  6%|▋         | 827/12852 [08:36<1:38:37,  2.03it/s]
  6%|▋         | 828/12852 [08:37<1:32:07,  2.18it/s]
  6%|▋         | 829/12852 [08:37<1:14:53,  2.68it/s]
  6%|▋         | 830/12852 [08:37<1:07:49,  2.95it/s]
  6%|▋         | 831/12852 [08:37<1:05:58,  3.04it/s]
  6%|▋         | 832/12852 [08:38<1:12:22,  2.77it/s]
  6%|▋         | 833/12852 [08:38<1:15:20,  2.66it/s]
  6%|▋         | 834/12852 [08:39<1:18:01,  2.57it/s]
  6%|▋         | 835/12852 [08:39<1:15:15,  2.66it/s]
  7%|▋         | 836/12852 [08:39<1:14:51,  2.68it/s]
  7%|▋         | 837/12852 [08:40<1:18:48,  2.54it/s]
  7%|▋         | 838/12852 [08:40<1:17:49,  2.57it/s]
  7%|▋         | 839/12852 [08:41<1:21:33,  2.45it/s]
  7%|▋         | 840/12852 [08:41<1:18:20,  2.56it/s]
  7%|▋         | 841/12852 [08:41<1:17:14,  2.59it/s]
  7%|▋         | 842/12852 [08:42<1:18:04,  2.56it/s]
  7%|▋         | 843/12852 [08:42<1:17:41,  2.58it/s]
  7%|▋         | 844/12852 [08:42<1:10:58,  2.82it/s]
  7%|▋         | 845/12852 [08:43<1:09:23,  2.88it/s]
  7%|▋         | 846/12852 [08:43<55:15,  3.62it/s]  
  7%|▋         | 847/12852 [08:43<48:52,  4.09it/s]
  7%|▋         | 848/12852 [08:43<54:19,  3.68it/s]
  7%|▋         | 849/12852 [08:44<55:56,  3.58it/s]
  7%|▋         | 850/12852 [08:44<57:38,  3.47it/s]
                                                   
{'loss': 0.0308, 'grad_norm': 0.11149690300226212, 'learning_rate': 1.867724867724868e-05, 'epoch': 0.2}

  7%|▋         | 850/12852 [08:44<57:38,  3.47it/s]
  7%|▋         | 851/12852 [08:44<1:02:35,  3.20it/s]
  7%|▋         | 852/12852 [08:45<1:00:40,  3.30it/s]
  7%|▋         | 853/12852 [08:45<1:04:03,  3.12it/s]
  7%|▋         | 854/12852 [08:45<1:02:00,  3.23it/s]
  7%|▋         | 855/12852 [08:46<1:03:20,  3.16it/s]
  7%|▋         | 856/12852 [08:46<1:13:22,  2.72it/s]
  7%|▋         | 857/12852 [08:47<1:30:35,  2.21it/s]
  7%|▋         | 858/12852 [08:47<1:45:28,  1.90it/s]
  7%|▋         | 859/12852 [08:48<1:51:12,  1.80it/s]
  7%|▋         | 860/12852 [08:49<1:55:50,  1.73it/s]
  7%|▋         | 861/12852 [08:49<2:00:37,  1.66it/s]
  7%|▋         | 862/12852 [08:50<2:07:46,  1.56it/s]
  7%|▋         | 863/12852 [08:51<2:13:28,  1.50it/s]
  7%|▋         | 864/12852 [08:51<2:09:34,  1.54it/s]
  7%|▋         | 865/12852 [08:52<2:05:16,  1.59it/s]
  7%|▋         | 866/12852 [08:53<2:07:06,  1.57it/s]
  7%|▋         | 867/12852 [08:53<2:02:44,  1.63it/s]
  7%|▋         | 868/12852 [08:54<1:46:57,  1.87it/s]
  7%|▋         | 869/12852 [08:54<1:33:52,  2.13it/s]
  7%|▋         | 870/12852 [08:54<1:24:33,  2.36it/s]
  7%|▋         | 871/12852 [08:55<1:24:19,  2.37it/s]
  7%|▋         | 872/12852 [08:55<1:22:03,  2.43it/s]
  7%|▋         | 873/12852 [08:55<1:20:22,  2.48it/s]
  7%|▋         | 874/12852 [08:56<1:23:53,  2.38it/s]
  7%|▋         | 875/12852 [08:56<1:32:24,  2.16it/s]
  7%|▋         | 876/12852 [08:57<1:36:03,  2.08it/s]
  7%|▋         | 877/12852 [08:57<1:37:29,  2.05it/s]
  7%|▋         | 878/12852 [08:58<1:44:27,  1.91it/s]
  7%|▋         | 879/12852 [08:59<1:46:48,  1.87it/s]
  7%|▋         | 880/12852 [08:59<1:47:24,  1.86it/s]
  7%|▋         | 881/12852 [09:00<1:46:39,  1.87it/s]
  7%|▋         | 882/12852 [09:00<1:51:26,  1.79it/s]
  7%|▋         | 883/12852 [09:01<2:05:38,  1.59it/s]
  7%|▋         | 884/12852 [09:02<2:07:36,  1.56it/s]
  7%|▋         | 885/12852 [09:02<2:07:36,  1.56it/s]
  7%|▋         | 886/12852 [09:03<1:59:38,  1.67it/s]
  7%|▋         | 887/12852 [09:03<1:53:30,  1.76it/s]
  7%|▋         | 888/12852 [09:04<1:56:55,  1.71it/s]
  7%|▋         | 889/12852 [09:05<1:53:45,  1.75it/s]
  7%|▋         | 890/12852 [09:05<1:46:21,  1.87it/s]
  7%|▋         | 891/12852 [09:05<1:36:17,  2.07it/s]
  7%|▋         | 892/12852 [09:06<1:31:49,  2.17it/s]
  7%|▋         | 893/12852 [09:06<1:38:05,  2.03it/s]
  7%|▋         | 894/12852 [09:07<1:47:02,  1.86it/s]
  7%|▋         | 895/12852 [09:08<1:50:37,  1.80it/s]
  7%|▋         | 896/12852 [09:08<1:52:45,  1.77it/s]
  7%|▋         | 897/12852 [09:09<2:10:23,  1.53it/s]
  7%|▋         | 898/12852 [09:10<2:16:12,  1.46it/s]
  7%|▋         | 899/12852 [09:11<2:22:34,  1.40it/s]
  7%|▋         | 900/12852 [09:11<2:16:33,  1.46it/s]
                                                     
{'loss': 0.0247, 'grad_norm': 0.056118618696928024, 'learning_rate': 1.8599439775910366e-05, 'epoch': 0.21}

  7%|▋         | 900/12852 [09:11<2:16:33,  1.46it/s]
  7%|▋         | 901/12852 [09:12<2:05:57,  1.58it/s]
  7%|▋         | 902/12852 [09:13<2:22:17,  1.40it/s]
  7%|▋         | 903/12852 [09:13<2:15:09,  1.47it/s]
  7%|▋         | 904/12852 [09:14<2:03:42,  1.61it/s]
  7%|▋         | 905/12852 [09:14<1:57:51,  1.69it/s]
  7%|▋         | 906/12852 [09:15<2:05:31,  1.59it/s]
  7%|▋         | 907/12852 [09:15<1:56:41,  1.71it/s]
  7%|▋         | 908/12852 [09:16<1:54:10,  1.74it/s]
  7%|▋         | 909/12852 [09:17<1:59:14,  1.67it/s]
  7%|▋         | 910/12852 [09:18<2:24:47,  1.37it/s]
  7%|▋         | 911/12852 [09:18<2:17:56,  1.44it/s]
  7%|▋         | 912/12852 [09:19<2:24:27,  1.38it/s]
  7%|▋         | 913/12852 [09:20<2:18:47,  1.43it/s]
  7%|▋         | 914/12852 [09:20<2:07:27,  1.56it/s]
  7%|▋         | 915/12852 [09:21<2:00:10,  1.66it/s]
  7%|▋         | 916/12852 [09:21<1:49:03,  1.82it/s]
  7%|▋         | 917/12852 [09:22<1:44:35,  1.90it/s]
  7%|▋         | 918/12852 [09:22<1:30:02,  2.21it/s]
  7%|▋         | 919/12852 [09:22<1:26:28,  2.30it/s]
  7%|▋         | 920/12852 [09:23<1:19:35,  2.50it/s]
  7%|▋         | 921/12852 [09:23<1:10:29,  2.82it/s]
  7%|▋         | 922/12852 [09:23<1:00:14,  3.30it/s]
  7%|▋         | 923/12852 [09:23<56:14,  3.53it/s]  
  7%|▋         | 924/12852 [09:24<1:00:29,  3.29it/s]
  7%|▋         | 925/12852 [09:24<52:17,  3.80it/s]  
  7%|▋         | 926/12852 [09:24<46:40,  4.26it/s]
  7%|▋         | 927/12852 [09:24<57:35,  3.45it/s]
  7%|▋         | 928/12852 [09:25<1:06:18,  3.00it/s]
  7%|▋         | 929/12852 [09:25<56:19,  3.53it/s]  
  7%|▋         | 930/12852 [09:25<53:28,  3.72it/s]
  7%|▋         | 931/12852 [09:26<51:40,  3.84it/s]
  7%|▋         | 932/12852 [09:26<47:33,  4.18it/s]
  7%|▋         | 933/12852 [09:26<44:32,  4.46it/s]
  7%|▋         | 934/12852 [09:26<47:53,  4.15it/s]
  7%|▋         | 935/12852 [09:27<1:15:24,  2.63it/s]
  7%|▋         | 936/12852 [09:27<1:11:57,  2.76it/s]
  7%|▋         | 937/12852 [09:28<1:11:18,  2.78it/s]
  7%|▋         | 938/12852 [09:28<1:04:22,  3.08it/s]
  7%|▋         | 939/12852 [09:28<55:16,  3.59it/s]  
  7%|▋         | 940/12852 [09:28<58:41,  3.38it/s]
  7%|▋         | 941/12852 [09:29<53:17,  3.73it/s]
  7%|▋         | 942/12852 [09:29<50:12,  3.95it/s]
  7%|▋         | 943/12852 [09:29<43:34,  4.55it/s]
  7%|▋         | 944/12852 [09:29<38:53,  5.10it/s]
  7%|▋         | 945/12852 [09:29<37:00,  5.36it/s]
  7%|▋         | 946/12852 [09:29<38:08,  5.20it/s]
  7%|▋         | 947/12852 [09:30<38:39,  5.13it/s]
  7%|▋         | 948/12852 [09:30<38:12,  5.19it/s]
  7%|▋         | 949/12852 [09:30<33:11,  5.98it/s]
  7%|▋         | 950/12852 [09:30<38:30,  5.15it/s]
                                                   
{'loss': 0.0691, 'grad_norm': 2.0289878845214844, 'learning_rate': 1.8521630874572053e-05, 'epoch': 0.22}

  7%|▋         | 950/12852 [09:30<38:30,  5.15it/s]
  7%|▋         | 951/12852 [09:30<46:03,  4.31it/s]
  7%|▋         | 952/12852 [09:31<56:10,  3.53it/s]
  7%|▋         | 953/12852 [09:31<49:53,  3.98it/s]
  7%|▋         | 954/12852 [09:31<59:53,  3.31it/s]
  7%|▋         | 955/12852 [09:32<1:10:26,  2.81it/s]
  7%|▋         | 956/12852 [09:32<1:16:00,  2.61it/s]
  7%|▋         | 957/12852 [09:33<1:26:28,  2.29it/s]
  7%|▋         | 958/12852 [09:33<1:21:08,  2.44it/s]
  7%|▋         | 959/12852 [09:34<1:19:06,  2.51it/s]
  7%|▋         | 960/12852 [09:34<1:18:57,  2.51it/s]
  7%|▋         | 961/12852 [09:35<1:34:19,  2.10it/s]
  7%|▋         | 962/12852 [09:35<1:33:05,  2.13it/s]
  7%|▋         | 963/12852 [09:36<1:37:59,  2.02it/s]
  8%|▊         | 964/12852 [09:36<1:42:59,  1.92it/s]
  8%|▊         | 965/12852 [09:37<1:41:54,  1.94it/s]
  8%|▊         | 966/12852 [09:37<1:42:01,  1.94it/s]
  8%|▊         | 967/12852 [09:38<1:42:44,  1.93it/s]
  8%|▊         | 968/12852 [09:38<1:39:28,  1.99it/s]
  8%|▊         | 969/12852 [09:39<1:34:03,  2.11it/s]
  8%|▊         | 970/12852 [09:39<1:21:22,  2.43it/s]
  8%|▊         | 971/12852 [09:39<1:16:41,  2.58it/s]
  8%|▊         | 972/12852 [09:40<1:25:17,  2.32it/s]
  8%|▊         | 973/12852 [09:40<1:32:27,  2.14it/s]
  8%|▊         | 974/12852 [09:41<1:37:04,  2.04it/s]
  8%|▊         | 975/12852 [09:41<1:27:30,  2.26it/s]
  8%|▊         | 976/12852 [09:42<1:26:25,  2.29it/s]
  8%|▊         | 977/12852 [09:42<1:27:48,  2.25it/s]
  8%|▊         | 978/12852 [09:43<1:33:07,  2.13it/s]
  8%|▊         | 979/12852 [09:43<1:25:05,  2.33it/s]
  8%|▊         | 980/12852 [09:43<1:12:57,  2.71it/s]
  8%|▊         | 981/12852 [09:44<1:10:22,  2.81it/s]
  8%|▊         | 982/12852 [09:44<1:08:03,  2.91it/s]
  8%|▊         | 983/12852 [09:44<1:10:13,  2.82it/s]
  8%|▊         | 984/12852 [09:45<1:18:00,  2.54it/s]
  8%|▊         | 985/12852 [09:45<1:20:59,  2.44it/s]
  8%|▊         | 986/12852 [09:46<1:19:35,  2.48it/s]
  8%|▊         | 987/12852 [09:46<1:15:42,  2.61it/s]
  8%|▊         | 988/12852 [09:46<1:15:05,  2.63it/s]
  8%|▊         | 989/12852 [09:47<1:40:49,  1.96it/s]
  8%|▊         | 990/12852 [09:48<1:37:52,  2.02it/s]
  8%|▊         | 991/12852 [09:48<1:43:00,  1.92it/s]
  8%|▊         | 992/12852 [09:49<1:45:24,  1.88it/s]
  8%|▊         | 993/12852 [09:49<1:51:23,  1.77it/s]
  8%|▊         | 994/12852 [09:50<1:46:24,  1.86it/s]
  8%|▊         | 995/12852 [09:50<1:52:44,  1.75it/s]
  8%|▊         | 996/12852 [09:51<2:11:24,  1.50it/s]
  8%|▊         | 997/12852 [09:52<2:10:18,  1.52it/s]
  8%|▊         | 998/12852 [09:53<2:08:08,  1.54it/s]
  8%|▊         | 999/12852 [09:54<2:29:56,  1.32it/s]
  8%|▊         | 1000/12852 [09:55<2:38:07,  1.25it/s]
                                                      
{'loss': 0.0651, 'grad_norm': 9.369383811950684, 'learning_rate': 1.844382197323374e-05, 'epoch': 0.23}

  8%|▊         | 1000/12852 [09:55<2:38:07,  1.25it/s]
  8%|▊         | 1001/12852 [09:56<2:49:30,  1.17it/s]
  8%|▊         | 1002/12852 [09:57<2:56:08,  1.12it/s]
  8%|▊         | 1003/12852 [09:57<2:51:34,  1.15it/s]
  8%|▊         | 1004/12852 [09:58<2:53:06,  1.14it/s]
  8%|▊         | 1005/12852 [09:59<2:48:18,  1.17it/s]
  8%|▊         | 1006/12852 [10:00<2:40:59,  1.23it/s]
  8%|▊         | 1007/12852 [10:00<2:36:18,  1.26it/s]
  8%|▊         | 1008/12852 [10:01<2:29:50,  1.32it/s]
  8%|▊         | 1009/12852 [10:02<2:13:05,  1.48it/s]
  8%|▊         | 1010/12852 [10:02<2:12:19,  1.49it/s]
  8%|▊         | 1011/12852 [10:03<2:03:13,  1.60it/s]
  8%|▊         | 1012/12852 [10:03<1:54:22,  1.73it/s]
  8%|▊         | 1013/12852 [10:04<1:41:27,  1.94it/s]
  8%|▊         | 1014/12852 [10:04<1:41:27,  1.94it/s]
  8%|▊         | 1015/12852 [10:05<1:35:17,  2.07it/s]
  8%|▊         | 1016/12852 [10:05<1:43:44,  1.90it/s]
  8%|▊         | 1017/12852 [10:06<1:39:47,  1.98it/s]
  8%|▊         | 1018/12852 [10:06<1:35:54,  2.06it/s]
  8%|▊         | 1019/12852 [10:06<1:25:15,  2.31it/s]
  8%|▊         | 1020/12852 [10:07<1:40:39,  1.96it/s]
  8%|▊         | 1021/12852 [10:08<1:35:35,  2.06it/s]
  8%|▊         | 1022/12852 [10:08<1:45:18,  1.87it/s]
  8%|▊         | 1023/12852 [10:09<2:20:01,  1.41it/s]
  8%|▊         | 1024/12852 [10:10<2:39:40,  1.23it/s]
  8%|▊         | 1025/12852 [10:11<2:53:18,  1.14it/s]
  8%|▊         | 1026/12852 [10:12<2:52:45,  1.14it/s]
  8%|▊         | 1027/12852 [10:13<2:35:18,  1.27it/s]
  8%|▊         | 1028/12852 [10:13<2:26:47,  1.34it/s]
  8%|▊         | 1029/12852 [10:14<2:22:51,  1.38it/s]
  8%|▊         | 1030/12852 [10:15<2:24:30,  1.36it/s]
  8%|▊         | 1031/12852 [10:15<2:11:47,  1.49it/s]
  8%|▊         | 1032/12852 [10:16<2:09:50,  1.52it/s]
  8%|▊         | 1033/12852 [10:17<2:22:15,  1.38it/s]
  8%|▊         | 1034/12852 [10:17<2:11:34,  1.50it/s]
  8%|▊         | 1035/12852 [10:18<2:13:12,  1.48it/s]
  8%|▊         | 1036/12852 [10:19<2:08:34,  1.53it/s]
  8%|▊         | 1037/12852 [10:19<2:09:25,  1.52it/s]
  8%|▊         | 1038/12852 [10:20<2:05:59,  1.56it/s]
  8%|▊         | 1039/12852 [10:20<1:51:28,  1.77it/s]
  8%|▊         | 1040/12852 [10:21<1:51:46,  1.76it/s]
  8%|▊         | 1041/12852 [10:21<1:45:03,  1.87it/s]
  8%|▊         | 1042/12852 [10:22<1:37:30,  2.02it/s]
  8%|▊         | 1043/12852 [10:22<1:16:34,  2.57it/s]
  8%|▊         | 1044/12852 [10:22<1:08:04,  2.89it/s]
  8%|▊         | 1045/12852 [10:23<1:10:12,  2.80it/s]
  8%|▊         | 1046/12852 [10:23<1:04:58,  3.03it/s]
  8%|▊         | 1047/12852 [10:23<52:47,  3.73it/s]  
  8%|▊         | 1048/12852 [10:23<53:00,  3.71it/s]
  8%|▊         | 1049/12852 [10:24<49:31,  3.97it/s]
  8%|▊         | 1050/12852 [10:24<47:23,  4.15it/s]
                                                    
{'loss': 0.086, 'grad_norm': 18.1202335357666, 'learning_rate': 1.8366013071895427e-05, 'epoch': 0.25}

  8%|▊         | 1050/12852 [10:24<47:23,  4.15it/s]
  8%|▊         | 1051/12852 [10:24<41:06,  4.78it/s]
  8%|▊         | 1052/12852 [10:24<36:15,  5.42it/s]
  8%|▊         | 1053/12852 [10:24<41:29,  4.74it/s]
  8%|▊         | 1054/12852 [10:25<51:44,  3.80it/s]
  8%|▊         | 1055/12852 [10:25<51:15,  3.84it/s]
  8%|▊         | 1056/12852 [10:25<43:55,  4.48it/s]
  8%|▊         | 1057/12852 [10:25<49:27,  3.98it/s]
  8%|▊         | 1058/12852 [10:26<52:20,  3.76it/s]
  8%|▊         | 1059/12852 [10:26<50:11,  3.92it/s]
  8%|▊         | 1060/12852 [10:26<43:00,  4.57it/s]
  8%|▊         | 1061/12852 [10:26<51:38,  3.81it/s]
  8%|▊         | 1062/12852 [10:27<54:28,  3.61it/s]
  8%|▊         | 1063/12852 [10:27<51:44,  3.80it/s]
  8%|▊         | 1064/12852 [10:27<48:30,  4.05it/s]
  8%|▊         | 1065/12852 [10:27<43:18,  4.54it/s]
  8%|▊         | 1066/12852 [10:28<43:24,  4.53it/s]
  8%|▊         | 1067/12852 [10:28<40:31,  4.85it/s]
  8%|▊         | 1068/12852 [10:28<36:16,  5.41it/s]
  8%|▊         | 1069/12852 [10:28<34:18,  5.73it/s]
  8%|▊         | 1070/12852 [10:28<32:14,  6.09it/s]
  8%|▊         | 1071/12852 [10:28<41:53,  4.69it/s]
  8%|▊         | 1072/12852 [10:29<50:24,  3.89it/s]
  8%|▊         | 1073/12852 [10:29<47:15,  4.15it/s]
  8%|▊         | 1074/12852 [10:29<51:22,  3.82it/s]
  8%|▊         | 1075/12852 [10:30<53:43,  3.65it/s]
  8%|▊         | 1076/12852 [10:30<50:09,  3.91it/s]
  8%|▊         | 1077/12852 [10:30<42:09,  4.65it/s]
  8%|▊         | 1078/12852 [10:30<36:42,  5.35it/s]
  8%|▊         | 1079/12852 [10:30<50:45,  3.87it/s]
  8%|▊         | 1080/12852 [10:31<55:26,  3.54it/s]
  8%|▊         | 1081/12852 [10:31<51:31,  3.81it/s]
  8%|▊         | 1082/12852 [10:31<54:13,  3.62it/s]
  8%|▊         | 1083/12852 [10:32<54:01,  3.63it/s]
  8%|▊         | 1084/12852 [10:32<49:24,  3.97it/s]
  8%|▊         | 1085/12852 [10:32<44:16,  4.43it/s]
  8%|▊         | 1086/12852 [10:32<38:43,  5.06it/s]
  8%|▊         | 1087/12852 [10:32<47:33,  4.12it/s]
  8%|▊         | 1088/12852 [10:33<59:25,  3.30it/s]
  8%|▊         | 1089/12852 [10:33<1:02:34,  3.13it/s]
  8%|▊         | 1090/12852 [10:34<1:04:08,  3.06it/s]
  8%|▊         | 1091/12852 [10:34<1:14:31,  2.63it/s]
  8%|▊         | 1092/12852 [10:35<1:17:13,  2.54it/s]
  9%|▊         | 1093/12852 [10:35<1:24:46,  2.31it/s]
  9%|▊         | 1094/12852 [10:36<1:26:41,  2.26it/s]
  9%|▊         | 1095/12852 [10:36<1:20:25,  2.44it/s]
  9%|▊         | 1096/12852 [10:36<1:13:27,  2.67it/s]
  9%|▊         | 1097/12852 [10:37<1:25:12,  2.30it/s]
  9%|▊         | 1098/12852 [10:37<1:30:06,  2.17it/s]
  9%|▊         | 1099/12852 [10:38<1:34:47,  2.07it/s]
  9%|▊         | 1100/12852 [10:38<1:33:46,  2.09it/s]
                                                      
{'loss': 0.0425, 'grad_norm': 6.3481669425964355, 'learning_rate': 1.8288204170557114e-05, 'epoch': 0.26}

  9%|▊         | 1100/12852 [10:38<1:33:46,  2.09it/s]
  9%|▊         | 1101/12852 [10:39<1:34:26,  2.07it/s]
  9%|▊         | 1102/12852 [10:39<1:40:20,  1.95it/s]
  9%|▊         | 1103/12852 [10:40<1:32:51,  2.11it/s]
  9%|▊         | 1104/12852 [10:40<1:37:17,  2.01it/s]
  9%|▊         | 1105/12852 [10:41<1:37:50,  2.00it/s]
  9%|▊         | 1106/12852 [10:41<1:38:13,  1.99it/s]
  9%|▊         | 1107/12852 [10:42<1:52:41,  1.74it/s]
  9%|▊         | 1108/12852 [10:43<1:51:49,  1.75it/s]
  9%|▊         | 1109/12852 [10:43<1:52:30,  1.74it/s]
  9%|▊         | 1110/12852 [10:44<1:55:35,  1.69it/s]
  9%|▊         | 1111/12852 [10:45<2:03:03,  1.59it/s]
  9%|▊         | 1112/12852 [10:45<1:58:28,  1.65it/s]
  9%|▊         | 1113/12852 [10:46<2:14:36,  1.45it/s]
  9%|▊         | 1114/12852 [10:47<2:28:20,  1.32it/s]
  9%|▊         | 1115/12852 [10:48<2:42:38,  1.20it/s]
  9%|▊         | 1116/12852 [10:49<2:39:29,  1.23it/s]
  9%|▊         | 1117/12852 [10:49<2:39:35,  1.23it/s]
  9%|▊         | 1118/12852 [10:50<2:36:00,  1.25it/s]
  9%|▊         | 1119/12852 [10:51<2:47:16,  1.17it/s]
  9%|▊         | 1120/12852 [10:52<2:51:12,  1.14it/s]
  9%|▊         | 1121/12852 [10:53<2:57:46,  1.10it/s]
  9%|▊         | 1122/12852 [10:54<3:04:20,  1.06it/s]
  9%|▊         | 1123/12852 [10:55<2:51:39,  1.14it/s]
  9%|▊         | 1124/12852 [10:56<2:39:43,  1.22it/s]
  9%|▉         | 1125/12852 [10:56<2:35:15,  1.26it/s]
  9%|▉         | 1126/12852 [10:57<2:22:35,  1.37it/s]
  9%|▉         | 1127/12852 [10:58<2:22:52,  1.37it/s]
  9%|▉         | 1128/12852 [10:58<2:12:07,  1.48it/s]
  9%|▉         | 1129/12852 [10:59<2:02:17,  1.60it/s]
  9%|▉         | 1130/12852 [10:59<2:04:11,  1.57it/s]
  9%|▉         | 1131/12852 [11:00<1:50:25,  1.77it/s]
  9%|▉         | 1132/12852 [11:00<1:45:04,  1.86it/s]
  9%|▉         | 1133/12852 [11:01<1:35:40,  2.04it/s]
  9%|▉         | 1134/12852 [11:01<1:35:06,  2.05it/s]
  9%|▉         | 1135/12852 [11:01<1:30:47,  2.15it/s]
  9%|▉         | 1136/12852 [11:02<1:34:05,  2.08it/s]
  9%|▉         | 1137/12852 [11:02<1:29:42,  2.18it/s]
  9%|▉         | 1138/12852 [11:03<1:29:30,  2.18it/s]
  9%|▉         | 1139/12852 [11:03<1:28:58,  2.19it/s]
  9%|▉         | 1140/12852 [11:04<1:34:17,  2.07it/s]
  9%|▉         | 1141/12852 [11:04<1:38:48,  1.98it/s]
  9%|▉         | 1142/12852 [11:05<1:45:55,  1.84it/s]
  9%|▉         | 1143/12852 [11:06<1:42:34,  1.90it/s]
  9%|▉         | 1144/12852 [11:06<1:38:00,  1.99it/s]
  9%|▉         | 1145/12852 [11:06<1:29:07,  2.19it/s]
  9%|▉         | 1146/12852 [11:07<1:35:09,  2.05it/s]
  9%|▉         | 1147/12852 [11:07<1:28:10,  2.21it/s]
  9%|▉         | 1148/12852 [11:08<1:19:22,  2.46it/s]
  9%|▉         | 1149/12852 [11:08<1:12:18,  2.70it/s]
  9%|▉         | 1150/12852 [11:08<1:10:05,  2.78it/s]
                                                      
{'loss': 0.0331, 'grad_norm': 1.8908673524856567, 'learning_rate': 1.8210395269218798e-05, 'epoch': 0.27}

  9%|▉         | 1150/12852 [11:08<1:10:05,  2.78it/s]
  9%|▉         | 1151/12852 [11:09<1:10:42,  2.76it/s]
  9%|▉         | 1152/12852 [11:09<1:06:30,  2.93it/s]
  9%|▉         | 1153/12852 [11:09<59:30,  3.28it/s]  
  9%|▉         | 1154/12852 [11:09<56:43,  3.44it/s]
  9%|▉         | 1155/12852 [11:10<58:23,  3.34it/s]
  9%|▉         | 1156/12852 [11:10<1:02:19,  3.13it/s]
  9%|▉         | 1157/12852 [11:10<1:06:44,  2.92it/s]
  9%|▉         | 1158/12852 [11:11<1:16:49,  2.54it/s]
  9%|▉         | 1159/12852 [11:11<1:19:31,  2.45it/s]
  9%|▉         | 1160/12852 [11:12<1:22:34,  2.36it/s]
  9%|▉         | 1161/12852 [11:12<1:22:05,  2.37it/s]
  9%|▉         | 1162/12852 [11:13<1:21:19,  2.40it/s]
  9%|▉         | 1163/12852 [11:13<1:30:21,  2.16it/s]
  9%|▉         | 1164/12852 [11:14<1:26:17,  2.26it/s]
  9%|▉         | 1165/12852 [11:14<1:26:31,  2.25it/s]
  9%|▉         | 1166/12852 [11:14<1:15:42,  2.57it/s]
  9%|▉         | 1167/12852 [11:15<1:19:39,  2.44it/s]
  9%|▉         | 1168/12852 [11:15<1:10:20,  2.77it/s]
  9%|▉         | 1169/12852 [11:15<1:02:34,  3.11it/s]
  9%|▉         | 1170/12852 [11:16<1:01:51,  3.15it/s]
  9%|▉         | 1171/12852 [11:16<55:07,  3.53it/s]  
  9%|▉         | 1172/12852 [11:16<48:06,  4.05it/s]
  9%|▉         | 1173/12852 [11:16<41:54,  4.64it/s]
  9%|▉         | 1174/12852 [11:17<58:30,  3.33it/s]
  9%|▉         | 1175/12852 [11:17<1:00:28,  3.22it/s]
  9%|▉         | 1176/12852 [11:17<57:53,  3.36it/s]  
  9%|▉         | 1177/12852 [11:18<1:01:58,  3.14it/s]
  9%|▉         | 1178/12852 [11:18<55:23,  3.51it/s]  
  9%|▉         | 1179/12852 [11:18<46:37,  4.17it/s]
  9%|▉         | 1180/12852 [11:18<40:07,  4.85it/s]
  9%|▉         | 1181/12852 [11:18<41:41,  4.67it/s]
  9%|▉         | 1182/12852 [11:19<50:56,  3.82it/s]
  9%|▉         | 1183/12852 [11:19<48:42,  3.99it/s]
  9%|▉         | 1184/12852 [11:19<41:38,  4.67it/s]
  9%|▉         | 1185/12852 [11:19<41:27,  4.69it/s]
  9%|▉         | 1186/12852 [11:19<46:08,  4.21it/s]
  9%|▉         | 1187/12852 [11:20<45:27,  4.28it/s]
  9%|▉         | 1188/12852 [11:20<39:47,  4.89it/s]
  9%|▉         | 1189/12852 [11:20<35:06,  5.54it/s]
  9%|▉         | 1190/12852 [11:20<33:52,  5.74it/s]
  9%|▉         | 1191/12852 [11:20<43:58,  4.42it/s]
  9%|▉         | 1192/12852 [11:21<45:12,  4.30it/s]
  9%|▉         | 1193/12852 [11:21<40:46,  4.77it/s]
  9%|▉         | 1194/12852 [11:21<36:03,  5.39it/s]
  9%|▉         | 1195/12852 [11:21<37:48,  5.14it/s]
  9%|▉         | 1196/12852 [11:21<42:49,  4.54it/s]
  9%|▉         | 1197/12852 [11:22<41:20,  4.70it/s]
  9%|▉         | 1198/12852 [11:22<43:19,  4.48it/s]
  9%|▉         | 1199/12852 [11:22<45:40,  4.25it/s]
  9%|▉         | 1200/12852 [11:23<1:02:23,  3.11it/s]
                                                      
{'loss': 0.0535, 'grad_norm': 7.382385730743408, 'learning_rate': 1.8132586367880488e-05, 'epoch': 0.28}

  9%|▉         | 1200/12852 [11:23<1:02:23,  3.11it/s]
  9%|▉         | 1201/12852 [11:23<1:04:08,  3.03it/s]
  9%|▉         | 1202/12852 [11:23<58:08,  3.34it/s]  
  9%|▉         | 1203/12852 [11:24<1:03:16,  3.07it/s]
  9%|▉         | 1204/12852 [11:24<1:02:58,  3.08it/s]
  9%|▉         | 1205/12852 [11:24<1:00:54,  3.19it/s]
  9%|▉         | 1206/12852 [11:25<1:08:54,  2.82it/s]
  9%|▉         | 1207/12852 [11:25<1:02:34,  3.10it/s]
  9%|▉         | 1208/12852 [11:25<56:07,  3.46it/s]  
  9%|▉         | 1209/12852 [11:26<1:02:44,  3.09it/s]
  9%|▉         | 1210/12852 [11:26<1:10:08,  2.77it/s]
  9%|▉         | 1211/12852 [11:26<1:10:15,  2.76it/s]
  9%|▉         | 1212/12852 [11:27<1:18:53,  2.46it/s]
  9%|▉         | 1213/12852 [11:27<1:12:57,  2.66it/s]
  9%|▉         | 1214/12852 [11:28<1:15:17,  2.58it/s]
  9%|▉         | 1215/12852 [11:28<1:16:50,  2.52it/s]
  9%|▉         | 1216/12852 [11:28<1:16:24,  2.54it/s]
  9%|▉         | 1217/12852 [11:29<1:25:05,  2.28it/s]
  9%|▉         | 1218/12852 [11:29<1:20:13,  2.42it/s]
  9%|▉         | 1219/12852 [11:30<1:37:11,  1.99it/s]
  9%|▉         | 1220/12852 [11:31<1:54:33,  1.69it/s]
 10%|▉         | 1221/12852 [11:31<1:58:13,  1.64it/s]
 10%|▉         | 1222/12852 [11:32<1:53:48,  1.70it/s]
 10%|▉         | 1223/12852 [11:33<1:50:17,  1.76it/s]
 10%|▉         | 1224/12852 [11:33<2:00:50,  1.60it/s]
 10%|▉         | 1225/12852 [11:34<1:55:19,  1.68it/s]
 10%|▉         | 1226/12852 [11:34<1:56:19,  1.67it/s]
 10%|▉         | 1227/12852 [11:35<1:54:16,  1.70it/s]
 10%|▉         | 1228/12852 [11:36<2:01:54,  1.59it/s]
 10%|▉         | 1229/12852 [11:36<2:09:11,  1.50it/s]
 10%|▉         | 1230/12852 [11:37<2:09:01,  1.50it/s]
 10%|▉         | 1231/12852 [11:38<2:17:44,  1.41it/s]
 10%|▉         | 1232/12852 [11:39<2:09:21,  1.50it/s]
 10%|▉         | 1233/12852 [11:39<2:01:53,  1.59it/s]
 10%|▉         | 1234/12852 [11:40<2:10:55,  1.48it/s]
 10%|▉         | 1235/12852 [11:41<2:09:03,  1.50it/s]
 10%|▉         | 1236/12852 [11:41<2:01:25,  1.59it/s]
 10%|▉         | 1237/12852 [11:42<1:56:31,  1.66it/s]
 10%|▉         | 1238/12852 [11:42<2:06:08,  1.53it/s]
 10%|▉         | 1239/12852 [11:43<1:54:02,  1.70it/s]
 10%|▉         | 1240/12852 [11:43<1:52:28,  1.72it/s]
 10%|▉         | 1241/12852 [11:44<1:40:42,  1.92it/s]
 10%|▉         | 1242/12852 [11:44<1:40:17,  1.93it/s]
 10%|▉         | 1243/12852 [11:45<1:36:10,  2.01it/s]
 10%|▉         | 1244/12852 [11:45<1:51:28,  1.74it/s]
 10%|▉         | 1245/12852 [11:46<1:46:10,  1.82it/s]
 10%|▉         | 1246/12852 [11:47<1:50:47,  1.75it/s]
 10%|▉         | 1247/12852 [11:47<1:52:06,  1.73it/s]
 10%|▉         | 1248/12852 [11:48<1:58:14,  1.64it/s]
 10%|▉         | 1249/12852 [11:49<2:22:09,  1.36it/s]
 10%|▉         | 1250/12852 [11:49<2:10:33,  1.48it/s]
                                                      
{'loss': 0.044, 'grad_norm': 0.03633948042988777, 'learning_rate': 1.8054777466542175e-05, 'epoch': 0.29}

 10%|▉         | 1250/12852 [11:49<2:10:33,  1.48it/s]
 10%|▉         | 1251/12852 [11:50<2:15:19,  1.43it/s]
 10%|▉         | 1252/12852 [11:51<2:18:36,  1.39it/s]
 10%|▉         | 1253/12852 [11:52<2:26:35,  1.32it/s]
 10%|▉         | 1254/12852 [11:53<2:26:55,  1.32it/s]
 10%|▉         | 1255/12852 [11:53<2:15:50,  1.42it/s]
 10%|▉         | 1256/12852 [11:54<2:17:33,  1.41it/s]
 10%|▉         | 1257/12852 [11:54<2:12:11,  1.46it/s]
 10%|▉         | 1258/12852 [11:55<2:00:44,  1.60it/s]
 10%|▉         | 1259/12852 [11:55<1:47:59,  1.79it/s]
 10%|▉         | 1260/12852 [11:56<1:45:06,  1.84it/s]
 10%|▉         | 1261/12852 [11:56<1:42:28,  1.89it/s]
 10%|▉         | 1262/12852 [11:57<1:44:25,  1.85it/s]
 10%|▉         | 1263/12852 [11:58<1:46:13,  1.82it/s]
 10%|▉         | 1264/12852 [11:58<1:59:55,  1.61it/s]
 10%|▉         | 1265/12852 [11:59<2:03:42,  1.56it/s]
 10%|▉         | 1266/12852 [12:00<2:05:36,  1.54it/s]
 10%|▉         | 1267/12852 [12:00<1:55:15,  1.68it/s]
 10%|▉         | 1268/12852 [12:00<1:42:03,  1.89it/s]
 10%|▉         | 1269/12852 [12:01<1:44:18,  1.85it/s]
 10%|▉         | 1270/12852 [12:02<1:46:35,  1.81it/s]
 10%|▉         | 1271/12852 [12:02<1:38:02,  1.97it/s]
 10%|▉         | 1272/12852 [12:02<1:30:38,  2.13it/s]
 10%|▉         | 1273/12852 [12:03<1:35:33,  2.02it/s]
 10%|▉         | 1274/12852 [12:03<1:30:35,  2.13it/s]
 10%|▉         | 1275/12852 [12:04<1:30:58,  2.12it/s]
 10%|▉         | 1276/12852 [12:04<1:31:24,  2.11it/s]
 10%|▉         | 1277/12852 [12:05<1:34:19,  2.05it/s]
 10%|▉         | 1278/12852 [12:06<1:43:43,  1.86it/s]
 10%|▉         | 1279/12852 [12:06<1:54:55,  1.68it/s]
 10%|▉         | 1280/12852 [12:07<1:53:21,  1.70it/s]
 10%|▉         | 1281/12852 [12:07<1:51:12,  1.73it/s]
 10%|▉         | 1282/12852 [12:08<1:46:36,  1.81it/s]
 10%|▉         | 1283/12852 [12:08<1:44:01,  1.85it/s]
 10%|▉         | 1284/12852 [12:09<1:36:38,  2.00it/s]
 10%|▉         | 1285/12852 [12:09<1:28:06,  2.19it/s]
 10%|█         | 1286/12852 [12:10<1:23:57,  2.30it/s]
 10%|█         | 1287/12852 [12:10<1:16:50,  2.51it/s]
 10%|█         | 1288/12852 [12:10<1:04:26,  2.99it/s]
 10%|█         | 1289/12852 [12:10<1:10:49,  2.72it/s]
 10%|█         | 1290/12852 [12:11<1:22:56,  2.32it/s]
 10%|█         | 1291/12852 [12:12<1:32:11,  2.09it/s]
 10%|█         | 1292/12852 [12:12<1:37:20,  1.98it/s]
 10%|█         | 1293/12852 [12:13<1:39:05,  1.94it/s]
 10%|█         | 1294/12852 [12:14<2:00:32,  1.60it/s]
 10%|█         | 1295/12852 [12:14<1:56:37,  1.65it/s]
 10%|█         | 1296/12852 [12:15<1:47:35,  1.79it/s]
 10%|█         | 1297/12852 [12:15<1:48:16,  1.78it/s]
 10%|█         | 1298/12852 [12:16<1:47:01,  1.80it/s]
 10%|█         | 1299/12852 [12:16<1:50:05,  1.75it/s]
 10%|█         | 1300/12852 [12:17<1:53:52,  1.69it/s]
                                                      
{'loss': 0.0541, 'grad_norm': 0.9023420810699463, 'learning_rate': 1.797696856520386e-05, 'epoch': 0.3}

 10%|█         | 1300/12852 [12:17<1:53:52,  1.69it/s]
 10%|█         | 1301/12852 [12:18<1:50:12,  1.75it/s]
 10%|█         | 1302/12852 [12:18<1:57:41,  1.64it/s]
 10%|█         | 1303/12852 [12:19<1:53:29,  1.70it/s]
 10%|█         | 1304/12852 [12:19<1:52:37,  1.71it/s]
 10%|█         | 1305/12852 [12:20<1:41:15,  1.90it/s]
 10%|█         | 1306/12852 [12:20<1:33:47,  2.05it/s]
 10%|█         | 1307/12852 [12:21<1:37:00,  1.98it/s]
 10%|█         | 1308/12852 [12:21<1:39:39,  1.93it/s]
 10%|█         | 1309/12852 [12:22<1:38:53,  1.95it/s]
 10%|█         | 1310/12852 [12:22<1:41:04,  1.90it/s]
 10%|█         | 1311/12852 [12:23<1:32:58,  2.07it/s]
 10%|█         | 1312/12852 [12:23<1:40:17,  1.92it/s]
 10%|█         | 1313/12852 [12:24<1:35:46,  2.01it/s]
 10%|█         | 1314/12852 [12:24<1:40:45,  1.91it/s]
 10%|█         | 1315/12852 [12:25<1:40:11,  1.92it/s]
 10%|█         | 1316/12852 [12:25<1:44:56,  1.83it/s]
 10%|█         | 1317/12852 [12:26<1:43:50,  1.85it/s]
 10%|█         | 1318/12852 [12:26<1:40:58,  1.90it/s]
 10%|█         | 1319/12852 [12:27<1:38:36,  1.95it/s]
 10%|█         | 1320/12852 [12:27<1:35:57,  2.00it/s]
 10%|█         | 1321/12852 [12:28<1:30:28,  2.12it/s]
 10%|█         | 1322/12852 [12:28<1:32:57,  2.07it/s]
 10%|█         | 1323/12852 [12:29<1:41:11,  1.90it/s]
 10%|█         | 1324/12852 [12:30<1:48:17,  1.77it/s]
 10%|█         | 1325/12852 [12:30<1:45:36,  1.82it/s]
 10%|█         | 1326/12852 [12:30<1:36:23,  1.99it/s]
 10%|█         | 1327/12852 [12:31<1:44:49,  1.83it/s]
 10%|█         | 1328/12852 [12:32<1:48:08,  1.78it/s]
 10%|█         | 1329/12852 [12:33<2:05:32,  1.53it/s]
 10%|█         | 1330/12852 [12:33<2:03:51,  1.55it/s]
 10%|█         | 1331/12852 [12:34<2:15:53,  1.41it/s]
 10%|█         | 1332/12852 [12:35<2:11:15,  1.46it/s]
 10%|█         | 1333/12852 [12:35<2:04:29,  1.54it/s]
 10%|█         | 1334/12852 [12:36<2:00:25,  1.59it/s]
 10%|█         | 1335/12852 [12:36<1:49:08,  1.76it/s]
 10%|█         | 1336/12852 [12:37<2:02:22,  1.57it/s]
 10%|█         | 1337/12852 [12:38<1:51:17,  1.72it/s]
 10%|█         | 1338/12852 [12:38<1:47:19,  1.79it/s]
 10%|█         | 1339/12852 [12:38<1:37:38,  1.97it/s]
 10%|█         | 1340/12852 [12:39<1:26:10,  2.23it/s]
 10%|█         | 1341/12852 [12:39<1:13:40,  2.60it/s]
 10%|█         | 1342/12852 [12:39<1:12:47,  2.64it/s]
 10%|█         | 1343/12852 [12:40<1:26:56,  2.21it/s]
 10%|█         | 1344/12852 [12:40<1:23:12,  2.30it/s]
 10%|█         | 1345/12852 [12:41<1:29:34,  2.14it/s]
 10%|█         | 1346/12852 [12:41<1:36:12,  1.99it/s]
 10%|█         | 1347/12852 [12:42<1:39:26,  1.93it/s]
 10%|█         | 1348/12852 [12:43<1:50:19,  1.74it/s]
 10%|█         | 1349/12852 [12:43<1:57:37,  1.63it/s]
 11%|█         | 1350/12852 [12:44<1:54:37,  1.67it/s]
                                                      
{'loss': 0.0273, 'grad_norm': 4.276989459991455, 'learning_rate': 1.789915966386555e-05, 'epoch': 0.32}

 11%|█         | 1350/12852 [12:44<1:54:37,  1.67it/s]
 11%|█         | 1351/12852 [12:45<1:50:25,  1.74it/s]
 11%|█         | 1352/12852 [12:45<1:50:54,  1.73it/s]
 11%|█         | 1353/12852 [12:45<1:37:28,  1.97it/s]
 11%|█         | 1354/12852 [12:46<1:23:52,  2.28it/s]
 11%|█         | 1355/12852 [12:46<1:20:10,  2.39it/s]
 11%|█         | 1356/12852 [12:47<1:23:15,  2.30it/s]
 11%|█         | 1357/12852 [12:47<1:22:19,  2.33it/s]
 11%|█         | 1358/12852 [12:47<1:21:56,  2.34it/s]
 11%|█         | 1359/12852 [12:48<1:22:17,  2.33it/s]
 11%|█         | 1360/12852 [12:48<1:23:16,  2.30it/s]
 11%|█         | 1361/12852 [12:49<1:25:12,  2.25it/s]
 11%|█         | 1362/12852 [12:49<1:28:02,  2.18it/s]
 11%|█         | 1363/12852 [12:50<1:30:27,  2.12it/s]
 11%|█         | 1364/12852 [12:50<1:44:21,  1.83it/s]
 11%|█         | 1365/12852 [12:51<1:39:33,  1.92it/s]
 11%|█         | 1366/12852 [12:52<1:56:59,  1.64it/s]
 11%|█         | 1367/12852 [12:53<2:07:29,  1.50it/s]
 11%|█         | 1368/12852 [12:53<2:16:20,  1.40it/s]
 11%|█         | 1369/12852 [12:54<2:29:01,  1.28it/s]
 11%|█         | 1370/12852 [12:55<2:24:24,  1.33it/s]
 11%|█         | 1371/12852 [12:56<2:23:04,  1.34it/s]
 11%|█         | 1372/12852 [12:56<2:21:52,  1.35it/s]
 11%|█         | 1373/12852 [12:57<2:21:20,  1.35it/s]
 11%|█         | 1374/12852 [12:58<2:21:46,  1.35it/s]
 11%|█         | 1375/12852 [12:59<2:29:24,  1.28it/s]
 11%|█         | 1376/12852 [13:00<2:23:19,  1.33it/s]
 11%|█         | 1377/12852 [13:00<2:14:55,  1.42it/s]
 11%|█         | 1378/12852 [13:01<2:10:52,  1.46it/s]
 11%|█         | 1379/12852 [13:01<2:13:28,  1.43it/s]
 11%|█         | 1380/12852 [13:02<1:59:09,  1.60it/s]
 11%|█         | 1381/12852 [13:03<2:07:15,  1.50it/s]
 11%|█         | 1382/12852 [13:03<1:58:02,  1.62it/s]
 11%|█         | 1383/12852 [13:04<2:05:51,  1.52it/s]
 11%|█         | 1384/12852 [13:05<2:07:28,  1.50it/s]
 11%|█         | 1385/12852 [13:05<1:58:24,  1.61it/s]
 11%|█         | 1386/12852 [13:06<2:13:46,  1.43it/s]
 11%|█         | 1387/12852 [13:07<2:12:40,  1.44it/s]
 11%|█         | 1388/12852 [13:07<2:10:37,  1.46it/s]
 11%|█         | 1389/12852 [13:08<1:59:39,  1.60it/s]
 11%|█         | 1390/12852 [13:08<1:53:12,  1.69it/s]
 11%|█         | 1391/12852 [13:09<1:42:59,  1.85it/s]
 11%|█         | 1392/12852 [13:09<1:28:12,  2.17it/s]
 11%|█         | 1393/12852 [13:09<1:22:44,  2.31it/s]
 11%|█         | 1394/12852 [13:10<1:16:40,  2.49it/s]
 11%|█         | 1395/12852 [13:10<1:04:17,  2.97it/s]
 11%|█         | 1396/12852 [13:10<52:35,  3.63it/s]  
 11%|█         | 1397/12852 [13:10<58:51,  3.24it/s]
 11%|█         | 1398/12852 [13:11<59:25,  3.21it/s]
 11%|█         | 1399/12852 [13:11<57:51,  3.30it/s]
 11%|█         | 1400/12852 [13:11<1:03:23,  3.01it/s]
                                                      
{'loss': 0.0368, 'grad_norm': 0.9457942843437195, 'learning_rate': 1.7821350762527233e-05, 'epoch': 0.33}

 11%|█         | 1400/12852 [13:11<1:03:23,  3.01it/s]
 11%|█         | 1401/12852 [13:12<1:13:10,  2.61it/s]
 11%|█         | 1402/12852 [13:13<1:21:57,  2.33it/s]
 11%|█         | 1403/12852 [13:13<1:34:27,  2.02it/s]
 11%|█         | 1404/12852 [13:14<1:31:39,  2.08it/s]
 11%|█         | 1405/12852 [13:14<1:27:22,  2.18it/s]
 11%|█         | 1406/12852 [13:14<1:14:01,  2.58it/s]
 11%|█         | 1407/12852 [13:15<1:10:39,  2.70it/s]
 11%|█         | 1408/12852 [13:15<1:10:35,  2.70it/s]
 11%|█         | 1409/12852 [13:15<59:26,  3.21it/s]  
 11%|█         | 1410/12852 [13:15<59:23,  3.21it/s]
 11%|█         | 1411/12852 [13:16<53:52,  3.54it/s]
 11%|█         | 1412/12852 [13:16<53:31,  3.56it/s]
 11%|█         | 1413/12852 [13:16<46:17,  4.12it/s]
 11%|█         | 1414/12852 [13:16<54:23,  3.50it/s]
 11%|█         | 1415/12852 [13:17<1:01:55,  3.08it/s]
 11%|█         | 1416/12852 [13:17<1:00:54,  3.13it/s]
 11%|█         | 1417/12852 [13:18<1:11:32,  2.66it/s]
 11%|█         | 1418/12852 [13:19<1:39:02,  1.92it/s]
 11%|█         | 1419/12852 [13:19<1:45:08,  1.81it/s]
 11%|█         | 1420/12852 [13:20<1:38:51,  1.93it/s]
 11%|█         | 1421/12852 [13:20<1:37:37,  1.95it/s]
 11%|█         | 1422/12852 [13:21<1:33:43,  2.03it/s]
 11%|█         | 1423/12852 [13:21<1:29:16,  2.13it/s]
 11%|█         | 1424/12852 [13:21<1:26:11,  2.21it/s]
 11%|█         | 1425/12852 [13:22<1:28:35,  2.15it/s]
 11%|█         | 1426/12852 [13:22<1:18:21,  2.43it/s]
 11%|█         | 1427/12852 [13:22<1:12:37,  2.62it/s]
 11%|█         | 1428/12852 [13:23<1:10:33,  2.70it/s]
 11%|█         | 1429/12852 [13:23<1:06:37,  2.86it/s]
 11%|█         | 1430/12852 [13:24<1:08:54,  2.76it/s]
 11%|█         | 1431/12852 [13:24<1:08:40,  2.77it/s]
 11%|█         | 1432/12852 [13:24<1:09:05,  2.75it/s]
 11%|█         | 1433/12852 [13:25<1:13:26,  2.59it/s]
 11%|█         | 1434/12852 [13:25<1:18:20,  2.43it/s]
 11%|█         | 1435/12852 [13:26<1:21:21,  2.34it/s]
 11%|█         | 1436/12852 [13:26<1:19:09,  2.40it/s]
 11%|█         | 1437/12852 [13:26<1:15:10,  2.53it/s]
 11%|█         | 1438/12852 [13:27<1:23:07,  2.29it/s]
 11%|█         | 1439/12852 [13:27<1:32:16,  2.06it/s]
 11%|█         | 1440/12852 [13:28<1:36:17,  1.98it/s]
 11%|█         | 1441/12852 [13:29<1:37:45,  1.95it/s]
 11%|█         | 1442/12852 [13:29<1:33:18,  2.04it/s]
 11%|█         | 1443/12852 [13:29<1:18:34,  2.42it/s]
 11%|█         | 1444/12852 [13:30<1:13:14,  2.60it/s]
 11%|█         | 1445/12852 [13:30<1:09:28,  2.74it/s]
 11%|█▏        | 1446/12852 [13:30<59:54,  3.17it/s]  
 11%|█▏        | 1447/12852 [13:30<1:01:07,  3.11it/s]
 11%|█▏        | 1448/12852 [13:31<52:05,  3.65it/s]  
 11%|█▏        | 1449/12852 [13:31<51:24,  3.70it/s]
 11%|█▏        | 1450/12852 [13:31<44:18,  4.29it/s]
                                                    
{'loss': 0.0378, 'grad_norm': 5.163425445556641, 'learning_rate': 1.7743541861188924e-05, 'epoch': 0.34}

 11%|█▏        | 1450/12852 [13:31<44:18,  4.29it/s]
 11%|█▏        | 1451/12852 [13:31<42:18,  4.49it/s]
 11%|█▏        | 1452/12852 [13:32<50:31,  3.76it/s]
 11%|█▏        | 1453/12852 [13:32<1:01:34,  3.09it/s]
 11%|█▏        | 1454/12852 [13:32<57:43,  3.29it/s]  
 11%|█▏        | 1455/12852 [13:33<1:16:15,  2.49it/s]
 11%|█▏        | 1456/12852 [13:33<1:16:33,  2.48it/s]
 11%|█▏        | 1457/12852 [13:34<1:22:41,  2.30it/s]
 11%|█▏        | 1458/12852 [13:34<1:30:02,  2.11it/s]
 11%|█▏        | 1459/12852 [13:35<1:43:27,  1.84it/s]
 11%|█▏        | 1460/12852 [13:36<1:38:58,  1.92it/s]
 11%|█▏        | 1461/12852 [13:36<1:42:05,  1.86it/s]
 11%|█▏        | 1462/12852 [13:37<1:42:28,  1.85it/s]
 11%|█▏        | 1463/12852 [13:37<1:29:49,  2.11it/s]
 11%|█▏        | 1464/12852 [13:37<1:17:27,  2.45it/s]
 11%|█▏        | 1465/12852 [13:38<1:13:02,  2.60it/s]
 11%|█▏        | 1466/12852 [13:38<1:08:12,  2.78it/s]
 11%|█▏        | 1467/12852 [13:38<53:56,  3.52it/s]  
 11%|█▏        | 1468/12852 [13:38<48:03,  3.95it/s]
 11%|█▏        | 1469/12852 [13:39<58:02,  3.27it/s]
 11%|█▏        | 1470/12852 [13:39<58:18,  3.25it/s]
 11%|█▏        | 1471/12852 [13:39<51:47,  3.66it/s]
 11%|█▏        | 1472/12852 [13:39<49:18,  3.85it/s]
 11%|█▏        | 1473/12852 [13:40<53:03,  3.57it/s]
 11%|█▏        | 1474/12852 [13:40<54:52,  3.46it/s]
 11%|█▏        | 1475/12852 [13:40<49:56,  3.80it/s]
 11%|█▏        | 1476/12852 [13:41<58:31,  3.24it/s]
 11%|█▏        | 1477/12852 [13:41<53:43,  3.53it/s]
 12%|█▏        | 1478/12852 [13:41<47:58,  3.95it/s]
 12%|█▏        | 1479/12852 [13:41<44:20,  4.28it/s]
 12%|█▏        | 1480/12852 [13:42<51:52,  3.65it/s]
 12%|█▏        | 1481/12852 [13:42<56:06,  3.38it/s]
 12%|█▏        | 1482/12852 [13:42<53:16,  3.56it/s]
 12%|█▏        | 1483/12852 [13:42<53:08,  3.57it/s]
 12%|█▏        | 1484/12852 [13:43<52:02,  3.64it/s]
 12%|█▏        | 1485/12852 [13:43<59:08,  3.20it/s]
 12%|█▏        | 1486/12852 [13:43<59:25,  3.19it/s]
 12%|█▏        | 1487/12852 [13:44<1:01:00,  3.10it/s]
 12%|█▏        | 1488/12852 [13:44<1:00:14,  3.14it/s]
 12%|█▏        | 1489/12852 [13:44<58:09,  3.26it/s]  
 12%|█▏        | 1490/12852 [13:45<1:21:25,  2.33it/s]
 12%|█▏        | 1491/12852 [13:46<1:51:47,  1.69it/s]
 12%|█▏        | 1492/12852 [13:47<1:58:23,  1.60it/s]
 12%|█▏        | 1493/12852 [13:47<2:01:48,  1.55it/s]
 12%|█▏        | 1494/12852 [13:48<2:00:13,  1.57it/s]
 12%|█▏        | 1495/12852 [13:48<1:49:31,  1.73it/s]
 12%|█▏        | 1496/12852 [13:49<1:42:02,  1.85it/s]
 12%|█▏        | 1497/12852 [13:49<1:39:33,  1.90it/s]
 12%|█▏        | 1498/12852 [13:50<1:41:18,  1.87it/s]
 12%|█▏        | 1499/12852 [13:51<1:48:55,  1.74it/s]
 12%|█▏        | 1500/12852 [13:51<1:49:10,  1.73it/s]
                                                      
{'loss': 0.049, 'grad_norm': 1.6678831577301025, 'learning_rate': 1.7665732959850607e-05, 'epoch': 0.35}

 12%|█▏        | 1500/12852 [13:51<1:49:10,  1.73it/s]
 12%|█▏        | 1501/12852 [13:52<1:34:42,  2.00it/s]
 12%|█▏        | 1502/12852 [13:52<1:32:00,  2.06it/s]
 12%|█▏        | 1503/12852 [13:52<1:22:03,  2.31it/s]
 12%|█▏        | 1504/12852 [13:53<1:14:33,  2.54it/s]
 12%|█▏        | 1505/12852 [13:53<1:08:36,  2.76it/s]
 12%|█▏        | 1506/12852 [13:53<54:29,  3.47it/s]  
 12%|█▏        | 1507/12852 [13:53<51:59,  3.64it/s]
 12%|█▏        | 1508/12852 [13:53<47:45,  3.96it/s]
 12%|█▏        | 1509/12852 [13:54<48:41,  3.88it/s]
 12%|█▏        | 1510/12852 [13:54<44:30,  4.25it/s]
 12%|█▏        | 1511/12852 [13:54<45:33,  4.15it/s]
 12%|█▏        | 1512/12852 [13:54<49:57,  3.78it/s]
 12%|█▏        | 1513/12852 [13:55<53:09,  3.56it/s]
 12%|█▏        | 1514/12852 [13:55<59:28,  3.18it/s]
 12%|█▏        | 1515/12852 [13:56<1:01:41,  3.06it/s]
 12%|█▏        | 1516/12852 [13:56<59:46,  3.16it/s]  
 12%|█▏        | 1517/12852 [13:56<55:14,  3.42it/s]
 12%|█▏        | 1518/12852 [13:56<1:01:39,  3.06it/s]
 12%|█▏        | 1519/12852 [13:57<1:02:14,  3.03it/s]
 12%|█▏        | 1520/12852 [13:57<1:04:58,  2.91it/s]
 12%|█▏        | 1521/12852 [13:58<1:08:40,  2.75it/s]
 12%|█▏        | 1522/12852 [13:58<1:12:14,  2.61it/s]
 12%|█▏        | 1523/12852 [13:58<1:01:26,  3.07it/s]
 12%|█▏        | 1524/12852 [13:58<55:26,  3.40it/s]  
 12%|█▏        | 1525/12852 [13:59<47:04,  4.01it/s]
 12%|█▏        | 1526/12852 [13:59<44:35,  4.23it/s]
 12%|█▏        | 1527/12852 [13:59<42:25,  4.45it/s]
 12%|█▏        | 1528/12852 [13:59<40:48,  4.62it/s]
 12%|█▏        | 1529/12852 [13:59<45:06,  4.18it/s]
 12%|█▏        | 1530/12852 [14:00<44:48,  4.21it/s]
 12%|█▏        | 1531/12852 [14:00<57:06,  3.30it/s]
 12%|█▏        | 1532/12852 [14:01<1:05:05,  2.90it/s]
 12%|█▏        | 1533/12852 [14:01<1:03:24,  2.97it/s]
 12%|█▏        | 1534/12852 [14:01<1:01:41,  3.06it/s]
 12%|█▏        | 1535/12852 [14:02<1:05:07,  2.90it/s]
 12%|█▏        | 1536/12852 [14:02<1:06:00,  2.86it/s]
 12%|█▏        | 1537/12852 [14:02<58:43,  3.21it/s]  
 12%|█▏        | 1538/12852 [14:03<1:00:45,  3.10it/s]
 12%|█▏        | 1539/12852 [14:03<54:28,  3.46it/s]  
 12%|█▏        | 1540/12852 [14:03<1:00:04,  3.14it/s]
 12%|█▏        | 1541/12852 [14:03<58:28,  3.22it/s]  
 12%|█▏        | 1542/12852 [14:04<58:28,  3.22it/s]
 12%|█▏        | 1543/12852 [14:04<54:06,  3.48it/s]
 12%|█▏        | 1544/12852 [14:04<45:32,  4.14it/s]
 12%|█▏        | 1545/12852 [14:04<52:23,  3.60it/s]
 12%|█▏        | 1546/12852 [14:05<52:54,  3.56it/s]
 12%|█▏        | 1547/12852 [14:05<1:09:04,  2.73it/s]
 12%|█▏        | 1548/12852 [14:06<1:17:14,  2.44it/s]
 12%|█▏        | 1549/12852 [14:06<1:19:32,  2.37it/s]
 12%|█▏        | 1550/12852 [14:07<1:13:23,  2.57it/s]
                                                      
{'loss': 0.0481, 'grad_norm': 1.9169124364852905, 'learning_rate': 1.7587924058512294e-05, 'epoch': 0.36}

 12%|█▏        | 1550/12852 [14:07<1:13:23,  2.57it/s]
 12%|█▏        | 1551/12852 [14:07<1:08:40,  2.74it/s]
 12%|█▏        | 1552/12852 [14:07<1:01:13,  3.08it/s]
 12%|█▏        | 1553/12852 [14:07<52:55,  3.56it/s]  
 12%|█▏        | 1554/12852 [14:08<56:11,  3.35it/s]
 12%|█▏        | 1555/12852 [14:08<50:08,  3.76it/s]
 12%|█▏        | 1556/12852 [14:08<41:32,  4.53it/s]
 12%|█▏        | 1557/12852 [14:08<37:18,  5.05it/s]
 12%|█▏        | 1558/12852 [14:08<39:45,  4.73it/s]
 12%|█▏        | 1559/12852 [14:08<35:42,  5.27it/s]
 12%|█▏        | 1560/12852 [14:09<39:49,  4.73it/s]
 12%|█▏        | 1561/12852 [14:09<52:46,  3.57it/s]
 12%|█▏        | 1562/12852 [14:10<1:04:56,  2.90it/s]
 12%|█▏        | 1563/12852 [14:10<1:15:58,  2.48it/s]
 12%|█▏        | 1564/12852 [14:11<1:24:07,  2.24it/s]
 12%|█▏        | 1565/12852 [14:11<1:24:47,  2.22it/s]
 12%|█▏        | 1566/12852 [14:12<1:38:35,  1.91it/s]
 12%|█▏        | 1567/12852 [14:13<1:51:16,  1.69it/s]
 12%|█▏        | 1568/12852 [14:13<1:52:35,  1.67it/s]
 12%|█▏        | 1569/12852 [14:14<1:54:00,  1.65it/s]
 12%|█▏        | 1570/12852 [14:14<1:51:58,  1.68it/s]
 12%|█▏        | 1571/12852 [14:15<1:40:22,  1.87it/s]
 12%|█▏        | 1572/12852 [14:15<1:25:22,  2.20it/s]
 12%|█▏        | 1573/12852 [14:15<1:14:32,  2.52it/s]
 12%|█▏        | 1574/12852 [14:16<1:00:53,  3.09it/s]
 12%|█▏        | 1575/12852 [14:16<1:00:11,  3.12it/s]
 12%|█▏        | 1576/12852 [14:16<50:57,  3.69it/s]  
 12%|█▏        | 1577/12852 [14:16<52:04,  3.61it/s]
 12%|█▏        | 1578/12852 [14:17<50:38,  3.71it/s]
 12%|█▏        | 1579/12852 [14:17<53:40,  3.50it/s]
 12%|█▏        | 1580/12852 [14:17<55:42,  3.37it/s]
 12%|█▏        | 1581/12852 [14:18<1:06:47,  2.81it/s]
 12%|█▏        | 1582/12852 [14:18<1:19:25,  2.37it/s]
 12%|█▏        | 1583/12852 [14:19<1:19:59,  2.35it/s]
 12%|█▏        | 1584/12852 [14:19<1:18:53,  2.38it/s]
 12%|█▏        | 1585/12852 [14:20<1:24:50,  2.21it/s]
 12%|█▏        | 1586/12852 [14:20<1:24:48,  2.21it/s]
 12%|█▏        | 1587/12852 [14:21<1:26:42,  2.17it/s]
 12%|█▏        | 1588/12852 [14:21<1:15:14,  2.49it/s]
 12%|█▏        | 1589/12852 [14:21<1:01:52,  3.03it/s]
 12%|█▏        | 1590/12852 [14:21<1:04:34,  2.91it/s]
 12%|█▏        | 1591/12852 [14:22<1:12:06,  2.60it/s]
 12%|█▏        | 1592/12852 [14:22<1:21:19,  2.31it/s]
 12%|█▏        | 1593/12852 [14:23<1:32:19,  2.03it/s]
 12%|█▏        | 1594/12852 [14:24<1:30:53,  2.06it/s]
 12%|█▏        | 1595/12852 [14:24<1:31:12,  2.06it/s]
 12%|█▏        | 1596/12852 [14:25<1:44:34,  1.79it/s]
 12%|█▏        | 1597/12852 [14:25<1:49:13,  1.72it/s]
 12%|█▏        | 1598/12852 [14:26<1:48:12,  1.73it/s]
 12%|█▏        | 1599/12852 [14:27<1:49:42,  1.71it/s]
 12%|█▏        | 1600/12852 [14:27<1:47:10,  1.75it/s]
                                                      
{'loss': 0.0457, 'grad_norm': 5.8696064949035645, 'learning_rate': 1.751011515717398e-05, 'epoch': 0.37}

 12%|█▏        | 1600/12852 [14:27<1:47:10,  1.75it/s]
 12%|█▏        | 1601/12852 [14:28<1:39:45,  1.88it/s]
 12%|█▏        | 1602/12852 [14:28<1:35:51,  1.96it/s]
 12%|█▏        | 1603/12852 [14:28<1:27:20,  2.15it/s]
 12%|█▏        | 1604/12852 [14:29<1:10:18,  2.67it/s]
 12%|█▏        | 1605/12852 [14:29<1:06:11,  2.83it/s]
 12%|█▏        | 1606/12852 [14:29<55:06,  3.40it/s]  
 13%|█▎        | 1607/12852 [14:29<56:03,  3.34it/s]
 13%|█▎        | 1608/12852 [14:30<1:03:45,  2.94it/s]
 13%|█▎        | 1609/12852 [14:30<1:14:02,  2.53it/s]
 13%|█▎        | 1610/12852 [14:31<1:14:30,  2.51it/s]
 13%|█▎        | 1611/12852 [14:31<1:06:39,  2.81it/s]
 13%|█▎        | 1612/12852 [14:31<58:56,  3.18it/s]  
 13%|█▎        | 1613/12852 [14:31<55:35,  3.37it/s]
 13%|█▎        | 1614/12852 [14:32<56:35,  3.31it/s]
 13%|█▎        | 1615/12852 [14:32<48:20,  3.87it/s]
 13%|█▎        | 1616/12852 [14:32<43:53,  4.27it/s]
 13%|█▎        | 1617/12852 [14:32<42:21,  4.42it/s]
 13%|█▎        | 1618/12852 [14:33<47:43,  3.92it/s]
 13%|█▎        | 1619/12852 [14:33<48:16,  3.88it/s]
 13%|█▎        | 1620/12852 [14:33<1:00:14,  3.11it/s]
 13%|█▎        | 1621/12852 [14:34<1:02:39,  2.99it/s]
 13%|█▎        | 1622/12852 [14:34<1:15:31,  2.48it/s]
 13%|█▎        | 1623/12852 [14:35<1:15:05,  2.49it/s]
 13%|█▎        | 1624/12852 [14:35<1:10:40,  2.65it/s]
 13%|█▎        | 1625/12852 [14:35<1:04:09,  2.92it/s]
 13%|█▎        | 1626/12852 [14:35<1:00:38,  3.09it/s]
 13%|█▎        | 1627/12852 [14:36<58:31,  3.20it/s]  
 13%|█▎        | 1628/12852 [14:36<48:58,  3.82it/s]
 13%|█▎        | 1629/12852 [14:36<45:05,  4.15it/s]
 13%|█▎        | 1630/12852 [14:36<52:31,  3.56it/s]
 13%|█▎        | 1631/12852 [14:37<50:17,  3.72it/s]
 13%|█▎        | 1632/12852 [14:37<56:38,  3.30it/s]
 13%|█▎        | 1633/12852 [14:38<1:03:52,  2.93it/s]
 13%|█▎        | 1634/12852 [14:38<1:11:19,  2.62it/s]
 13%|█▎        | 1635/12852 [14:38<1:07:21,  2.78it/s]
 13%|█▎        | 1636/12852 [14:39<1:13:48,  2.53it/s]
 13%|█▎        | 1637/12852 [14:39<1:22:07,  2.28it/s]
 13%|█▎        | 1638/12852 [14:40<1:25:50,  2.18it/s]
 13%|█▎        | 1639/12852 [14:40<1:31:48,  2.04it/s]
 13%|█▎        | 1640/12852 [14:41<1:30:42,  2.06it/s]
 13%|█▎        | 1641/12852 [14:41<1:33:48,  1.99it/s]
 13%|█▎        | 1642/12852 [14:42<1:32:50,  2.01it/s]
 13%|█▎        | 1643/12852 [14:42<1:30:06,  2.07it/s]
 13%|█▎        | 1644/12852 [14:43<1:33:33,  2.00it/s]
 13%|█▎        | 1645/12852 [14:43<1:33:06,  2.01it/s]
 13%|█▎        | 1646/12852 [14:44<1:36:51,  1.93it/s]
 13%|█▎        | 1647/12852 [14:44<1:32:00,  2.03it/s]
 13%|█▎        | 1648/12852 [14:45<1:38:33,  1.89it/s]
 13%|█▎        | 1649/12852 [14:46<1:51:24,  1.68it/s]
 13%|█▎        | 1650/12852 [14:46<1:49:31,  1.70it/s]
                                                      
{'loss': 0.0168, 'grad_norm': 0.019079726189374924, 'learning_rate': 1.743230625583567e-05, 'epoch': 0.39}

 13%|█▎        | 1650/12852 [14:46<1:49:31,  1.70it/s]
 13%|█▎        | 1651/12852 [14:47<1:52:29,  1.66it/s]
 13%|█▎        | 1652/12852 [14:48<1:54:06,  1.64it/s]
 13%|█▎        | 1653/12852 [14:48<1:54:04,  1.64it/s]
 13%|█▎        | 1654/12852 [14:49<1:51:12,  1.68it/s]
 13%|█▎        | 1655/12852 [14:49<1:56:50,  1.60it/s]
 13%|█▎        | 1656/12852 [14:50<1:47:54,  1.73it/s]
 13%|█▎        | 1657/12852 [14:50<1:46:34,  1.75it/s]
 13%|█▎        | 1658/12852 [14:51<1:24:08,  2.22it/s]
 13%|█▎        | 1659/12852 [14:51<1:10:21,  2.65it/s]
 13%|█▎        | 1660/12852 [14:51<56:15,  3.32it/s]  
 13%|█▎        | 1661/12852 [14:51<48:21,  3.86it/s]
 13%|█▎        | 1662/12852 [14:51<48:17,  3.86it/s]
 13%|█▎        | 1663/12852 [14:52<56:43,  3.29it/s]
 13%|█▎        | 1664/12852 [14:52<50:02,  3.73it/s]
 13%|█▎        | 1665/12852 [14:52<50:46,  3.67it/s]
 13%|█▎        | 1666/12852 [14:53<49:53,  3.74it/s]
 13%|█▎        | 1667/12852 [14:53<49:11,  3.79it/s]
 13%|█▎        | 1668/12852 [14:53<58:52,  3.17it/s]
 13%|█▎        | 1669/12852 [14:54<1:07:47,  2.75it/s]
 13%|█▎        | 1670/12852 [14:54<1:13:49,  2.52it/s]
 13%|█▎        | 1671/12852 [14:55<1:13:36,  2.53it/s]
 13%|█▎        | 1672/12852 [14:55<1:26:35,  2.15it/s]
 13%|█▎        | 1673/12852 [14:56<1:30:11,  2.07it/s]
 13%|█▎        | 1674/12852 [14:57<1:48:46,  1.71it/s]
 13%|█▎        | 1675/12852 [14:57<1:50:50,  1.68it/s]
 13%|█▎        | 1676/12852 [14:58<1:54:20,  1.63it/s]
 13%|█▎        | 1677/12852 [14:59<1:58:30,  1.57it/s]
 13%|█▎        | 1678/12852 [14:59<1:48:48,  1.71it/s]
 13%|█▎        | 1679/12852 [14:59<1:37:46,  1.90it/s]
 13%|█▎        | 1680/12852 [15:00<1:37:23,  1.91it/s]
 13%|█▎        | 1681/12852 [15:00<1:35:58,  1.94it/s]
 13%|█▎        | 1682/12852 [15:01<1:43:51,  1.79it/s]
 13%|█▎        | 1683/12852 [15:02<1:41:11,  1.84it/s]
 13%|█▎        | 1684/12852 [15:02<1:37:30,  1.91it/s]
 13%|█▎        | 1685/12852 [15:03<1:40:19,  1.86it/s]
 13%|█▎        | 1686/12852 [15:03<1:39:44,  1.87it/s]
 13%|█▎        | 1687/12852 [15:04<1:40:04,  1.86it/s]
 13%|█▎        | 1688/12852 [15:04<1:46:03,  1.75it/s]
 13%|█▎        | 1689/12852 [15:05<1:44:20,  1.78it/s]
 13%|█▎        | 1690/12852 [15:05<1:37:05,  1.92it/s]
 13%|█▎        | 1691/12852 [15:06<1:35:36,  1.95it/s]
 13%|█▎        | 1692/12852 [15:06<1:34:25,  1.97it/s]
 13%|█▎        | 1693/12852 [15:07<1:33:07,  2.00it/s]
 13%|█▎        | 1694/12852 [15:07<1:24:00,  2.21it/s]
 13%|█▎        | 1695/12852 [15:07<1:14:02,  2.51it/s]
 13%|█▎        | 1696/12852 [15:08<1:12:19,  2.57it/s]
 13%|█▎        | 1697/12852 [15:08<1:13:32,  2.53it/s]
 13%|█▎        | 1698/12852 [15:09<1:19:24,  2.34it/s]
 13%|█▎        | 1699/12852 [15:09<1:14:54,  2.48it/s]
 13%|█▎        | 1700/12852 [15:09<1:12:58,  2.55it/s]
                                                      
{'loss': 0.0397, 'grad_norm': 5.81232213973999, 'learning_rate': 1.7354497354497356e-05, 'epoch': 0.4}

 13%|█▎        | 1700/12852 [15:09<1:12:58,  2.55it/s]
 13%|█▎        | 1701/12852 [15:10<1:18:31,  2.37it/s]
 13%|█▎        | 1702/12852 [15:10<1:17:00,  2.41it/s]
 13%|█▎        | 1703/12852 [15:11<1:21:54,  2.27it/s]
 13%|█▎        | 1704/12852 [15:11<1:21:33,  2.28it/s]
 13%|█▎        | 1705/12852 [15:12<1:16:26,  2.43it/s]
 13%|█▎        | 1706/12852 [15:12<1:20:38,  2.30it/s]
 13%|█▎        | 1707/12852 [15:12<1:22:32,  2.25it/s]
 13%|█▎        | 1708/12852 [15:13<1:32:17,  2.01it/s]
 13%|█▎        | 1709/12852 [15:14<1:31:45,  2.02it/s]
 13%|█▎        | 1710/12852 [15:14<1:41:30,  1.83it/s]
 13%|█▎        | 1711/12852 [15:15<1:37:31,  1.90it/s]
 13%|█▎        | 1712/12852 [15:15<1:38:43,  1.88it/s]
 13%|█▎        | 1713/12852 [15:16<1:32:28,  2.01it/s]
 13%|█▎        | 1714/12852 [15:16<1:30:29,  2.05it/s]
 13%|█▎        | 1715/12852 [15:17<1:23:32,  2.22it/s]
 13%|█▎        | 1716/12852 [15:17<1:15:20,  2.46it/s]
 13%|█▎        | 1717/12852 [15:17<1:14:44,  2.48it/s]
 13%|█▎        | 1718/12852 [15:18<1:15:54,  2.44it/s]
 13%|█▎        | 1719/12852 [15:18<1:26:57,  2.13it/s]
 13%|█▎        | 1720/12852 [15:19<1:16:39,  2.42it/s]
 13%|█▎        | 1721/12852 [15:19<1:24:06,  2.21it/s]
 13%|█▎        | 1722/12852 [15:20<1:27:11,  2.13it/s]
 13%|█▎        | 1723/12852 [15:20<1:31:18,  2.03it/s]
 13%|█▎        | 1724/12852 [15:21<1:29:20,  2.08it/s]
 13%|█▎        | 1725/12852 [15:21<1:37:43,  1.90it/s]
 13%|█▎        | 1726/12852 [15:22<1:40:32,  1.84it/s]
 13%|█▎        | 1727/12852 [15:22<1:39:32,  1.86it/s]
 13%|█▎        | 1728/12852 [15:23<1:37:33,  1.90it/s]
 13%|█▎        | 1729/12852 [15:23<1:28:04,  2.10it/s]
 13%|█▎        | 1730/12852 [15:24<1:24:25,  2.20it/s]
 13%|█▎        | 1731/12852 [15:24<1:20:31,  2.30it/s]
 13%|█▎        | 1732/12852 [15:24<1:06:23,  2.79it/s]
 13%|█▎        | 1733/12852 [15:25<1:09:04,  2.68it/s]
 13%|█▎        | 1734/12852 [15:25<1:19:37,  2.33it/s]
 13%|█▎        | 1735/12852 [15:26<1:32:56,  1.99it/s]
 14%|█▎        | 1736/12852 [15:26<1:35:53,  1.93it/s]
 14%|█▎        | 1737/12852 [15:27<1:34:02,  1.97it/s]
 14%|█▎        | 1738/12852 [15:27<1:39:21,  1.86it/s]
 14%|█▎        | 1739/12852 [15:28<1:43:17,  1.79it/s]
 14%|█▎        | 1740/12852 [15:29<1:37:32,  1.90it/s]
 14%|█▎        | 1741/12852 [15:29<1:32:55,  1.99it/s]
 14%|█▎        | 1742/12852 [15:29<1:24:56,  2.18it/s]
 14%|█▎        | 1743/12852 [15:30<1:16:11,  2.43it/s]
 14%|█▎        | 1744/12852 [15:30<1:07:20,  2.75it/s]
 14%|█▎        | 1745/12852 [15:30<56:58,  3.25it/s]  
 14%|█▎        | 1746/12852 [15:30<54:38,  3.39it/s]
 14%|█▎        | 1747/12852 [15:31<1:00:02,  3.08it/s]
 14%|█▎        | 1748/12852 [15:31<1:04:31,  2.87it/s]
 14%|█▎        | 1749/12852 [15:32<1:15:15,  2.46it/s]
 14%|█▎        | 1750/12852 [15:32<1:26:28,  2.14it/s]
                                                      
{'loss': 0.0518, 'grad_norm': 0.28432589769363403, 'learning_rate': 1.7276688453159043e-05, 'epoch': 0.41}

 14%|█▎        | 1750/12852 [15:32<1:26:28,  2.14it/s]
 14%|█▎        | 1751/12852 [15:33<1:37:39,  1.89it/s]
 14%|█▎        | 1752/12852 [15:33<1:40:00,  1.85it/s]
 14%|█▎        | 1753/12852 [15:34<1:31:36,  2.02it/s]
 14%|█▎        | 1754/12852 [15:34<1:28:18,  2.09it/s]
 14%|█▎        | 1755/12852 [15:35<1:18:03,  2.37it/s]
 14%|█▎        | 1756/12852 [15:35<1:26:58,  2.13it/s]
 14%|█▎        | 1757/12852 [15:36<1:31:20,  2.02it/s]
 14%|█▎        | 1758/12852 [15:36<1:34:49,  1.95it/s]
 14%|█▎        | 1759/12852 [15:37<1:25:24,  2.16it/s]
 14%|█▎        | 1760/12852 [15:37<1:19:15,  2.33it/s]
 14%|█▎        | 1761/12852 [15:37<1:08:14,  2.71it/s]
 14%|█▎        | 1762/12852 [15:37<1:01:40,  3.00it/s]
 14%|█▎        | 1763/12852 [15:38<56:25,  3.28it/s]  
 14%|█▎        | 1764/12852 [15:38<52:56,  3.49it/s]
 14%|█▎        | 1765/12852 [15:38<45:40,  4.05it/s]
 14%|█▎        | 1766/12852 [15:38<48:34,  3.80it/s]
 14%|█▎        | 1767/12852 [15:39<48:45,  3.79it/s]
 14%|█▍        | 1768/12852 [15:39<1:00:58,  3.03it/s]
 14%|█▍        | 1769/12852 [15:40<1:07:54,  2.72it/s]
 14%|█▍        | 1770/12852 [15:40<1:13:02,  2.53it/s]
 14%|█▍        | 1771/12852 [15:40<1:10:25,  2.62it/s]
 14%|█▍        | 1772/12852 [15:41<1:13:18,  2.52it/s]
 14%|█▍        | 1773/12852 [15:41<1:11:33,  2.58it/s]
 14%|█▍        | 1774/12852 [15:42<1:12:36,  2.54it/s]
 14%|█▍        | 1775/12852 [15:42<1:15:40,  2.44it/s]
 14%|█▍        | 1776/12852 [15:42<1:07:12,  2.75it/s]
 14%|█▍        | 1777/12852 [15:43<59:50,  3.08it/s]  
 14%|█▍        | 1778/12852 [15:43<55:17,  3.34it/s]
 14%|█▍        | 1779/12852 [15:43<46:03,  4.01it/s]
 14%|█▍        | 1780/12852 [15:43<42:31,  4.34it/s]
 14%|█▍        | 1781/12852 [15:43<41:05,  4.49it/s]
 14%|█▍        | 1782/12852 [15:44<46:24,  3.98it/s]
 14%|█▍        | 1783/12852 [15:44<42:33,  4.34it/s]
 14%|█▍        | 1784/12852 [15:44<35:47,  5.15it/s]
 14%|█▍        | 1785/12852 [15:44<32:15,  5.72it/s]
 14%|█▍        | 1786/12852 [15:44<36:34,  5.04it/s]
 14%|█▍        | 1787/12852 [15:45<36:52,  5.00it/s]
 14%|█▍        | 1788/12852 [15:45<37:08,  4.96it/s]
 14%|█▍        | 1789/12852 [15:45<47:57,  3.84it/s]
 14%|█▍        | 1790/12852 [15:45<51:40,  3.57it/s]
 14%|█▍        | 1791/12852 [15:46<1:01:52,  2.98it/s]
 14%|█▍        | 1792/12852 [15:46<1:11:12,  2.59it/s]
 14%|█▍        | 1793/12852 [15:47<1:18:06,  2.36it/s]
 14%|█▍        | 1794/12852 [15:47<1:22:30,  2.23it/s]
 14%|█▍        | 1795/12852 [15:48<1:21:07,  2.27it/s]
 14%|█▍        | 1796/12852 [15:48<1:30:01,  2.05it/s]
 14%|█▍        | 1797/12852 [15:49<1:36:11,  1.92it/s]
 14%|█▍        | 1798/12852 [15:50<1:34:31,  1.95it/s]
 14%|█▍        | 1799/12852 [15:50<1:29:52,  2.05it/s]
 14%|█▍        | 1800/12852 [15:50<1:15:09,  2.45it/s]
                                                      
{'loss': 0.0505, 'grad_norm': 0.012973509728908539, 'learning_rate': 1.719887955182073e-05, 'epoch': 0.42}

 14%|█▍        | 1800/12852 [15:50<1:15:09,  2.45it/s]
 14%|█▍        | 1801/12852 [15:51<1:13:30,  2.51it/s]
 14%|█▍        | 1802/12852 [15:51<1:04:57,  2.83it/s]
 14%|█▍        | 1803/12852 [15:51<1:00:20,  3.05it/s]
 14%|█▍        | 1804/12852 [15:51<58:41,  3.14it/s]  
 14%|█▍        | 1805/12852 [15:52<1:01:55,  2.97it/s]
 14%|█▍        | 1806/12852 [15:52<53:43,  3.43it/s]  
 14%|█▍        | 1807/12852 [15:52<47:05,  3.91it/s]
 14%|█▍        | 1808/12852 [15:52<48:59,  3.76it/s]
 14%|█▍        | 1809/12852 [15:53<46:25,  3.96it/s]
 14%|█▍        | 1810/12852 [15:53<44:21,  4.15it/s]
 14%|█▍        | 1811/12852 [15:53<40:23,  4.56it/s]
 14%|█▍        | 1812/12852 [15:53<40:06,  4.59it/s]
 14%|█▍        | 1813/12852 [15:54<50:56,  3.61it/s]
 14%|█▍        | 1814/12852 [15:54<1:02:48,  2.93it/s]
 14%|█▍        | 1815/12852 [15:55<1:14:23,  2.47it/s]
 14%|█▍        | 1816/12852 [15:55<1:32:50,  1.98it/s]
 14%|█▍        | 1817/12852 [15:56<1:33:37,  1.96it/s]
 14%|█▍        | 1818/12852 [15:56<1:32:41,  1.98it/s]
 14%|█▍        | 1819/12852 [15:57<1:33:42,  1.96it/s]
 14%|█▍        | 1820/12852 [15:57<1:28:17,  2.08it/s]
 14%|█▍        | 1821/12852 [15:58<1:30:59,  2.02it/s]
 14%|█▍        | 1822/12852 [15:58<1:16:32,  2.40it/s]
 14%|█▍        | 1823/12852 [15:58<1:10:25,  2.61it/s]
 14%|█▍        | 1824/12852 [15:59<1:07:21,  2.73it/s]
 14%|█▍        | 1825/12852 [15:59<1:10:33,  2.60it/s]
 14%|█▍        | 1826/12852 [15:59<1:04:33,  2.85it/s]
 14%|█▍        | 1827/12852 [16:00<1:10:22,  2.61it/s]
 14%|█▍        | 1828/12852 [16:00<1:03:22,  2.90it/s]
 14%|█▍        | 1829/12852 [16:01<1:07:03,  2.74it/s]
 14%|█▍        | 1830/12852 [16:01<1:01:12,  3.00it/s]
 14%|█▍        | 1831/12852 [16:01<50:38,  3.63it/s]  
 14%|█▍        | 1832/12852 [16:01<46:19,  3.97it/s]
 14%|█▍        | 1833/12852 [16:02<52:21,  3.51it/s]
 14%|█▍        | 1834/12852 [16:02<1:07:10,  2.73it/s]
 14%|█▍        | 1835/12852 [16:03<1:13:02,  2.51it/s]
 14%|█▍        | 1836/12852 [16:03<1:20:33,  2.28it/s]
 14%|█▍        | 1837/12852 [16:04<1:24:11,  2.18it/s]
 14%|█▍        | 1838/12852 [16:04<1:26:36,  2.12it/s]
 14%|█▍        | 1839/12852 [16:05<1:30:41,  2.02it/s]
 14%|█▍        | 1840/12852 [16:05<1:44:16,  1.76it/s]
 14%|█▍        | 1841/12852 [16:06<1:44:15,  1.76it/s]
 14%|█▍        | 1842/12852 [16:07<1:56:00,  1.58it/s]
 14%|█▍        | 1843/12852 [16:08<2:07:54,  1.43it/s]
 14%|█▍        | 1844/12852 [16:08<1:58:54,  1.54it/s]
 14%|█▍        | 1845/12852 [16:09<1:50:43,  1.66it/s]
 14%|█▍        | 1846/12852 [16:09<1:42:37,  1.79it/s]
 14%|█▍        | 1847/12852 [16:10<1:34:59,  1.93it/s]
 14%|█▍        | 1848/12852 [16:10<1:34:30,  1.94it/s]
 14%|█▍        | 1849/12852 [16:10<1:23:43,  2.19it/s]
 14%|█▍        | 1850/12852 [16:11<1:25:09,  2.15it/s]
                                                      
{'loss': 0.0073, 'grad_norm': 0.008694219402968884, 'learning_rate': 1.7121070650482417e-05, 'epoch': 0.43}

 14%|█▍        | 1850/12852 [16:11<1:25:09,  2.15it/s]
 14%|█▍        | 1851/12852 [16:11<1:33:19,  1.96it/s]
 14%|█▍        | 1852/12852 [16:12<1:36:36,  1.90it/s]
 14%|█▍        | 1853/12852 [16:12<1:31:52,  2.00it/s]
 14%|█▍        | 1854/12852 [16:13<1:30:12,  2.03it/s]
 14%|█▍        | 1855/12852 [16:13<1:28:53,  2.06it/s]
 14%|█▍        | 1856/12852 [16:14<1:28:51,  2.06it/s]
 14%|█▍        | 1857/12852 [16:15<1:40:25,  1.82it/s]
 14%|█▍        | 1858/12852 [16:15<1:43:28,  1.77it/s]
 14%|█▍        | 1859/12852 [16:16<1:45:48,  1.73it/s]
 14%|█▍        | 1860/12852 [16:16<1:47:58,  1.70it/s]
 14%|█▍        | 1861/12852 [16:17<1:42:47,  1.78it/s]
 14%|█▍        | 1862/12852 [16:17<1:32:43,  1.98it/s]
 14%|█▍        | 1863/12852 [16:18<1:25:54,  2.13it/s]
 15%|█▍        | 1864/12852 [16:18<1:20:50,  2.27it/s]
 15%|█▍        | 1865/12852 [16:18<1:17:53,  2.35it/s]
 15%|█▍        | 1866/12852 [16:19<1:13:06,  2.50it/s]
 15%|█▍        | 1867/12852 [16:19<1:09:07,  2.65it/s]
 15%|█▍        | 1868/12852 [16:19<1:01:36,  2.97it/s]
 15%|█▍        | 1869/12852 [16:20<1:01:31,  2.98it/s]
 15%|█▍        | 1870/12852 [16:20<55:59,  3.27it/s]  
 15%|█▍        | 1871/12852 [16:20<48:06,  3.80it/s]
 15%|█▍        | 1872/12852 [16:20<51:45,  3.54it/s]
 15%|█▍        | 1873/12852 [16:21<56:19,  3.25it/s]
 15%|█▍        | 1874/12852 [16:21<1:02:24,  2.93it/s]
 15%|█▍        | 1875/12852 [16:22<1:02:45,  2.92it/s]
 15%|█▍        | 1876/12852 [16:22<1:08:57,  2.65it/s]
 15%|█▍        | 1877/12852 [16:22<1:03:45,  2.87it/s]
 15%|█▍        | 1878/12852 [16:23<1:08:11,  2.68it/s]
 15%|█▍        | 1879/12852 [16:23<1:07:53,  2.69it/s]
 15%|█▍        | 1880/12852 [16:23<1:10:35,  2.59it/s]
 15%|█▍        | 1881/12852 [16:24<1:16:35,  2.39it/s]
 15%|█▍        | 1882/12852 [16:24<1:14:10,  2.46it/s]
 15%|█▍        | 1883/12852 [16:25<1:09:08,  2.64it/s]
 15%|█▍        | 1884/12852 [16:25<1:10:30,  2.59it/s]
 15%|█▍        | 1885/12852 [16:25<1:03:32,  2.88it/s]
 15%|█▍        | 1886/12852 [16:26<1:01:54,  2.95it/s]
 15%|█▍        | 1887/12852 [16:26<1:07:51,  2.69it/s]
 15%|█▍        | 1888/12852 [16:26<1:05:23,  2.79it/s]
 15%|█▍        | 1889/12852 [16:27<1:04:06,  2.85it/s]
 15%|█▍        | 1890/12852 [16:27<58:41,  3.11it/s]  
 15%|█▍        | 1891/12852 [16:27<51:45,  3.53it/s]
 15%|█▍        | 1892/12852 [16:27<48:54,  3.74it/s]
 15%|█▍        | 1893/12852 [16:28<50:50,  3.59it/s]
 15%|█▍        | 1894/12852 [16:28<46:12,  3.95it/s]
 15%|█▍        | 1895/12852 [16:28<41:54,  4.36it/s]
 15%|█▍        | 1896/12852 [16:28<44:19,  4.12it/s]
 15%|█▍        | 1897/12852 [16:29<44:10,  4.13it/s]
 15%|█▍        | 1898/12852 [16:29<46:59,  3.88it/s]
 15%|█▍        | 1899/12852 [16:29<44:50,  4.07it/s]
 15%|█▍        | 1900/12852 [16:29<41:53,  4.36it/s]
                                                    
{'loss': 0.0587, 'grad_norm': 0.01810247264802456, 'learning_rate': 1.7043261749144104e-05, 'epoch': 0.44}

 15%|█▍        | 1900/12852 [16:29<41:53,  4.36it/s]
 15%|█▍        | 1901/12852 [16:30<52:15,  3.49it/s]
 15%|█▍        | 1902/12852 [16:30<44:15,  4.12it/s]
 15%|█▍        | 1903/12852 [16:30<37:59,  4.80it/s]
 15%|█▍        | 1904/12852 [16:30<39:42,  4.59it/s]
 15%|█▍        | 1905/12852 [16:31<47:37,  3.83it/s]
 15%|█▍        | 1906/12852 [16:31<55:01,  3.32it/s]
 15%|█▍        | 1907/12852 [16:32<1:05:01,  2.81it/s]
 15%|█▍        | 1908/12852 [16:32<1:12:57,  2.50it/s]
 15%|█▍        | 1909/12852 [16:33<1:19:33,  2.29it/s]
 15%|█▍        | 1910/12852 [16:33<1:28:13,  2.07it/s]
 15%|█▍        | 1911/12852 [16:34<1:30:43,  2.01it/s]
 15%|█▍        | 1912/12852 [16:34<1:35:29,  1.91it/s]
 15%|█▍        | 1913/12852 [16:35<1:32:52,  1.96it/s]
 15%|█▍        | 1914/12852 [16:35<1:19:51,  2.28it/s]
 15%|█▍        | 1915/12852 [16:35<1:09:50,  2.61it/s]
 15%|█▍        | 1916/12852 [16:36<1:09:05,  2.64it/s]
 15%|█▍        | 1917/12852 [16:36<1:07:18,  2.71it/s]
 15%|█▍        | 1918/12852 [16:36<53:33,  3.40it/s]  
 15%|█▍        | 1919/12852 [16:36<59:48,  3.05it/s]
 15%|█▍        | 1920/12852 [16:37<1:06:11,  2.75it/s]
 15%|█▍        | 1921/12852 [16:37<1:06:02,  2.76it/s]
 15%|█▍        | 1922/12852 [16:38<1:07:28,  2.70it/s]
 15%|█▍        | 1923/12852 [16:38<1:03:06,  2.89it/s]
 15%|█▍        | 1924/12852 [16:38<52:38,  3.46it/s]  
 15%|█▍        | 1925/12852 [16:38<54:38,  3.33it/s]
 15%|█▍        | 1926/12852 [16:39<46:05,  3.95it/s]
 15%|█▍        | 1927/12852 [16:39<42:20,  4.30it/s]
 15%|█▌        | 1928/12852 [16:39<38:47,  4.69it/s]
 15%|█▌        | 1929/12852 [16:39<37:22,  4.87it/s]
 15%|█▌        | 1930/12852 [16:39<35:07,  5.18it/s]
 15%|█▌        | 1931/12852 [16:40<38:20,  4.75it/s]
 15%|█▌        | 1932/12852 [16:40<45:32,  4.00it/s]
 15%|█▌        | 1933/12852 [16:40<41:28,  4.39it/s]
 15%|█▌        | 1934/12852 [16:40<42:38,  4.27it/s]
 15%|█▌        | 1935/12852 [16:41<50:08,  3.63it/s]
 15%|█▌        | 1936/12852 [16:41<55:54,  3.25it/s]
 15%|█▌        | 1937/12852 [16:41<56:45,  3.20it/s]
 15%|█▌        | 1938/12852 [16:42<1:05:55,  2.76it/s]
 15%|█▌        | 1939/12852 [16:42<1:17:10,  2.36it/s]
 15%|█▌        | 1940/12852 [16:43<1:16:14,  2.39it/s]
 15%|█▌        | 1941/12852 [16:44<1:32:28,  1.97it/s]
 15%|█▌        | 1942/12852 [16:44<1:37:42,  1.86it/s]
 15%|█▌        | 1943/12852 [16:45<1:52:00,  1.62it/s]
 15%|█▌        | 1944/12852 [16:46<1:50:26,  1.65it/s]
 15%|█▌        | 1945/12852 [16:46<1:47:10,  1.70it/s]
 15%|█▌        | 1946/12852 [16:47<1:46:02,  1.71it/s]
 15%|█▌        | 1947/12852 [16:47<1:35:57,  1.89it/s]
 15%|█▌        | 1948/12852 [16:48<1:35:16,  1.91it/s]
 15%|█▌        | 1949/12852 [16:48<1:29:45,  2.02it/s]
 15%|█▌        | 1950/12852 [16:48<1:17:47,  2.34it/s]
                                                      
{'loss': 0.0257, 'grad_norm': 0.38684630393981934, 'learning_rate': 1.696545284780579e-05, 'epoch': 0.46}

 15%|█▌        | 1950/12852 [16:48<1:17:47,  2.34it/s]
 15%|█▌        | 1951/12852 [16:49<1:06:31,  2.73it/s]
 15%|█▌        | 1952/12852 [16:49<1:01:20,  2.96it/s]
 15%|█▌        | 1953/12852 [16:49<54:39,  3.32it/s]  
 15%|█▌        | 1954/12852 [16:49<50:33,  3.59it/s]
 15%|█▌        | 1955/12852 [16:49<47:20,  3.84it/s]
 15%|█▌        | 1956/12852 [16:50<50:18,  3.61it/s]
 15%|█▌        | 1957/12852 [16:50<54:25,  3.34it/s]
 15%|█▌        | 1958/12852 [16:50<52:27,  3.46it/s]
 15%|█▌        | 1959/12852 [16:51<1:01:30,  2.95it/s]
 15%|█▌        | 1960/12852 [16:51<1:02:04,  2.92it/s]
 15%|█▌        | 1961/12852 [16:51<58:07,  3.12it/s]  
 15%|█▌        | 1962/12852 [16:52<58:36,  3.10it/s]
 15%|█▌        | 1963/12852 [16:52<49:08,  3.69it/s]
 15%|█▌        | 1964/12852 [16:52<45:08,  4.02it/s]
 15%|█▌        | 1965/12852 [16:52<44:35,  4.07it/s]
 15%|█▌        | 1966/12852 [16:53<42:45,  4.24it/s]
 15%|█▌        | 1967/12852 [16:53<42:37,  4.26it/s]
 15%|█▌        | 1968/12852 [16:53<45:04,  4.02it/s]
 15%|█▌        | 1969/12852 [16:53<43:29,  4.17it/s]
 15%|█▌        | 1970/12852 [16:54<41:33,  4.36it/s]
 15%|█▌        | 1971/12852 [16:54<47:19,  3.83it/s]
 15%|█▌        | 1972/12852 [16:54<41:38,  4.36it/s]
 15%|█▌        | 1973/12852 [16:54<36:30,  4.97it/s]
 15%|█▌        | 1974/12852 [16:54<44:57,  4.03it/s]
 15%|█▌        | 1975/12852 [16:55<48:12,  3.76it/s]
 15%|█▌        | 1976/12852 [16:55<53:33,  3.38it/s]
 15%|█▌        | 1977/12852 [16:55<54:05,  3.35it/s]
 15%|█▌        | 1978/12852 [16:56<57:39,  3.14it/s]
 15%|█▌        | 1979/12852 [16:56<50:15,  3.61it/s]
 15%|█▌        | 1980/12852 [16:56<47:58,  3.78it/s]
 15%|█▌        | 1981/12852 [16:57<53:00,  3.42it/s]
 15%|█▌        | 1982/12852 [16:57<52:08,  3.47it/s]
 15%|█▌        | 1983/12852 [16:57<44:17,  4.09it/s]
 15%|█▌        | 1984/12852 [16:57<44:04,  4.11it/s]
 15%|█▌        | 1985/12852 [16:58<51:43,  3.50it/s]
 15%|█▌        | 1986/12852 [16:58<55:54,  3.24it/s]
 15%|█▌        | 1987/12852 [16:58<46:37,  3.88it/s]
 15%|█▌        | 1988/12852 [16:58<48:01,  3.77it/s]
 15%|█▌        | 1989/12852 [16:59<43:44,  4.14it/s]
 15%|█▌        | 1990/12852 [16:59<40:32,  4.47it/s]
 15%|█▌        | 1991/12852 [16:59<38:04,  4.76it/s]
 15%|█▌        | 1992/12852 [16:59<38:31,  4.70it/s]
 16%|█▌        | 1993/12852 [17:00<50:32,  3.58it/s]
 16%|█▌        | 1994/12852 [17:00<1:01:39,  2.94it/s]
 16%|█▌        | 1995/12852 [17:01<1:04:34,  2.80it/s]
 16%|█▌        | 1996/12852 [17:01<1:06:41,  2.71it/s]
 16%|█▌        | 1997/12852 [17:01<59:30,  3.04it/s]  
 16%|█▌        | 1998/12852 [17:02<1:01:58,  2.92it/s]
 16%|█▌        | 1999/12852 [17:02<1:10:54,  2.55it/s]
 16%|█▌        | 2000/12852 [17:02<1:14:12,  2.44it/s]
                                                      
{'loss': 0.0405, 'grad_norm': 2.135423421859741, 'learning_rate': 1.6887643946467478e-05, 'epoch': 0.47}

 16%|█▌        | 2000/12852 [17:02<1:14:12,  2.44it/s]
 16%|█▌        | 2001/12852 [17:03<1:16:23,  2.37it/s]
 16%|█▌        | 2002/12852 [17:03<1:14:47,  2.42it/s]
 16%|█▌        | 2003/12852 [17:04<1:18:43,  2.30it/s]
 16%|█▌        | 2004/12852 [17:04<1:15:38,  2.39it/s]
 16%|█▌        | 2005/12852 [17:05<1:11:30,  2.53it/s]
 16%|█▌        | 2006/12852 [17:05<1:11:03,  2.54it/s]
 16%|█▌        | 2007/12852 [17:05<1:10:06,  2.58it/s]
 16%|█▌        | 2008/12852 [17:06<1:09:40,  2.59it/s]
 16%|█▌        | 2009/12852 [17:06<1:04:42,  2.79it/s]
 16%|█▌        | 2010/12852 [17:06<53:17,  3.39it/s]  
 16%|█▌        | 2011/12852 [17:07<1:00:13,  3.00it/s]
 16%|█▌        | 2012/12852 [17:07<56:08,  3.22it/s]  
 16%|█▌        | 2013/12852 [17:07<55:44,  3.24it/s]
 16%|█▌        | 2014/12852 [17:08<1:06:33,  2.71it/s]
 16%|█▌        | 2015/12852 [17:08<1:20:58,  2.23it/s]
 16%|█▌        | 2016/12852 [17:09<1:26:24,  2.09it/s]
 16%|█▌        | 2017/12852 [17:09<1:35:27,  1.89it/s]
 16%|█▌        | 2018/12852 [17:10<1:42:07,  1.77it/s]
 16%|█▌        | 2019/12852 [17:11<1:37:34,  1.85it/s]
 16%|█▌        | 2020/12852 [17:11<1:51:16,  1.62it/s]
 16%|█▌        | 2021/12852 [17:12<1:48:37,  1.66it/s]
 16%|█▌        | 2022/12852 [17:12<1:45:51,  1.71it/s]
 16%|█▌        | 2023/12852 [17:13<1:38:06,  1.84it/s]
 16%|█▌        | 2024/12852 [17:13<1:23:11,  2.17it/s]
 16%|█▌        | 2025/12852 [17:14<1:15:30,  2.39it/s]
 16%|█▌        | 2026/12852 [17:14<1:05:12,  2.77it/s]
 16%|█▌        | 2027/12852 [17:14<53:59,  3.34it/s]  
 16%|█▌        | 2028/12852 [17:14<47:25,  3.80it/s]
 16%|█▌        | 2029/12852 [17:14<52:03,  3.46it/s]
 16%|█▌        | 2030/12852 [17:15<57:02,  3.16it/s]
 16%|█▌        | 2031/12852 [17:15<1:02:50,  2.87it/s]
 16%|█▌        | 2032/12852 [17:16<1:02:43,  2.88it/s]
 16%|█▌        | 2033/12852 [17:16<1:07:14,  2.68it/s]
 16%|█▌        | 2034/12852 [17:16<1:13:14,  2.46it/s]
 16%|█▌        | 2035/12852 [17:17<1:18:20,  2.30it/s]
 16%|█▌        | 2036/12852 [17:18<1:24:15,  2.14it/s]
 16%|█▌        | 2037/12852 [17:18<1:28:03,  2.05it/s]
 16%|█▌        | 2038/12852 [17:18<1:19:39,  2.26it/s]
 16%|█▌        | 2039/12852 [17:19<1:17:37,  2.32it/s]
 16%|█▌        | 2040/12852 [17:19<1:18:46,  2.29it/s]
 16%|█▌        | 2041/12852 [17:20<1:15:52,  2.37it/s]
 16%|█▌        | 2042/12852 [17:20<1:17:46,  2.32it/s]
 16%|█▌        | 2043/12852 [17:20<1:14:24,  2.42it/s]
 16%|█▌        | 2044/12852 [17:21<1:06:57,  2.69it/s]
 16%|█▌        | 2045/12852 [17:21<1:04:32,  2.79it/s]
 16%|█▌        | 2046/12852 [17:22<1:08:13,  2.64it/s]
 16%|█▌        | 2047/12852 [17:22<1:08:26,  2.63it/s]
 16%|█▌        | 2048/12852 [17:22<1:11:32,  2.52it/s]
 16%|█▌        | 2049/12852 [17:23<1:08:18,  2.64it/s]
 16%|█▌        | 2050/12852 [17:23<1:00:29,  2.98it/s]
                                                      
{'loss': 0.0331, 'grad_norm': 0.7667707204818726, 'learning_rate': 1.6809835045129165e-05, 'epoch': 0.48}

 16%|█▌        | 2050/12852 [17:23<1:00:29,  2.98it/s]
